id,sender_id,message,timestamp
1,2108307822528877,BaÃ£n oÃõi baÃ£n coÃÅ nhieÃ£ÃÇt keÃÇÃÅ ƒëo traÃÅn ƒëieÃ£ÃÇn tuÃõÃâ ko aÃ£,2020-07-17 08:15:44
2,3128674130546062,/start_conversation,2020-07-17 06:01:53
2,3128674130546062,"https://scontent.xx.fbcdn.net/v/t1.15752-9/109808952_319928749034098_6002254674412609877_n.jpg?_nc_cat=105&_nc_sid=b96e70&_nc_ohc=tb4fOFlAPY8AX82RyNo&_nc_ad=z-m&_nc_cid=0&_nc_ht=scontent.xx&oh=677ffb2a4686def5d3a0487e333f1171&oe=5F3861EB
Xin gi√°",2020-07-17 06:02:11
3,3456546857697339,B√™n m√¨nh c√≤n gh·∫ø ƒÉn d·∫∑m mastela 1015 hok ·∫°,2020-07-17 03:45:18
4,1248028105297782,B c√≥ m√°y h√∫t s·ªØa k,2020-07-17 03:36:45
5,2561372567207548,shop ∆°i m√°y gi·∫∑t doux gi√° bnhieu ·∫°,2020-07-17 03:23:50
6,3211644028911242,/start_conversation,2020-07-16 19:38:00
6,3211644028911242,B√™n b c√≥ m√°y ti·ªát tr√πng uv k,2020-07-16 19:38:17
7,2715998175167205,/start_conversation,2020-07-16 15:00:37
7,2715998175167205,Shop ∆°i c√≤n thanh ƒëo chi·ªÅu cao g·∫Øn t∆∞·ªùng k ·∫°,2020-07-16 15:00:59
8,3263316977059266,/start_conversation,2020-07-16 14:49:44
8,3263316977059266,B√™n m√¨nh c√≥ nh·ªØng lo·∫°i m√°y ti·ªát tr√πng v√† s·∫•y kh√¥ n√†o v·∫≠y ·∫°,2020-07-16 14:50:19
8,3263316977059266,Cho e xem m·∫´u v√† gi√°,2020-07-16 14:50:29
9,4088496337892440,/start_conversation,2020-07-16 11:53:44
9,4088496337892440,Shop c√≥ xe ƒë·∫©y tomorrow k ·∫°,2020-07-16 11:54:05
10,3829916210357448,/start_conversation,2020-07-16 11:49:13
11,2102264593212687,B ∆°i b√™n b c√≤n vali k√©o ko ·∫°?,2020-07-16 10:08:29
12,3612095002204156,/start_conversation,2020-07-16 08:45:08
12,3612095002204156,b·∫°n ∆°i shop m√¨nh c√≤n th·ªè combi k?,2020-07-16 08:45:26
13,2653299131407620,/start_conversation,2020-07-16 07:14:25
13,2653299131407620,E oi! E c√≥ b√°n h·ªôp ph√¢n chia s·ªØa cho b√© hok e,2020-07-16 07:15:01
14,1349597188394464,"https://scontent.xx.fbcdn.net/v/t1.15752-9/107736157_820918791772983_8930018655708392204_n.jpg?_nc_cat=104&_nc_sid=b96e70&_nc_ad=z-m&_nc_cid=0&_nc_ht=scontent.xx&oh=a8436a138528adc6e0ca20519c836147&oe=5F3491A7
Gi√° sao v·∫≠y shop?",2020-07-16 07:06:27
15,2587685934631823,Em ∆°i,2020-07-16 02:52:11
15,2587685934631823,https://scontent.xx.fbcdn.net/v/t1.15752-9/110315400_598963414087656_3324352466975335834_n.jpg?_nc_cat=106&_nc_sid=b96e70&_nc_ad=z-m&_nc_cid=0&_nc_ht=scontent.xx&oh=e236cb894aaab411c735552e379b8871&oe=5F3370B1,2020-07-16 02:52:26
15,2587685934631823,Ch·ªã mu·ªën mua th·∫£m n√†y,2020-07-16 02:52:36
15,2587685934631823,Ch·ªã mu·ªën mua th·∫£m silicon,2020-07-16 02:53:53
16,3678073235555578,/start_conversation,2020-07-15 10:50:02
16,3678073235555578,Shop c√≥ √°o r·∫£nh tay v·∫Øt s·ªØa k,2020-07-15 10:51:21
17,1387700178009714,Ch·ªã ∆°i ch·ªã. C√≥ xe ƒë·∫©y du l·ªãch g·∫•p g·ªçn cho b√© 4 tu·ªïi ko ·∫°,2020-07-15 10:26:25
18,3204269399666464,/start_conversation,2020-07-15 10:15:19
18,3204269399666464,"b√™n b·∫°n c√≥ xe ƒë·∫©y aprica
krooon ko
thanks",2020-07-15 10:15:39
19,1736701009735895,Xe ƒë·∫©y popin gi√° bn v·∫≠y shop,2020-07-15 09:20:28
19,1736701009735895,"/confirm_attribute_value{""brand"": ""NULL_2""}",2020-07-15 09:20:49
19,1736701009735895,Circle,2020-07-15 09:21:48
20,2469474649841985,"Ch·ªã ∆°i! Ship e xe B-Beko nh√©
https://scontent.xx.fbcdn.net/v/t1.15752-9/108144137_1208207442863587_6863789167673852467_n.jpg?_nc_cat=101&_nc_sid=b96e70&_nc_ohc=m8xlGaFaLYwAX-nV0tX&_nc_ad=z-m&_nc_cid=0&_nc_ht=scontent.xx&oh=d62cce7f204e64b95fc86bc5031477c6&oe=5F3567D9",2020-07-15 09:19:19
20,2469474649841985,"Th·∫°ch tr·ª• t√¢y,  ƒê·ª©c l√¢n, m·ªô ƒë·ª©c, qu·∫£ng ng√£i 
0983065676",2020-07-15 09:19:59
21,3299279903436005,/start_conversation,2020-07-15 08:08:29
21,3299279903436005,b ∆°i cho m xin gi√° thanh ch·∫Øn umoo √£m√¨ v√† √¢m,2020-07-15 08:08:53
21,3299279903436005,"/confirm_object_type{""object_type"": ""thanh_chan_giuong""}",2020-07-15 08:09:00
21,3299279903436005,1m8 v√† 2m,2020-07-15 08:09:05
21,3299279903436005,c√°i n√†y nh√† c ko c√≥ d√°t gi∆∞·ªùng th√¨ ko v√≠t ƒëc,2020-07-15 08:10:18
21,3299279903436005,ƒë·∫∑t ƒë·ªám l√™n thanh ch·ªØ L th√¥i c√≥ gi·ªØ ƒëc ko e nh·ªâ,2020-07-15 08:10:30
22,2977452425685758,/start_conversation,2020-07-15 08:02:21
22,2977452425685758,"https://scontent.xx.fbcdn.net/v/t1.15752-9/107609523_378318633140895_1985549523274378275_n.jpg?_nc_cat=101&_nc_sid=b96e70&_nc_ohc=TEfxbhqsJycAX8s6nUj&_nc_ad=z-m&_nc_cid=0&_nc_ht=scontent.xx&oh=82ba29da1cf711febc98150e03a8a8a3&oe=5F347BA8
B√°o gi√° m b·∫°n ∆°i",2020-07-15 08:02:38
22,2977452425685758,"/disagree{""object_type"": null}",2020-07-15 08:03:14
22,2977452425685758,N√≥ ƒë√¢y,2020-07-15 08:04:22
23,2596384490479200,/greet,2020-07-12 15:45:22
23,2596384490479200,/greet,2020-07-12 15:52:29
23,2596384490479200,hi,2020-07-12 15:53:21
24,2596384490479200,/greet,2020-07-15 08:02:16
25,1692282900815983,B√™n m√¨nh c√≥ gh·∫ø g·ªôi ƒë·∫ßu cho b√© 4 tu·ªïi k ·∫°,2020-07-15 08:01:22
26,2693208447445324,T∆∞ v·∫•n gi√∫p m xe ƒë·∫©y g·∫•p g·ªçn,2020-07-15 06:53:38
26,2693208447445324,Gi√° 2tr tr·ªü xu·ªëng thui ·∫°,2020-07-15 06:53:49
27,4063743027033432,"https://scontent.xx.fbcdn.net/v/t1.15752-9/109420866_212506723332891_195394261480265609_n.jpg?_nc_cat=107&_nc_sid=b96e70&_nc_oc=AQmh5n1zSlryqjpfYQbaFg-5kizOSW-QVhJouA-QUJy_t9WkwdIbvetAqfOMSOtM2awq01M5-FmeUc1oESYt4Y8f&_nc_ad=z-m&_nc_cid=0&_nc_ht=scontent.xx&oh=69e5772d7717a38c452feddd10b993f8&oe=5F348670
Xe n√†y bn v shop",2020-07-15 06:38:34
28,2726874224009420,"https://scontent.xx.fbcdn.net/v/t1.15752-9/108025886_334281107582122_1394883303445666718_n.jpg?_nc_cat=104&_nc_sid=b96e70&_nc_ohc=MA6tOZwMKpMAX_U0-a3&_nc_ad=z-m&_nc_cid=0&_nc_ht=scontent.xx&oh=3af90dc0c9029f1c569d7d1020a88755&oe=5F3475FE
C√≤n n√†y shop",2020-07-15 04:09:12
28,2726874224009420,Ch·ªØ v·ªõi s·ªë luon h·∫£ shop,2020-07-15 04:09:53
29,1584373664975346,LARKTALE CHIT CHAT bn vay b,2020-07-15 04:05:28
30,1508557642569953,"M·∫´u n√†y bn ak
https://scontent.xx.fbcdn.net/v/t1.15752-9/108814502_953948938362436_7589606413081912383_n.jpg?_nc_cat=105&_nc_sid=b96e70&_nc_oc=AQlaNpm85LOxpleN_IMH1WUONo6EYI3lQE0TlXhWCjJFm5eHHCAIRGhkHwLoehraN9HSpEQ_1kvNUky-5TakgdHy&_nc_ad=z-m&_nc_cid=0&_nc_ht=scontent.xx&oh=d1f8fbc2abc963bb09b5f2f7cce6a5f0&oe=5F33CE5E",2020-07-15 03:30:06
30,1508557642569953,Ship sg kho·∫£ng bn ak,2020-07-15 03:34:18
31,1303792859725483,"https://scontent.xx.fbcdn.net/v/t1.15752-9/108110731_3380563448640578_1418154036690724440_n.jpg?_nc_cat=111&_nc_sid=b96e70&_nc_oc=AQlXHKna8mUtOaAEG3YF0EbbMWozFvaTetPwVYJspb2EXRqtpxaVzZe87Cg7Ou2HmxMLfAsn-zt3ddu0EHYAjiDM&_nc_ad=z-m&_nc_cid=0&_nc_ht=scontent.xx&oh=fa30c449e3b194e077e71f3ee73aa149&oe=5F3498AC
Gi√° bn v·∫≠y shop",2020-07-15 02:54:59
31,1303792859725483,"/disagree{""object_type"": null}",2020-07-15 02:57:23
32,2577229715713946,/start_conversation,2020-07-15 02:28:13
32,2577229715713946,"/query_knowledge_base{""object_type"": ""ghe_an"",""brand"": ""mastela""}",2020-07-15 02:28:21
32,2577229715713946,Hi shop,2020-07-15 02:28:25
32,2577229715713946,"M√¨nh c√¢n tim gh·∫ø ƒÉn mastela h√¨nh con c√°o
üòã",2020-07-15 02:29:06
32,2577229715713946,M·∫´u 1050,2020-07-15 02:30:22
32,2577229715713946,1015,2020-07-15 02:30:37
32,2577229715713946,"Call me
0908731430",2020-07-15 02:31:05
33,1902294569818109,b√™n m√¨nh c√≤n ƒë·ªì ch∆°i x√∫c c√°t cho b√© k ·∫°,2020-07-15 02:29:43
34,1965863896784499,"Shop ∆°i m√¨nh mu·ªën mua 2 m√≥n n√†y m√† shopee th√¨ ghtk k h·ªó tr·ª£ v·∫≠n chuy·ªÉn xe ƒë·∫©y
https://scontent.xx.fbcdn.net/v/t1.15752-9/109079888_723510711766694_7794314330708208713_n.jpg?_nc_cat=105&_nc_sid=b96e70&_nc_ohc=G7XyGA3_zSQAX_vLqdG&_nc_ad=z-m&_nc_cid=0&_nc_ht=scontent.xx&oh=91f558d76740d79f530e4d2ea273dc83&oe=5F338AC4
Shop c√≥ ship t·ªëi k",2020-07-15 01:41:32
35,1531390636884407,"b ∆°i
https://scontent.xx.fbcdn.net/v/t1.15752-9/109467695_887197295116172_59055688091867734_n.jpg?_nc_cat=111&_nc_sid=b96e70&_nc_oc=AQlr2I9JWNVZ9Em6jbSj8jq-c3N0Jtp-sQMtgNnOX6VmxI9oWgG2hhY-So2fdDGOy9COEV-AViCTiSer1WtjyAck&_nc_ad=z-m&_nc_cid=0&_nc_ht=scontent.xx&oh=932a0ad93a6918d989e58809db5d07bb&oe=5F322748
m√°y n√†y b√™n m b√°n bn ·∫°",2020-07-15 01:39:57
36,3099415966808586,/start_conversation,2020-07-14 12:47:43
36,3099415966808586,üëãüèª,2020-07-14 12:47:53
37,3099415966808586,"Cho e h·ªèi b√™n m√¨nh c√≤n s·∫£n ph·∫©m n√†y ko ·∫°
https://scontent.xx.fbcdn.net/v/t1.15752-9/109868122_675328076391315_1649207026110575466_n.jpg?_nc_cat=104&_nc_sid=b96e70&_nc_oc=AQk-gtjA4ONRwzEHKOVTNGvYgrbgz2QTy2RMOyMmAHjZ8niD6IV5KFbQ-4Pvq6ZIljNrLRgKszoIXFA8k405gnaW&_nc_ad=z-m&_nc_cid=0&_nc_ht=scontent.xx&oh=5a607d939e1391c4908697395154e233&oe=5F345495",2020-07-15 01:36:20
38,3353452278033151,/start_conversation,2020-07-14 17:00:39
38,3353452278033151,Cho e xin gi√° xe ƒë·∫©y v5 b√™n m√¨nh nha,2020-07-14 17:00:56
39,2474624789254253,E xin gi√° xe n√†y,2020-07-14 16:24:58
40,2462771350420574,/start_conversation,2020-07-14 15:51:02
40,2462771350420574,"Shop c√≥ xe ƒë·∫©y ko ·∫°
T∆∞ v·∫•n gi√∫p m√¨nh v·ªõi ·∫°",2020-07-14 15:51:25
41,2109635822411911,"B ∆°i
Nh√† b c√≤n k·ªá ƒë·ª±ng ƒë·ªì ch∆°i ƒë·ª£t trc k",2020-07-14 09:38:43
41,2109635822411911,"https://scontent.xx.fbcdn.net/v/t1.15752-9/109329460_300718917861146_7922539172103880927_n.jpg?_nc_cat=102&_nc_sid=b96e70&_nc_ohc=S94COlTqMjcAX8Hmq_8&_nc_ad=z-m&_nc_cid=0&_nc_ht=scontent.xx&oh=c3a8994649c096f38c1bef06141b1cca&oe=5F338A0C
K·ªá n√†y n√® b
Ho·∫∑c k·ªá n√†o t∆∞∆°ng t·ª±",2020-07-14 09:39:38
41,2109635822411911,"K·ªá ƒë·ªì ch∆°i toyhouse b ·∫°
K ph·∫£i k·ªá ch·ªØ a",2020-07-14 09:40:28
41,2109635822411911,"√îi b
B√™n b d√πng chatbot tr·∫£ l·ªùi √†
Setup bu·ªìn c∆∞·ªùi th·∫ø",2020-07-14 09:41:13
42,1721123881337645,/start_conversation,2020-07-14 08:36:36
42,1721123881337645,"https://scontent.xx.fbcdn.net/v/t1.15752-9/108028015_272961860699739_609882887945856280_n.png?_nc_cat=109&_nc_sid=b96e70&_nc_ohc=SY23-T-igGEAX_AEQQV&_nc_ad=z-m&_nc_cid=0&_nc_ht=scontent.xx&oh=374b2b1101a0cfd3a0567ec34d430a99&oe=5F34A4CE
b·ªô n√†y bao ti·ªÅn ·∫°",2020-07-14 08:36:52
42,1721123881337645,"/query_knowledge_base{""url"": ""https://shopee.vn/product/36371562/7601928916"", ""product_id"": ""https://shopee.vn/product/36371562/7601928916""}",2020-07-14 08:40:01
43,3275341045821497,/start_conversation,2020-07-14 08:14:13
43,3275341045821497,https://scontent.xx.fbcdn.net/v/t1.15752-9/109494420_789239918562558_4635041575071965355_n.jpg?_nc_cat=111&_nc_sid=b96e70&_nc_ohc=ZgCSETClhocAX-B_5Vw&_nc_ad=z-m&_nc_cid=0&_nc_ht=scontent.xx&oh=96498f9308369dd62bcad6d7b277508f&oe=5F33E2EE,2020-07-14 08:14:27
43,3275341045821497,E l·∫•y 1 set ƒë√≥ ah,2020-07-14 08:14:58
44,1937469766375398,B ∆°i,2020-07-14 07:39:53
44,1937469766375398,B√™n m√¨nh c√≤n oto ch√≤i ch√¢n cho b√© ko b,2020-07-14 07:40:07
44,1937469766375398,"/confirm_object_type{""object_type"": ""xe_choi_chan""}",2020-07-14 07:40:46
45,1905097636231805,"alo
https://scontent.xx.fbcdn.net/v/t1.15752-9/107585302_281479722921982_3595317863322276400_n.jpg?_nc_cat=110&_nc_sid=b96e70&_nc_ohc=Cx9E0QT_Xq0AX8skYag&_nc_ad=z-m&_nc_cid=0&_nc_ht=scontent.xx&oh=da6200c6049db1042d70352d7021579f&oe=5F32B803
m·∫´u gh·∫ø n√†y
bn v·∫≠y shop",2020-07-14 05:23:33
46,1482761775118642,Gh·∫ø oto joie stage bn s,2020-07-14 04:55:18
46,1482761775118642,Lo·∫°i joie stage thoi,2020-07-14 04:55:51
47,4013499692054173,/start_conversation,2020-07-14 04:36:02
47,4013499692054173,Shop ∆°i. Shop c√≥ gh·∫ø ƒÉn teknum ko,2020-07-14 04:36:21
47,4013499692054173,https://scontent.xx.fbcdn.net/v/t1.15752-9/107367992_572346516810881_1024879180551255775_n.jpg?_nc_cat=111&_nc_sid=b96e70&_nc_ohc=6RaTER8zi_oAX-hJiJn&_nc_ad=z-m&_nc_cid=0&_nc_ht=scontent.xx&oh=1ce997d127ab606a68c2f8de8db487ea&oe=5F34227E,2020-07-14 04:36:48
47,4013499692054173,"https://scontent.xx.fbcdn.net/v/t1.15752-9/107367992_572346516810881_1024879180551255775_n.jpg?_nc_cat=111&_nc_sid=b96e70&_nc_ohc=6RaTER8zi_oAX-hJiJn&_nc_ad=z-m&_nc_cid=0&_nc_ht=scontent.xx&oh=1ce997d127ab606a68c2f8de8db487ea&oe=5F34227E
Gh·∫ø teknum n√†y shop",2020-07-14 04:37:38
47,4013499692054173,"/disagree{""object_type"": null}",2020-07-14 04:38:22
47,4013499692054173,"Gh·∫ø ƒÉn d·∫∑m teknum √Ω shop
Kia l√† c·ªßa mastela",2020-07-14 04:38:56
47,4013499692054173,"/confirm_attribute_value{""color"": ""H·ªìng""}",2020-07-14 04:41:14
47,4013499692054173,"/confirm_attribute_value{""price"": ""NULL_1""}",2020-07-14 04:41:22
47,4013499692054173,"/confirm_attribute_value{""weight"": ""NULL_1""}",2020-07-14 04:41:31
47,4013499692054173,"/confirm_attribute_value{""size"": ""NULL_1""}",2020-07-14 04:41:37
47,4013499692054173,"/confirm_attribute_value{""age_of_use"": ""0-36 Th√°ng""}",2020-07-14 04:41:48
47,4013499692054173,Th√¥i ƒë·ªÉ m√¨nh t·ª± t√¨m v·∫≠y,2020-07-14 04:42:25
48,3574319219264562,/start_conversation,2020-07-14 04:05:16
48,3574319219264562,Cho m√¨nh xin gi√° xe ƒë·∫©y vovo 2 chi·ªÅu 2020 v·ªõi ·∫°,2020-07-14 04:05:42
48,3574319219264562,"Sao tr√™n shopbee c√≥ 1tr400k m√† shop m√¨nh 2tr2 v·∫≠y
https://scontent.xx.fbcdn.net/v/t1.15752-9/107666166_976421802786778_4326425833058115355_n.jpg?_nc_cat=105&_nc_sid=b96e70&_nc_ohc=M3FDJ6tisUEAX__D8OW&_nc_ad=z-m&_nc_cid=0&_nc_ht=scontent.xx&oh=ab567ffb4ef07785578335f5b57a0aae&oe=5F329983",2020-07-14 04:07:05
49,1282703978418776,"Cho a 1 b·ªô b√†n h·ªçc m√†u xanh nh√©
Ch·ªâ c√≥ 1 c·ª° n√†y th√¥i ƒë√∫ng ko em",2020-07-14 03:51:14
50,3373374866026230,Cho c cai vo lang nhe,2020-07-13 01:58:45
51,3373374866026230,/start_conversation,2020-07-14 02:48:39
51,3373374866026230,E oi hn co giao dc do cho c k,2020-07-14 02:49:00
52,3252378564784620,/start_conversation,2020-07-14 02:12:46
52,3252378564784620,Shop ∆°i,2020-07-14 02:12:56
52,3252378564784620,M√¨nh h·ªèi gh·∫ø ng·ªìi xe √¥ t√¥ cho b√©,2020-07-14 02:13:15
52,3252378564784620,https://scontent.xx.fbcdn.net/v/t1.15752-9/109110788_2001083213355593_1342963989717910211_n.jpg?_nc_cat=109&_nc_sid=b96e70&_nc_ohc=9aE8eyuHkmkAX8W1y6e&_nc_ad=z-m&_nc_cid=0&_nc_ht=scontent.xx&oh=15ace2cb579e1aabc9281babef312065&oe=5F30E8A3,2020-07-14 02:13:35
52,3252378564784620,"/disagree{""object_type"": null}",2020-07-14 02:13:58
52,3252378564784620,/connect_employee,2020-07-14 02:14:03
53,2460085540731535,"https://scontent.xx.fbcdn.net/v/t1.15752-9/108144566_618363619093348_4641773473179346382_n.jpg?_nc_cat=101&_nc_sid=b96e70&_nc_ohc=wTi3oJHMZXkAX8e7LDV&_nc_ad=z-m&_nc_cid=0&_nc_ht=scontent.xx&oh=e318206a199bf566503a73f344bc5546&oe=5F30FDB0
B·ªô n√†y bnhieu b",2020-07-14 02:08:16
53,2460085540731535,"/disagree{""object_type"": null}",2020-07-14 02:08:41
54,3045814155539888,/start_conversation,2020-07-14 01:42:50
54,3045814155539888,"https://scontent.xx.fbcdn.net/v/t1.15752-9/108222640_1400288563492484_4881575789115449614_n.jpg?_nc_cat=101&_nc_sid=b96e70&_nc_ohc=ZzOW7DaJsLkAX8x-aVU&_nc_ad=z-m&_nc_cid=0&_nc_ht=scontent.xx&oh=d95c3a752ff29a8b059a714d4d27d54c&oe=5F336E03
Trc m h·ªèi m·∫´u n√†y ·ªü shopee n√†y
H·∫øt r·ªìi ƒë√∫ng k ·∫°",2020-07-14 01:43:53
55,3283232461734614,/start_conversation,2020-07-14 01:37:35
55,3283232461734614,Hello,2020-07-14 01:39:24
56,1988726177876997,B ∆°i,2020-07-14 01:18:05
56,1988726177876997,"https://scontent.xx.fbcdn.net/v/t1.15752-9/108174424_569249463765135_4018640388707231192_n.jpg?_nc_cat=102&_nc_sid=b96e70&_nc_ohc=3qImAytwVC8AX-N87Rr&_nc_ad=z-m&_nc_cid=0&_nc_ht=scontent.xx&oh=8cfd284a13a36bcd5c9518ba0a2650fa&oe=5F31447D
Xe n√†y b√™n b c√≥ ko",2020-07-14 01:18:30
57,3993200080750441,/start_conversation,2020-07-14 00:55:28
57,3993200080750441,Shop c√≤n 3 l√¥ b·ªâm s·ª≠a k ah,2020-07-14 00:55:55
58,2758356020846952,"https://scontent.xx.fbcdn.net/v/t1.15752-9/107486767_3576272385733826_5621131008893083230_n.jpg?_nc_cat=108&_nc_sid=b96e70&_nc_ohc=mNHfhtIJQbUAX-COpTH&_nc_ad=z-m&_nc_cid=0&_nc_ht=scontent.xx&oh=ad360111ffe9af8bf151ce63f7853d48&oe=5F30CA51
E ∆°i b·∫£ng n√†y bnhieeu",2020-07-13 15:38:32
58,2758356020846952,C√≥ k√®m b·∫£ng ch·ªØ v√† b√∫t kh√¥ng,2020-07-13 15:40:12
59,2982396475105608,B·∫°n ∆°i balo n√†y shop m√¨nh c√≤n b√°n ko ·∫°,2020-07-13 12:08:06
60,2982396475105608,B·∫°n ·ªõi,2020-07-13 14:30:41
61,3036039259840289,/start_conversation,2020-07-13 11:59:40
61,3036039259840289,"M√¨nh
Mu·ªën qu√† sinh nh·∫≠t cho b√© g√°i 1y
Nh·ªù shop t∆∞ v·∫•n",2020-07-13 12:00:05
62,2433459156728244,"Ch√†o shop
Cho m h·ªèi b√™n b c√≥
https://scontent.xx.fbcdn.net/v/t1.15752-9/107693387_280490179957607_5704287349770148412_n.jpg?_nc_cat=109&_nc_sid=b96e70&_nc_ohc=UYRrFXR8l7UAX-iPJ_e&_nc_ad=z-m&_nc_cid=0&_nc_ht=scontent.xx&oh=8b66c1b68cc6f013a7885a2970d4edcd&oe=5F327AE3
Gh·∫ø g·ªôi ƒë·∫ßu k ·∫°???",2020-07-13 10:50:01
63,1622338524530467,"https://scontent.xx.fbcdn.net/v/t1.15752-9/107443986_274834697071722_6723572982702141412_n.jpg?_nc_cat=100&_nc_sid=b96e70&_nc_ohc=kFbln5Q8uDsAX_lxxAe&_nc_ad=z-m&_nc_cid=0&_nc_ht=scontent.xx&oh=01eb158bfe6d68c25709fd02b54434b1&oe=5F3336A4
b·ªô n√†y bn v·∫≠y shop",2020-07-13 09:54:14
63,1622338524530467,"/disagree{""object_type"": null}",2020-07-13 09:57:18
64,1762057613861595,https://scontent.xx.fbcdn.net/v/t1.15752-9/109120219_914185992382239_8713342984520644159_n.jpg?_nc_cat=110&_nc_sid=b96e70&_nc_ohc=JUwgLngkcukAX_TK6iU&_nc_ad=z-m&_nc_cid=0&_nc_ht=scontent.xx&oh=c71898e4b9ace0354a159a7aa6e19709&oe=5F30E9A8,2020-07-13 07:13:21
64,1762057613861595,B·∫°n ∆°i b√™n b·∫°n c√≤n m·∫´u n√†y ko ·∫°,2020-07-13 07:13:33
65,1762057613861595,M√¨nh mu·ªën mua c√°i ƒëai xe m√°y phane quang,2020-07-13 07:30:34
65,1762057613861595,"B·∫°n ship gi√∫p m√¨nh trong chi·ªÅu nay dc ko
M√¨nh c√°m ∆°n",2020-07-13 07:31:22
66,3646076928739707,/start_conversation,2020-07-13 07:20:46
66,3646076928739707,"Shop ∆°i, b√™n m√¨nh c√≤n s·∫µn xe ƒë·∫©y n√†y ko ·∫°?
https://scontent.xx.fbcdn.net/v/t1.15752-9/105427190_747746172639669_3655270502832131495_n.jpg?_nc_cat=104&_nc_sid=b96e70&_nc_ohc=u8AUcqoVv4IAX-xfmLS&_nc_ad=z-m&_nc_cid=0&_nc_ht=scontent.xx&oh=b630d2469ffffa744ee3a83809ddd2f1&oe=5F32DF90",2020-07-13 07:21:28
66,3646076928739707,M√¨nh mu·ªën ƒë·∫øn xem ·∫°,2020-07-13 07:21:38
66,3646076928739707,B√™n m√¨nh bu·ªïi t·ªëi m·ªü c·ª≠a ƒë·∫øn m·∫•y gi·ªù ·∫°?,2020-07-13 07:25:21
67,1641451072607610,"B·ªô n√†y gi√° bn ?
https://scontent.xx.fbcdn.net/v/t1.15752-9/107734304_300353187821898_3655960134390167467_n.jpg?_nc_cat=111&_nc_sid=b96e70&_nc_ohc=WXrzZ53RmzMAX-Akl5M&_nc_ad=z-m&_nc_cid=0&_nc_ht=scontent.xx&oh=80c23eeaf4b7055193569a8560c79abd&oe=5F337D28",2020-07-13 07:12:14
67,1641451072607610,https://scontent.xx.fbcdn.net/v/t1.15752-9/107609516_300353194488564_3058628256748303256_n.jpg?_nc_cat=111&_nc_sid=b96e70&_nc_ohc=agJf0d_8TCUAX88MkCj&_nc_ad=z-m&_nc_cid=0&_nc_ht=scontent.xx&oh=79b21eafe420197f78e6baff9a8b6a67&oe=5F3379F7,2020-07-13 07:15:18
67,1641451072607610,B·ªô n√†y gi√° bn,2020-07-13 07:15:30
68,3082687208492229,/start_conversation,2020-07-13 07:10:04
68,3082687208492229,ƒë·ªÉ cho m√¨nh 1 b·ªô x√∫c c√°t nh√©,2020-07-13 07:10:40
69,3206444852782089,/start_conversation,2020-07-13 06:47:37
69,3206444852782089,https://scontent.xx.fbcdn.net/v/t1.15752-9/108549501_199728561457774_8537790724710815689_n.jpg?_nc_cat=103&_nc_sid=b96e70&_nc_ohc=gAPsAozWtNoAX-pRzU_&_nc_ad=z-m&_nc_cid=0&_nc_ht=scontent.xx&oh=b73f1a9a977df119b2eb5691f3395bad&oe=5F315A16,2020-07-13 06:47:47
69,3206444852782089,Th·∫£m n√†y bao nhieu v·∫≠y shop,2020-07-13 06:49:05
70,2234025483347790,/start_conversation,2020-07-13 05:18:29
70,2234025483347790,"https://scontent.xx.fbcdn.net/v/t1.15752-9/108972135_319474482418912_4675414140209456266_n.jpg?_nc_cat=101&_nc_sid=b96e70&_nc_ohc=F6mFd3ec89QAX8c_Y5T&_nc_ad=z-m&_nc_cid=0&_nc_ht=scontent.xx&oh=86a09ae17997d6b475a7f06d6acccf54&oe=5F334E66
B·ªô n√†y bn ·∫°",2020-07-13 05:18:46
71,2037690479600135,"Em oi
Em hoi cho c chua
1 tuan roi",2020-07-13 04:34:40
72,3175583589174474,/start_conversation,2020-07-13 04:27:43
72,3175583589174474,"g·ªëi n√†y bn shop?
https://scontent.xx.fbcdn.net/v/t1.15752-9/107388765_597696877789719_550778397945462320_n.jpg?_nc_cat=111&_nc_sid=b96e70&_nc_ohc=kHSz6__f79EAX8tGRU_&_nc_ad=z-m&_nc_cid=0&_nc_ht=scontent.xx&oh=09ce6cbed7f03d86134ffa6b55803570&oe=5F2FD337",2020-07-13 04:27:59
72,3175583589174474,"/query_knowledge_base{""url"": ""https://shopee.vn/product/36371562/2411587961"", ""product_id"": ""https://shopee.vn/product/36371562/2411587961""}",2020-07-13 04:29:55
72,3175583589174474,???,2020-07-13 04:32:57
73,2277432655603314,C ∆°i b√™n m√¨nh c√≤n xe ƒë·∫©y v3 k ·∫°,2020-07-13 04:08:31
73,2277432655603314,"/confirm_attribute_value{""brand"": ""Vovo""}",2020-07-13 04:13:48
73,2277432655603314,Cho m√¨nh xem c√°c m·∫´u v·ªõi ·∫°,2020-07-13 04:14:03
73,2277432655603314,"M√¨nh mu·ªën xe ƒë·ªÉ ƒëi du l·ªãch b·∫°n ·∫°
https://scontent.xx.fbcdn.net/v/t1.15752-9/106544693_271873744114841_1624343888317698884_n.jpg?_nc_cat=107&_nc_sid=b96e70&_nc_ohc=8DTHKfVW0AsAX8lVpT1&_nc_ad=z-m&_nc_cid=0&_nc_ht=scontent.xx&oh=27ee4b9062656d11c1f323e1c00d8ba2&oe=5F320E99
Xe nh·ªè ki·ªÉu n√†y n√†y b·∫°n",2020-07-13 04:14:33
74,3080394978742179,/start_conversation,2020-07-13 03:58:47
74,3080394978742179,D·∫° cho em h·ªèi b√™n m√¨nh c√≥ n√¥i v·∫£i valder b·∫£n 3 full ko ·∫°,2020-07-13 03:59:15
74,3080394978742179,"https://scontent.xx.fbcdn.net/v/t1.15752-9/107809557_713928739385342_5149702556966554031_n.jpg?_nc_cat=109&_nc_sid=b96e70&_nc_ohc=6kOk5_ybgRYAX_IXQzk&_nc_ad=z-m&_nc_cid=0&_nc_ht=scontent.xx&oh=c11f3b6d8a37a112dca54162af3b4208&oe=5F325C32
Lo·∫°i n√†y ·∫°",2020-07-13 04:01:03
74,3080394978742179,"/disagree{""object_type"": null}",2020-07-13 04:01:45
74,3080394978742179,/connect_employee,2020-07-13 04:07:16
75,3057756410979844,ƒê·∫øn m·∫•y h b√™n b·∫°n ngh·ªâ nh·ªù,2020-07-13 03:09:19
76,1822526691179161,Shop ∆°i ;)) nh·∫≠n ƒëc h√†ng r·ªìi...m√† thi·∫øu c√°i b√†n ƒë·∫°p c·ªßa xe th√¨ ph·∫£i üò≠ t√¨m m√£i ko th·∫•y ƒë√¢u ·∫°,2020-07-13 02:38:15
77,2497254393667030,"Em ∆°i
C√≥ clip xe d∆∞·ªõi kg",2020-07-13 02:35:49
77,2497254393667030,Cho ch·ªã xem g·∫•p v√†o d·ªÖ v√† g·ªçn kg,2020-07-13 02:36:00
78,2991346397652265,/start_conversation,2020-07-13 02:20:01
78,2991346397652265,Ch√†o b·∫°n,2020-07-13 02:21:28
78,2991346397652265,"M√¨nh v·ª´a g·ªçi ƒëi·ªán tho·∫°i  h·ªèi gh·∫ø √¥ t√¥
https://scontent.xx.fbcdn.net/v/t1.15752-9/107695641_297906418286180_2432312703907140590_n.jpg?_nc_cat=109&_nc_sid=b96e70&_nc_ohc=vAtCBoFdMB4AX-EYLvZ&_nc_ad=z-m&_nc_cid=0&_nc_ht=scontent.xx&oh=965df3f9c21dbbebbf3601136f5c4f22&oe=5F311BC2
https://scontent.xx.fbcdn.net/v/t1.15752-9/106296611_283754569618630_921710295102774528_n.jpg?_nc_cat=108&_nc_sid=b96e70&_nc_ohc=qdSz63v_kQ4AX8bvlKo&_nc_ad=z-m&_nc_cid=0&_nc_ht=scontent.xx&oh=841bad5452fda5f61d68ac18164fcc72&oe=5F331127
M√¨nh h·ªèi m·∫´u n√†y
M·ªói m·∫´u 2 chi·∫øc
Nh√† m√¨nh c√≥ s·∫µn k?",2020-07-13 02:22:30
79,1958047814259903,"Shop ∆°i
Cho m√¨nh ƒë·∫∑t th√™m 1 ƒë√†n",2020-07-13 02:11:35
79,1958047814259903,B·∫°n giao v·ªÅ 17 T11 ngu·ªπen th·ªã ƒëinhj nh√©,2020-07-13 02:11:58
80,3294153953982114,Xe nay hieu gi ah,2020-07-13 02:08:16
81,2925239507519728,·ªû hcm h·∫£ b·∫°n,2020-07-13 01:57:34
82,4018192878253871,"B·ªô ƒë·∫•y trc gi√° nhi√™u b·∫°n nh·ªâ
Lo·∫°i size l·ªõn √Ω t·∫ßm 1m2 x 2m",2020-07-13 01:57:25
83,2404223816314611,.,2020-07-13 01:40:55
83,2404223816314611,Alu,2020-07-13 01:45:00
84,3547113778635846,"C√≥ b·∫°n qu√¢y ko ban
https://scontent.xx.fbcdn.net/v/t1.15752-9/107003341_1854150054722074_4431083454173965480_n.png?_nc_cat=100&_nc_sid=b96e70&_nc_ohc=u6co6u6gI6UAX8jCZ_6&_nc_ad=z-m&_nc_cid=0&_nc_ht=scontent.xx&oh=2035d2278757826bb0e78d264a766dc1&oe=5F20DDF2",2020-07-01 02:39:44
84,3547113778635846,/reset,2020-07-01 02:40:35
84,3547113778635846,"C√≥ b·∫°n qu√¢y ko ban
https://scontent.xx.fbcdn.net/v/t1.15752-9/106613134_713781609405725_4693985412299881992_n.png?_nc_cat=104&_nc_sid=b96e70&_nc_ohc=gRNyl-tqyaAAX9Q4PPO&_nc_ad=z-m&_nc_cid=0&_nc_ht=scontent.xx&oh=ed4b163faf5474a9033c652fcadcb5d6&oe=5F21C64C",2020-07-01 02:41:32
84,3547113778635846,/start conversation,2020-07-01 02:42:08
84,3547113778635846,"/restart
hi shop",2020-07-01 02:44:00
84,3547113778635846,"C√≥ b·∫°n qu√¢y ko ban
https://scontent.xx.fbcdn.net/v/t1.15752-9/106613134_713781609405725_4693985412299881992_n.png?_nc_cat=104&_nc_sid=b96e70&_nc_ohc=gRNyl-tqyaAAX9Q4PPO&_nc_ad=z-m&_nc_cid=0&_nc_ht=scontent.xx&oh=ed4b163faf5474a9033c652fcadcb5d6&oe=5F21C64C",2020-07-01 02:44:18
84,3547113778635846,/start_conversation,2020-07-01 02:54:22
84,3547113778635846,c√≥ b·∫°n qu√¢y ko ban,2020-07-01 02:54:48
84,3547113778635846,"gi√° bn ·∫°
https://scontent.xx.fbcdn.net/v/t1.15752-9/106613134_713781609405725_4693985412299881992_n.png?_nc_cat=104&_nc_sid=b96e70&_nc_ohc=gRNyl-tqyaAAX9Q4PPO&_nc_ad=z-m&_nc_cid=0&_nc_ht=scontent.xx&oh=ed4b163faf5474a9033c652fcadcb5d6&oe=5F21C64C",2020-07-01 02:55:40
84,3547113778635846,lo·∫°i m√†u xanh kia gi√° 1tr750 nh·ªâ,2020-07-01 02:56:24
84,3547113778635846,/start_conversation,2020-07-01 03:04:53
84,3547113778635846,c√≥ b·∫°n qu√¢y ko ban,2020-07-01 03:05:14
84,3547113778635846,/start_conversation,2020-07-01 03:06:11
84,3547113778635846,c√≥ b·∫°n qu√¢y ban,2020-07-01 03:06:35
84,3547113778635846,lo·∫°i m√†u xanh kia gi√° 1tr750 nh·ªâ,2020-07-01 03:07:26
84,3547113778635846,√† k√≠ch th∆∞·ªõc th·∫ø n√†o ·∫°,2020-07-01 03:08:01
84,3547113778635846,c√≥ nh·ªØng m√†u n√†o ·∫°,2020-07-01 03:08:24
84,3547113778635846,c√≥ khuy·∫øn m√£i ko,2020-07-01 03:08:49
84,3547113778635846,n∆∞·ªõc n√†o s·∫£n xu·∫•t th·∫ø ·∫°,2020-07-01 03:09:15
84,3547113778635846,c·ªßa th∆∞∆°ng hi·ªáu n√†o nh·ªâ,2020-07-01 03:09:38
84,3547113778635846,cho m√¨nh xem ·∫£nh,2020-07-01 03:10:08
84,3547113778635846,√† ch·∫•t li·ªáu th·∫ø n√†o ·∫°,2020-07-01 03:10:31
84,3547113778635846,"gi√° bn ·∫°
https://scontent.xx.fbcdn.net/v/t1.15752-9/106613134_713781609405725_4693985412299881992_n.png?_nc_cat=104&_nc_sid=b96e70&_nc_ohc=gRNyl-tqyaAAX9Q4PPO&_nc_ad=z-m&_nc_cid=0&_nc_ht=scontent.xx&oh=ed4b163faf5474a9033c652fcadcb5d6&oe=5F21C64C",2020-07-01 03:11:01
84,3547113778635846,ok c·∫£m ∆°n b·∫°n,2020-07-01 03:11:35
84,3547113778635846,√† ship cho m√¨nh lu√¥n ƒë∆∞·ª£c ko,2020-07-01 03:12:01
85,3547113778635846,hi,2020-07-01 03:29:29
85,3547113778635846,/start_conversation,2020-07-01 03:38:57
85,3547113778635846,c√≥ b·∫°n qu√¢y ko ban,2020-07-01 03:39:17
85,3547113778635846,lo·∫°i m√†u xanh kia gi√° 1tr750 nh·ªâ,2020-07-01 03:40:01
85,3547113778635846,√† k√≠ch th∆∞·ªõc th·∫ø n√†o,2020-07-01 03:40:32
85,3547113778635846,c√≥ nh·ªØng m√†u n√†o ·∫°,2020-07-01 03:40:55
85,3547113778635846,c√≥ khuy·∫øn m√£i ko ·∫°,2020-07-01 03:41:15
85,3547113778635846,n∆∞·ªõc n√†o s·∫£n xu·∫•t th·∫ø ·∫°,2020-07-01 03:41:37
85,3547113778635846,ch·∫•t li·ªáu th·∫ø n√†o ·∫°,2020-07-01 03:42:00
85,3547113778635846,ok c·∫£m ∆°n shop,2020-07-01 03:42:22
85,3547113778635846,"gi√° bn ·∫°
https://scontent.xx.fbcdn.net/v/t1.15752-9/106613134_713781609405725_4693985412299881992_n.png?_nc_cat=104&_nc_sid=b96e70&_nc_ohc=gRNyl-tqyaAAX9Q4PPO&_nc_ad=z-m&_nc_cid=0&_nc_ht=scontent.xx&oh=ed4b163faf5474a9033c652fcadcb5d6&oe=5F21C64C",2020-07-01 03:42:44
85,3547113778635846,ship cho m√¨nh c√°i n√†y lu√¥n nh√©,2020-07-01 03:43:27
85,3547113778635846,/start_conversation,2020-07-01 03:56:34
85,3547113778635846,c√≥ b·∫°n qu√¢y ko ban,2020-07-01 03:56:53
85,3547113778635846,lo·∫°i m√†u xanh kia l√† gi√° 1tr750 nh·ªâ,2020-07-01 03:57:41
85,3547113778635846,/start_conversation,2020-07-01 03:58:14
85,3547113778635846,c√≥ b·∫°n qu√¢y ko ban,2020-07-01 03:58:34
85,3547113778635846,lo·∫°i m√†u xanh kia gi√° 1tr750 nh·ªâ,2020-07-01 03:59:11
85,3547113778635846,√† k√≠ch th∆∞·ªõc th·∫ø n√†o ·∫°,2020-07-01 03:59:43
85,3547113778635846,c√≥ nh·ªØng m√†u n√†o ·∫°,2020-07-01 04:00:06
85,3547113778635846,c√≥ khuy·∫øn m√£i ko ·∫°,2020-07-01 04:00:28
85,3547113778635846,n∆∞·ªõc n√†o s·∫£n xu·∫•t nh·ªâ,2020-07-01 04:00:49
85,3547113778635846,ch·∫•t li·ªáu th·∫ø n√†o ·∫°,2020-07-01 04:01:09
85,3547113778635846,ok c·∫£m ∆°n shop,2020-07-01 04:01:30
85,3547113778635846,"gi√° bn ·∫°
https://scontent.xx.fbcdn.net/v/t1.15752-9/106613134_713781609405725_4693985412299881992_n.png?_nc_cat=104&_nc_sid=b96e70&_nc_ohc=gRNyl-tqyaAAX9Q4PPO&_nc_ad=z-m&_nc_cid=0&_nc_ht=scontent.xx&oh=ed4b163faf5474a9033c652fcadcb5d6&oe=5F21C64C",2020-07-01 04:01:52
85,3547113778635846,ship cho m√¨nh lu√¥n nh√©,2020-07-01 04:02:24
86,3547113778635846,/start_conversation,2020-07-01 04:30:37
86,3547113778635846,c√≥ b·∫°n qu√¢y ko ban,2020-07-01 04:30:57
86,3547113778635846,lo·∫°i m√†u xanh kia gi√° 1tr750 nh·ªâ,2020-07-01 04:31:39
86,3547113778635846,√† k√≠ch th∆∞·ªõc th·∫ø n√†o ·∫°,2020-07-01 04:32:10
86,3547113778635846,c√≥ nh·ªØng m√†u n√†o ·∫°,2020-07-01 04:32:33
86,3547113778635846,c√≥ khuy·∫øn m√£i ko ·∫°,2020-07-01 04:33:04
86,3547113778635846,n∆∞·ªõc n√†o s·∫£n xu·∫•t nh·ªâ,2020-07-01 04:33:25
86,3547113778635846,ch·∫•t li·ªáu th·∫ø n√†o ·∫°,2020-07-01 04:33:45
86,3547113778635846,ok c·∫£m ∆°n shop,2020-07-01 04:34:04
86,3547113778635846,"gi√° bn ·∫°
https://scontent.xx.fbcdn.net/v/t1.15752-9/106613134_713781609405725_4693985412299881992_n.png?_nc_cat=104&_nc_sid=b96e70&_nc_ohc=gRNyl-tqyaAAX9Q4PPO&_nc_ad=z-m&_nc_cid=0&_nc_ht=scontent.xx&oh=ed4b163faf5474a9033c652fcadcb5d6&oe=5F21C64C",2020-07-01 04:34:24
86,3547113778635846,ship cho m√¨nh lu√¥n nh√©,2020-07-01 04:34:56
87,3547113778635846,/start_conversation,2020-07-01 08:22:19
87,3547113778635846,c√≥ b·∫°n qu√¢y ko ban,2020-07-01 08:22:40
87,3547113778635846,lo·∫°i m√†u xanh kia gi√° 1tr750 nh·ªâ,2020-07-01 08:23:19
87,3547113778635846,√† k√≠ch th∆∞·ªõc th·∫ø n√†o ·∫°,2020-07-01 08:23:48
87,3547113778635846,c√≥ nh·ªØng m√†u n√†o ·∫°,2020-07-01 08:24:10
87,3547113778635846,/start_conversation,2020-07-01 08:25:13
87,3547113778635846,c√≥ b·∫°n qu√¢y ko ban,2020-07-01 08:25:34
87,3547113778635846,lo·∫°i m√†u xanh kia gi√° 1tr750 nh·ªâ,2020-07-01 08:26:09
87,3547113778635846,√† k√≠ch th∆∞·ªõc th·∫ø n√†o ·∫°,2020-07-01 08:26:39
87,3547113778635846,/start_conversation,2020-07-01 08:27:25
87,3547113778635846,c√≥ b·∫°n qu√¢y ko ban,2020-07-01 08:27:44
87,3547113778635846,lo·∫°i m√†u xanh kia gi√° 1tr750 nh·ªâ,2020-07-01 08:28:22
87,3547113778635846,√† k√≠ch th∆∞·ªõc th·∫ø n√†o ·∫°,2020-07-01 08:28:51
87,3547113778635846,c√≥ nh·ªØng m√†u n√†o ·∫°,2020-07-01 08:29:19
87,3547113778635846,c√≥ khuy·∫øn m√£i ko ·∫°,2020-07-01 08:29:39
87,3547113778635846,n∆∞·ªõc n√†o s·∫£n xu·∫•t nh·ªâ,2020-07-01 08:30:02
87,3547113778635846,ch·∫•t li·ªáu th·∫ø n√†o ·∫°,2020-07-01 08:30:21
87,3547113778635846,ok c·∫£m ∆°n shop,2020-07-01 08:30:41
87,3547113778635846,"gi√° bn ·∫°
https://scontent.xx.fbcdn.net/v/t1.15752-9/106613134_713781609405725_4693985412299881992_n.png?_nc_cat=104&_nc_sid=b96e70&_nc_ohc=gRNyl-tqyaAAX9Q4PPO&_nc_ad=z-m&_nc_cid=0&_nc_ht=scontent.xx&oh=ed4b163faf5474a9033c652fcadcb5d6&oe=5F21C64C",2020-07-01 08:31:46
87,3547113778635846,ship cho m√¨nh lu√¥n nh√©,2020-07-01 08:32:21
