,conversation_id,uc5,outcome,uc4,sender_id,user_message,bot_message,created_time
0,17.0,uc_s5.2,silence,,1945578955569738.0,Cho m√¨nh xin gi√° b√°n c·ªßa gh·∫ø ng·ªìi √¥ t√¥ Zaracos,,2020-07-02T03:38:50+0000
1,17.0,,other,,1945578955569738.0,N·∫øu so s√°nh Zaracos v·ªõi Joie th√¨ lo·∫°i n√†o t·ªët h∆°n h·∫£ b·∫°n?,joie h√†ng cao c·∫•p r ·∫°,2020-07-02T03:39:03+0000
2,17.0,,thank,,1454523434857990.0,,zaracos th√¨ l√† gi·∫£i ph√°p ti·∫øt ki·ªám cho b·ªë m·∫π,
3,17.0,uc_s5.1,silence,,1945578955569738.0,B·∫°n cho m√¨nh xin gi√° 2 lo·∫°i gh·∫ø n√†y nh√©,zaracos 1840k,2020-07-02T04:59:04+0000
4,17.0,,,,1454523434857990.0,,c√≤n joie mk c√≤n lo·∫°i ƒë·∫Øt th√¥i ·∫° 5100k,
5,29.0,uc_s5.2,silence,uc_s4.2,1487106118071039.0,"C ∆°i c c√≤n s·∫µn b√¨nh tr·ªØ s·ªØa medela set 6 b√¨nh k ·∫°, gi√° bao nhi√™u ·∫°",,2020-07-02T15:20:39+0000
6,33.0,uc_s5.1,,,1597074090350776.0,Shop cho m√¨nh h·ªèi xe nadle 3 trong 1 gi√° bao nhi√™u ·∫°,cho m√¨nh ·∫£nh sp nhe,2020-07-02T23:43:46+0000
7,33.0,,silence,,1597074090350776.0,,1290k ah,2020-07-03T01:50:46+0000
8,33.0,,,,1597074090350776.0,H√†ng c√≥ s·∫µn ·ªü shop ko m√¨nh mu·ªën qua xem xe,,2020-07-03T01:54:08+0000
9,33.0,,,,1597074090350776.0,B√© 10 th√°ng ƒë√£ ng·ªìi ƒëc ch∆∞a shop,mk c√≤n b·∫£n ko ƒëai ·∫°,2020-07-03T01:55:22+0000
10,33.0,,silence,,1454523434857990.0,,10m ng·ªìi dk r ·∫° nh∆∞ng c·∫ßn khung bve,
11,33.0,,,,1597074090350776.0,Shop ko c√≤n xe c√≥ khung b·∫£o v·ªá √†,https://facebook.com/1454523434857990_2504464753197181,2020-07-03T01:56:46+0000
12,33.0,,,,1454523434857990.0,,,
13,33.0,,,,1454523434857990.0,,b g·ªçi s·ªë b n√†y ·∫°h,
14,33.0,,silence,,1454523434857990.0,,b √Ω mu·ªën thanh l√≠,
15,33.0,,,,1454523434857990.0,,xe m·ªõi ƒë√≥ b,
16,33.0,,,,1597074090350776.0,C·∫£m ∆°n shop,,2020-07-03T01:58:24+0000
17,53.0,uc_s5.1,,,2974780852638277.0,Balo cho b√© bao nhi√™u 1 c√°i v·∫≠y ah,cho m√¨nh xin ·∫£nh sp ·∫°,2020-07-03T07:10:35+0000
18,53.0,,,,2974780852638277.0,,,2020-07-03T07:15:57+0000
19,53.0,,shipping_order,,2974780852638277.0,,,2020-07-03T07:16:03+0000
20,53.0,,,,2974780852638277.0,ƒê√¢y ·∫°,d·∫° 299k ·∫°,2020-07-03T07:16:07+0000
21,53.0,,,,2974780852638277.0,Mua 3 c√°i c√≥ gi·∫£m gi√° ko ·∫°,,2020-07-03T07:16:35+0000
22,53.0,,,,2974780852638277.0,üò≠üò≠üò≠,d·∫° ko b·∫°n ·∫°,2020-07-03T07:16:39+0000
23,53.0,,,,1454523434857990.0,,gi√° b√™n mk b√°n s√°t gi√° nh·∫≠p r ·∫°,
24,53.0,,,,2974780852638277.0,D·∫°,,2020-07-03T07:18:35+0000
25,53.0,,other,,2974780852638277.0,ƒê·ªÉ e l·ª±a r·ªìi b√°o cho shop nha,oki b,2020-07-03T07:18:48+0000
26,56.0,uc_s5.2,other,,1635978559793252.0,Shop cho m xin gi√° xe l·∫Øc holla v·ªõi,b·∫°n cho mk ·∫£nh sp nhe,2020-07-03T08:02:04+0000
27,56.0,,other,,1635978559793252.0,,510k b ·∫°,2020-07-03T08:04:05+0000
28,56.0,,,,1635978559793252.0,Shop c√≤n m√†u v√†ng ko ·∫°,,2020-07-03T08:05:00+0000
29,56.0,,,,1635978559793252.0,Ph√≠ ship v·ªÅ gia thu·ªµ long bi√™n bn ·∫°,m√¨nh c√≤n xanh vs h·ªìng ·∫°,2020-07-03T08:05:20+0000
30,56.0,,silence,,1454523434857990.0,,ship 50k ·∫°,
31,56.0,,,,1454523434857990.0,,ho·∫∑c b ƒë·∫∑t th·ª≠ shopee xem dk fs k ·∫°,
32,56.0,,,,1635978559793252.0,Oki ƒë·ªÉ m v√†o shopee xem sao,,2020-07-03T08:06:22+0000
33,56.0,,,,1635978559793252.0,Thks shop,oki b,2020-07-03T08:06:27+0000
34,56.0,,silence,,1635978559793252.0,M v·ª´a ƒë·∫∑t c√°i m√†u xanh,,2020-07-03T08:13:40+0000
35,56.0,,,,1635978559793252.0,Shop ƒë√≥ng g√≥i c·∫©n th·∫≠n cho m nh√©,v√¢ng ·∫°,2020-07-03T08:13:49+0000
36,56.0,,,,1635978559793252.0,,,2020-07-03T08:17:42+0000
37,56.0,,,,1635978559793252.0,Xe n√†y c√≥ th·ªÉ th√°o b·∫≠p b√™nh ra l√†m xe ƒë·∫©y h·∫£ shop,v√¢ng ƒë√∫ng r ah,2020-07-03T08:17:55+0000
38,94.0,,silence,uc_s4.2,1984598211649780.0,b·∫°n ∆°i b·∫°n c√≤n b·ªÉ b∆°i doctor dolphin ko ·∫°,mk c√≤n ·∫° 450k,2020-07-05T00:38:54+0000
39,95.0,,,,3986603074747127.0,C ∆°i,,2020-07-04T15:59:03+0000
40,95.0,uc_s5.2,silence,,3986603074747127.0,M√°y gi·∫∑t mini doux gi√° bnh v·∫≠y,d·∫° 2990k ·∫°,2020-07-04T15:59:10+0000
41,96.0,,,,2686944678025738.0,Shop ∆°i,,2020-07-04T15:11:30+0000
42,96.0,,silence,uc_s4.2,2686944678025738.0,Shop c√≤n ƒë·ªãu comfybaby ko ·∫°,m√¨nh c√≥ ·∫°,2020-07-04T15:11:43+0000
43,96.0,,,,1454523434857990.0,,https://shopee.vn/search?keyword=%C4%91%E1%BB%8Bu%20comfy&shop=36371562,
44,96.0,,,,1454523434857990.0,,,
45,105.0,uc_s5.2,,,4179542698787116.0,"Ch√†o shop, cho m√¨nh gi√° m√°y gi·∫∑t Doux nh√©, shop ·ªü S√†i G√≤n hay H√† N·ªôi ·∫°?",d·∫° 2990k ·∫°,2020-07-06T03:13:41+0000
46,105.0,,,,1454523434857990.0,,m√¨nh ·ªü HN,
47,105.0,,silence,,4179542698787116.0,N·∫øu ship v·ªÅ C·∫ßn Th∆° th√¨ ph√≠ bao nhi√™u n·ªØa h√© shop?,kho·∫£ng h∆°n 300k √Ω ·∫°,2020-07-06T03:16:38+0000
48,105.0,,,,4179542698787116.0,Shop c√≤n m√°y m√†u v√†ng k h√©,m√¨nh c√≤n ·∫°,2020-07-06T03:17:19+0000
49,105.0,,,,4179542698787116.0,"N·∫øu l·∫•y ph√≠ ship m√¨nh ck cho shop lu√¥n hay tganh to√°n w ng giao, v·∫≠n chuy·ªÉn t·ª´ HN v√†o C·∫ßn Th∆° ·ªïn k h√© shop",d·∫° b·∫°n ck ti·ªÅn h√†ng,2020-07-06T03:19:02+0000
50,105.0,,silence,,1454523434857990.0,,ship b·∫°n  tt kh nh·∫≠n,
51,106.0,,,uc_s4.1,2897984096987041.0,m√¨nh c√≤n xe ƒë·∫©y b beko ko v·∫≠y shop ?,B·∫°n ƒëang tr·∫£ l·ªùi b√¨nh lu·∫≠n c·ªßa ng∆∞·ªùi d√πng v·ªÅ b√†i vi·∫øt tr√™n Trang c·ªßa m√¨nh. Xem b√¨nh lu·∫≠n.(https://facebook.com/1454523434857990/posts/2505158089794514/?comment_id=2506063433037313),2020-07-04T07:25:11+0000
52,106.0,,,,1454523434857990.0,,d·∫° 580k ·∫°,
53,106.0,,,,2897984096987041.0,xe ƒë·∫©y Vinng shop c√≥ link tiki ko shop,d·∫° ko ·∫°,2020-07-06T02:05:13+0000
54,106.0,,,,2897984096987041.0,,,2020-07-06T03:54:48+0000
55,106.0,,,,2897984096987041.0,xe n√†y shop c√≤n m√†u n√†o ·∫°,,2020-07-06T03:54:58+0000
56,107.0,uc_s5.2,,,1238633759594931.0,"b·∫°n ∆°i, m√°y ti·ªát trung uv fatz c·ª≠a ngang bao nhi√™u ·∫°.",,2020-07-06T04:08:45+0000
57,109.0,,,uc_s4.2,1543921329038669.0,B√™n m√¨nh c√≤n m√°y Avent Snow m·ªõi ko shop ∆°i?,,2020-07-06T06:15:20+0000
58,113.0,,,,1535429463145347.0,https://www.facebook.com/shopgauvabingo/photos/pcb.2507219479588375/2507219336255056/,,2020-07-06T06:56:41+0000
59,113.0,uc_s5.1,,,1535429463145347.0,xin gi√° xe,d·∫° 1650k ·∫°,2020-07-06T06:56:43+0000
60,118.0,uc_s5.1,,,2520373871371446.0,b·ªô n√†y bao nhi√™u v·∫≠y shop?,,2020-07-06T07:30:54+0000
61,118.0,,,,2520373871371446.0,,d·∫° 600k ·∫°,2020-07-06T07:31:10+0000
62,118.0,,,,2520373871371446.0,"ƒë·∫ßy ƒë·ªß b√≥ng, g·∫≠y, v√≤ng ƒë√∫ng ko?",vnag y h√¨nh ·∫°,2020-07-06T07:33:56+0000
63,126.0,,,,2925013920950993.0,B ∆°i,,2020-07-06T08:52:22+0000
64,126.0,,silence,uc_s4.1,2925013920950993.0,B√™n m c√≤n ƒë·ªãu k ·∫°?,b l·∫•y ƒë·ªãu  n√†o ·∫°,2020-07-06T08:52:28+0000
65,126.0,,,,2925013920950993.0,Comfy baby preminum,mai b√™n m√¨nh m·ªõi v·ªÅ ·∫°,2020-07-06T09:32:38+0000
66,130.0,,,uc_s4.2,3026647457452650.0,Shop c√≤n xe ƒë·∫©y mamago compact 319 k ·∫°,m√¨nh c√≤n xanh 1950k,2020-07-06T14:22:35+0000
67,139.0,uc_s5.2,,,3562579843771436.0,b ∆°i c·ªëc t·∫≠p u·ªëng richell gi√° bao nhi√™u ·∫°,d·∫° 210k b ·∫°,2020-07-07T05:10:35+0000
68,151.0,,,,2515068738572776.0,,,2020-07-07T08:12:30+0000
69,151.0,,,,2515068738572776.0,,,2020-07-07T08:12:50+0000
70,151.0,,,,2515068738572776.0,2 sp n√†y c·ªßa shop c√≥ tr√™n shopee ko ah,d·∫° ko ba j,2020-07-07T08:13:00+0000
71,151.0,uc_s5.1,,,2515068738572776.0,b cho m√¨nh xin gi√° 2 sp n√†y v·ªõi,th√∫ nh√∫n 259k,2020-07-07T08:29:29+0000
72,151.0,,,,1454523434857990.0,,ro l∆∞·ª°i 99k ·∫°,
73,172.0,,,uc_s4.2,3135289653175730.0,B√™n m√¨nh c√≤n gh·∫ø ƒÉn d·∫∑m c·ªßa mastela ko shop?,,2020-07-08T08:34:02+0000
74,172.0,,,,3135289653175730.0,Cho m√¨nh xin ·∫£nh v√† gi√° c√°c lo·∫°i nh√©,https://shopee.vn/search?keyword=1015&shop=36371562,2020-07-08T08:34:47+0000
75,172.0,,,,1454523434857990.0,,,
76,177.0,,,uc_s4.1,1622055247883245.0,Shop c√≤n b√°n thanh ch·∫Øn gi∆∞·ªùng k,"Thanh ch·∫Øn gi∆∞·ªùng UMOO c√≥ gi√° c·ª• th·ªÉ nh∆∞ sau:

1m6 gi√° 370K / thanh
1m8 gi√° 400K / thanh
2m gi√° 430K/ thanh
2m2 460k/thanh


Video s·∫£n ph·∫©m tham kh·∫£o t·∫°i ƒë√¢y: https://www.facebook.com/1454523434857990/posts/2191678854475774?sfns=mo",2020-07-08T05:11:55+0000
77,177.0,,other,,1454523434857990.0,,,
78,177.0,,other,,1622055247883245.0,C√≥ t·ªõi nh√† l·∫Øp k b,,2020-07-08T07:31:47+0000
79,177.0,,,,1622055247883245.0,Ch·ª© m√¨nh k bi·∫øt l·∫Øp,d·∫° n·∫øu b√™n m√¨nh l·∫Øp th√¨ m·∫•t th√™m ph√≠ ·∫°,2020-07-08T07:31:52+0000
80,177.0,,,,1622055247883245.0,Th√™m bn b,d·∫° 40k/1 thanh ·∫°,2020-07-08T08:35:01+0000
81,177.0,,,,1622055247883245.0,M√¨nh c≈©ng ch·ªâ c√≥ nhu c·∫ßu l·∫Øp 1 thanh,,2020-07-08T09:11:54+0000
82,177.0,,,,1622055247883245.0,Hi·ªán t·∫°i gi∆∞·ªùng ch∆∞a c√≥ thanh n√†o c·∫£ nh∆∞ng m√¨nh c·∫ßn l·∫Øp 1 thanh th√¥i,,2020-07-08T09:12:15+0000
83,177.0,,,,1622055247883245.0,Th√¨ n v·∫´n gi·ªØ ƒëc ƒë√∫ng k b,,2020-07-08T09:12:26+0000
84,177.0,,,,1622055247883245.0,Hay ph·∫£i c·∫ßn √≠t nh·∫•t 2 thanh,nh√† b·∫°n n·∫±m ƒë·ªám bn ph√¢n ·∫°,2020-07-08T09:12:38+0000
85,177.0,,,,1622055247883245.0,10cm b,th·∫ø ph·∫£i b·∫Øt v√≠t m·ªõi ch·∫Øc ch·∫Øn ·∫°,2020-07-08T09:13:25+0000
86,177.0,,,,1622055247883245.0,Th√¨ ƒë√∫ng l√† ph·∫£i v√≠t ch·ª©,v√¢ng,2020-07-08T09:15:33+0000
87,177.0,,,,1622055247883245.0,Th√¨ m√¨nh m·ªõi c·∫ßn ng t·ªõi l·∫Øp,,2020-07-08T09:15:49+0000
88,177.0,,,,1622055247883245.0,Nh√† b c√≥ m·∫´u n√†o,√† b·∫°n ∆°i m√¨nh xin l·ªói b√™n m√¨nh l·∫°i ko c√≥ ng l·∫Øp r ·∫°,2020-07-08T09:16:34+0000
89,187.0,,,,1916650585109368.8,,,2020-07-08T17:20:15+0000
90,187.0,,,,1916650585109368.8,B√°o gi√° e xe l·∫Øc n√†y v·ªõi ·∫°,da 510k ·∫°,2020-07-08T17:20:23+0000
91,187.0,,,,1916650585109368.8,ko sale √† G·∫•u ∆°i :D,D·∫° gi√° n√†y gi√° sale b√™n minh r ·∫°,2020-07-09T01:45:06+0000
92,187.0,,,,1916650585109368.8,h·ªìi x∆∞a mua ƒëc 1 c√°i h∆°n 300k y√™u d√£ man shop ·∫°,,2020-07-09T01:46:50+0000
93,187.0,,,,1916650585109368.8,:D,,2020-07-09T01:46:51+0000
94,187.0,,,,1916650585109368.8,n√™n em h√≥ng gi√° ·∫•y hic hic,ƒë·ª£t n√†y xr kho ·∫°,2020-07-09T01:46:57+0000
95,187.0,,,,1454523434857990.0,,x·∫¢,
96,187.0,,,uc_s4.1,1916650585109368.8,c√≤n m·∫´u xe l·∫Øc n√†o n·ªØa k shop,,2020-07-09T01:51:29+0000
97,187.0,,silence,,1916650585109368.8,:(,https://shopee.vn/search?keyword=xe%20l%E1%BA%AFc&shop=36371562,2020-07-09T01:51:31+0000
98,187.0,,,,1454523434857990.0,,,
99,187.0,,silence,,1454523434857990.0,,m√¨nh c√≥ 2 m·∫´u ƒë√≥ ·∫°,
100,187.0,,,,1916650585109368.8,,,2020-07-09T01:52:33+0000
101,187.0,,,,1916650585109368.8,v√¢ng ƒë·ªÉ em xem ·∫°,,2020-07-09T01:52:37+0000
102,190.0,uc_s5.2,,,2258580910840242.0,"shop ∆°i,shop cho m√¨nh xin gi√° gh·∫ø √¥ t√¥ safety first v·ªõi ·∫°",,2020-07-09T02:16:16+0000
103,194.0,,shipping_order,,3841846022552871.0,Cho m√¨nh h·ªèi Vali c√≤n ko s,D·∫° m√¨nh c√≤n ·∫° 1790k,2020-07-08T10:40:37+0000
104,194.0,,,,3841846022552871.0,Cho m√¨nh h·ªèi 2 b√°nh tr∆∞·ªõc b√¨nh th∆∞·ªùng g·∫•p v√¥ ƒëc ko s,https://www.youtube.com/watch?v=bajnvq604Tc,2020-07-09T01:54:51+0000
105,194.0,,,,1454523434857990.0,,,
106,194.0,,,,1454523434857990.0,,b·∫°n xem qua d√πm m√¨nh ·∫°,
107,194.0,,,,3841846022552871.0,Ok,,2020-07-09T02:22:15+0000
108,194.0,,,,3841846022552871.0,V·∫≠y m√¨nh Ck tr∆∞·ªõc pk,,2020-07-09T02:22:25+0000
109,194.0,uc_s5.1,,,3841846022552871.0,Ship n√†y ph√≠ bn v·∫≠y s,kho·∫£ng tr√™n d∆∞·ªõi 120k ·∫°,2020-07-09T02:22:36+0000
110,194.0,,,,3841846022552871.0,V·∫≠y gi·ªù m√¨nh Ck th√¨ c√≥ h√†ng tr∆∞·ªõc th·ª© 4 tu·∫ßn sau ko s,m√¨nh ko ch·∫Øc ch·∫Øn ƒë√¢u ·∫°,2020-07-09T02:27:40+0000
111,194.0,,,,1454523434857990.0,,v√¨ h√†ng ƒëi ch·∫≠m 5-7 ng√†y ms t·ªõi,
112,194.0,,,,3841846022552871.0,,,2020-07-09T02:30:56+0000
113,194.0,,,,3841846022552871.0,"V·∫≠y s c·ª© g·ª≠i h√†ng gi√∫p m√¨nh c√°ch n√†o t·ªõi nhanh nh·∫•t ,n·∫øu k·ªãp th√¨ t·ªët ko th√¨ th√¥i n√®",v√¢ng,2020-07-09T02:31:47+0000
114,194.0,,,,1454523434857990.0,,"‚ùå 0611001928974 - VietcomBank chi nh√°nh Ba ƒê√¨nh. Nguy·ªÖn L√™ Thu·ª∑


N·ªôi dung chuy·ªÉn kho·∫£n Nguyen Nguyen  ghi r√µ T√™n Facebook + s·ªë ƒëi·ªán tho·∫°i v√† nh·∫Øn l·∫°i b√™n m√¨nh sau khi CK nh√©.",
115,194.0,,silence,,1454523434857990.0,,b·∫°n ck ti·ªÅn h√†ng ship b tt khi nh·∫≠n nh√©,
116,194.0,,,,3841846022552871.0,,,2020-07-09T02:48:44+0000
117,194.0,,silence,,3841846022552871.0,,,2020-07-09T02:51:05+0000
118,194.0,,,,3841846022552871.0,M√¨nh Ck r·ªìi,,2020-07-09T02:51:08+0000
119,194.0,,,,3841846022552871.0,C√≥ j s g·ª≠i s·ªõm gi√∫p m√¨nh v·ªõi nha,ok b v·∫´n ƒëc l√¢m ƒë·ªìng ƒë√∫ng k ·∫°,2020-07-09T02:51:22+0000
120,194.0,,,,3841846022552871.0,ƒê√∫ng r·ªìi s,v√¢ng ·∫°,2020-07-09T03:01:08+0000
121,197.0,uc_s5.1,,,2075361479245520.8,B ∆°i cho m√¨nh h·ªèi xe m√°y ƒëi·ªán b√™n m√¨nh gi√° l√† bn ƒë√≥,d·∫° 1650k ·∫°,2020-07-09T03:53:30+0000
122,205.0,,,,1454523434857990.0,,B·∫°n ƒëang tr·∫£ l·ªùi b√¨nh lu·∫≠n c·ªßa ng∆∞·ªùi d√πng v·ªÅ b√†i vi·∫øt tr√™n Trang c·ªßa m√¨nh. Xem b√¨nh lu·∫≠n.(https://facebook.com/shopgauvabingo/photos/a.1454528958190771/2508525516124438/?type=3&comment_id=2510025642641092),
123,205.0,,,,1454523434857990.0,,d·∫° 999k b ·∫°,
124,205.0,uc_s5.1,,,2307248036022885.0,Ch·ªãu ƒë∆∞·ª£c nhieu kg c,,2020-07-09T03:47:04+0000
125,205.0,,,,2307248036022885.0,Phi ship bao nhieu,d·∫° b·∫°n oqwr ƒë√¢u ·∫°,2020-07-09T03:47:10+0000
126,205.0,,,,1454523434857990.0,,t·∫£i trojgn 25kg tho·∫£i m√°i ·∫°,
127,208.0,,,uc_s4.1,2452674041512035.0,M√¨nh c√≤n thanh ch·∫Øn gi∆∞·ªùng k sh ∆°i,,2020-07-09T08:50:35+0000
128,208.0,,,,2452674041512035.0,Umoo ƒë√≥,,2020-07-09T08:50:40+0000
129,208.0,,,,2452674041512035.0,M√¨nh c·∫ßn hai c√°i 2m v√† m·ªôt c√°i m8,,2020-07-09T08:50:49+0000
130,208.0,,silence,,2452674041512035.0,"Ship lu√¥n v·ªÅ 16, ng√µ 64 lƒ©nh nam ƒë∆∞·ª£c k sh",,2020-07-09T08:51:03+0000
131,208.0,,,,2452674041512035.0,alo sh ∆°i,m√¨nh giao trong ng√†y ho·∫∑c mai dk th√¥i ·∫°,2020-07-09T09:05:54+0000
132,208.0,,,,2452674041512035.0,Giao trong hnay t·ª´ gi·ªù t·ªõi t·ªëi k ƒëc h·∫£ sh,,2020-07-09T09:13:24+0000
133,208.0,,thank,,2452674041512035.0,v·∫≠y thui sh nha,,2020-07-09T09:16:11+0000
134,208.0,,,,2452674041512035.0,c√≥ g√¨ m√¨nh qua c·ª≠a h√†ng sau,v√¢ng ·∫°,2020-07-09T09:16:17+0000
135,208.0,,,,1454523434857990.0,,v√¨ ship b√™n m√¨nh ƒëi theo tuy·∫øn,
136,208.0,,silence,,2452674041512035.0,oksh,n√™n m√¨nh s·ª£ k k·ªãp,2020-07-09T09:18:32+0000
137,209.0,,,uc_s4.1,3172114106234941.0,Shop ∆°i b√™n m√¨nh c√≤n xe ƒë·∫©y ving g·ªçn nh·∫π ko nh·ªâ,m√¨nh kh√¥ng c√≤n ·∫°,2020-07-10T01:01:59+0000
138,218.0,,,,3028382907251941.0,Alo,d·∫° m√¨nh nghe ·∫°,2020-07-09T07:12:15+0000
139,218.0,uc_s5.1,,,3028382907251941.0,B√™n m√¨nh b√°n m√°y ti·ªát tr√πng v√† s·∫•y kh√¥ b√¨nh s·ªØa bao nhieu nhi,,2020-07-09T07:13:05+0000
140,218.0,,,,3028382907251941.0,Lo·∫°i fazt,https://shopee.vn/Ti%E1%BB%87t-tr%C3%B9ng-UV-cao-c%E1%BA%A5p-Fatz-Baby-FB4700KM(T%E1%BA%B7ng-li%E1%BB%81n-tay-01-m%C3%A1y-h%C3%A2m-s%E1%BB%AFa-4-ch%E1%BB%A9c-n%C4%83ng-Fatz-gi%C3%A1-h%C3%A3ng-ni%C3%AAm-y%E1%BA%BFt-g%E1%BA%A7n-350K)-i.36371562.3216757326,2020-07-09T07:13:42+0000
141,218.0,,silence,,3028382907251941.0,Lo·∫°i n√†y c√≥ ph·∫£i lo·∫°i m·ªõi nh·∫•t k b,v√¢ng ·∫°,2020-07-09T07:16:30+0000
142,218.0,,,,3028382907251941.0,"Ship cho m√¨nh 1 c√°i, nh∆∞ng m√¨nh k l·∫•y c√°i b√¨nh h√¢m khuy·∫øn m·∫°i.",,2020-07-10T02:03:06+0000
143,218.0,,,,3028382907251941.0,Th√¨ c√≤n bao nhieu ti·ªÅn a,D·∫° 1505k b ·∫°h,2020-07-10T02:03:22+0000
144,218.0,,,,1454523434857990.0,,·∫°n c·∫ßn giao v·ªÅ ƒë√¢u ·∫°,
145,218.0,,,,3028382907251941.0,"S·ªë 4, g2b, ng√µ 12 nguy√™n h·ªìng, th√†nh c√¥ng, ba ƒë√¨nh",,2020-07-10T03:03:16+0000
146,218.0,,,,3028382907251941.0,0974082184,ship 30k nha b,2020-07-10T03:03:26+0000
147,218.0,,,,3028382907251941.0,0974082183,,2020-07-10T03:03:52+0000
148,218.0,,,,3028382907251941.0,S·ªë n√†y b nh√©,,2020-07-10T03:03:59+0000
149,218.0,,,,3028382907251941.0,Ok b,oki b,2020-07-10T03:04:02+0000
150,219.0,,,uc_s4.1,2234101936657462.0,"hi shop, c√≤n h√†ng thanh ch·∫Øn c·∫ßu thang ko nh·ªâ ?",,2020-07-10T03:52:48+0000
151,219.0,,,,2234101936657462.0,cho m√¨nh xin link s·∫£n ph·∫©m n·∫øu c√≤n h√†ng nh√©,,2020-07-10T03:52:56+0000
152,219.0,,,,2234101936657462.0,thanks shop,"Thanh ch·∫Øn c·ª≠a/ c·∫ßu thang an to√†n c√≥ gi√° 520K/ thanh Dung Nguyen Hoang nh√©

C√≥ th·ªÉ ƒëi·ªÅu ch·ªânh chi·ªÅu ngang t·ª´ 74cm t·ªõi 83cm (cao 77cm). N·∫øu thi·∫øu mua th√™m thanh n·ªëi 12cm gi√° 140K / thanh n·ªëi 36cm gi√° 280K nh√©

Xem chi ti·∫øt c√°c k√≠ch th∆∞·ªõc c·ª≠a c·∫ßn l·∫Øp t·∫°i ƒë√¢y: https://www.facebook.com/1454523434857990/posts/2089132531397074/

L·∫Øp ƒë·∫∑t c·ª±c ƒë∆°n gi·∫£n xem t·∫°i ƒë√¢y: 
https://www.facebook.com/watch/?v=2169930109731549",2020-07-10T03:53:01+0000
153,219.0,,,,1454523434857990.0,,,
154,221.0,uc_s5.2,,,3618842611463807.0,M√°y gi·∫∑t mini doux bao nhi√™u shop?,"üí• M√°y gi·∫∑t t·ª± ƒë·ªông mini DOUX cao c·∫•p 
G·∫§U & B√ç NG√î KM CH·ªà #2990K 

Kh·ªëi l∆∞·ª£ng gi·∫∑t: 4kg

. ƒê·ªô ·ªìn gi·∫∑t <62bB, th√¢n m√°y ·ªïn ƒë·ªãnh kh√¥ng rung l·∫Øc

. C√¥ng su·∫•t: 350W si√™u ti·∫øt ki·ªám ƒëi·ªán nƒÉng

. K√≠ch th∆∞·ªõc: 39*44*72cm. Thi·∫øt k·∫ø m√°y th·ªùi trang v√† sang tr·ªçng, ph√π h·ª£p ƒë·∫∑t c·ª±c g·ªçn ngay trong nh√† t·∫Øm m√† k t·ªën di·ªán t√≠ch

. ƒê·ªô b·ªÅn cao, tu·ªïi th·ªç m√°y l·ªõn v·ªõi 1 NƒÇM B·∫¢O H√ÄNH ch√≠nh h√£ng t·∫°i Vi·ªát Nam.

Th√¥ng tin chi ti·∫øt v√† ·∫£nh th·∫≠t c√°c m,·∫π xem d√πm m√¨nh link d∆∞·ªõi nhe :

https://www.facebook.com/shopgauvabingo/posts/2448311358812521",2020-07-10T03:58:12+0000
155,230.0,,,uc_s4.2,3934566219951752.0,c√≤n xe t·∫≠p ƒëi new york k ban,,2020-07-10T03:40:06+0000
156,230.0,,,,3934566219951752.0,m√†u tr·∫Øng ƒëen,,2020-07-10T03:40:15+0000
157,230.0,,,,3934566219951752.0,cho m√¨nh 01 chi·∫øc,mnhf c√≥ tomorow th√¥i ·∫°,2020-07-10T03:40:20+0000
158,230.0,,,,3934566219951752.0,gi√° bn ƒë·∫øn tay b·∫°n,https://shopee.vn/Xe-t%E1%BA%ADp-%C4%91i-cao-c%E1%BA%A5p-Tommorrow-Sky-CH%C3%8DNH-H%C3%83NG-i.36371562.543779613,2020-07-10T03:45:51+0000
159,230.0,,,,1454523434857990.0,,,
160,235.0,,,,1454523434857990.0,,d·∫° l·∫Øp r b ·∫°,
161,235.0,,,,1454523434857990.0,,bh 1 nƒÉm,
162,235.0,,thank,,1454523434857990.0,,mai m√¨nh m·ªõi giao dk ·∫°,
163,235.0,,,,1454523434857990.0,,v·ªÅ m√¨nh ch·ªâ l·∫Øp b√°nh xe th√¥i ·∫°h,
164,235.0,,,,1971978202826188.0,D·∫° ok ·∫°,,2020-07-09T07:00:34+0000
165,235.0,,,,1971978202826188.0,Shop ∆°i,,2020-07-10T07:48:38+0000
166,235.0,,,,1971978202826188.0,Sao ko giao h√†ng cho e v·∫≠y ·∫°,c oi e xin l·ªói e v·ª´a check l·∫°i kho,2020-07-10T07:48:44+0000
167,235.0,,,,1454523434857990.0,,h√†ng b√™n e hnay k v·ªÅ k·ªãp,
168,235.0,,,,1454523434857990.0,,üòû,
169,235.0,,thank,,1454523434857990.0,,mai b√™n e giao dk k ·∫°,
170,235.0,,,,1971978202826188.0,H√†ng nh√† e ƒëi t·∫∑ng,,2020-07-10T07:55:05+0000
171,235.0,,,,1971978202826188.0,Mai t·∫∑ng r,,2020-07-10T07:55:09+0000
172,235.0,,,,1971978202826188.0,Huhu,"e c√≤n xe 2 chi·ªÅu m√†u ƒëen 
c ƒë·ªïi d√πm e dk k ·∫°",2020-07-10T07:55:14+0000
173,235.0,uc_s5.1,,,1971978202826188.0,Xe 2 chi·ªÅu gi√° tn ·∫°,2 chi·ªÅu th√¨ ko g·∫•p g·ªçn dk,2020-07-10T07:55:57+0000
174,235.0,,,,1454523434857990.0,,1550k ·∫°,
175,235.0,,,,1971978202826188.0,üò≠üò≠üò≠üò≠,,2020-07-10T07:56:37+0000
176,235.0,,,,1971978202826188.0,V·∫≠y th√¥i ·∫°,,2020-07-10T07:56:41+0000
177,235.0,,,,1971978202826188.0,ƒê·ªÉ e mua ch·ªó kh√°c ·∫°,,2020-07-10T07:56:49+0000
178,235.0,,,,1971978202826188.0,V√¨ h√†ng e ƒëi t·∫≠ng j,v√¢ng e xin l·ªói v√¨ b·ªã ch·∫≠m ƒëon c·ªßa c,2020-07-10T07:57:02+0000
179,235.0,,,,1971978202826188.0,D·∫° v√¢ng ·∫°,,2020-07-10T08:07:46+0000
180,235.0,,,,1971978202826188.0,M c·∫£m ∆°n ·∫°,,2020-07-10T08:07:48+0000
181,238.0,,,,1487464964674290.0,,,2020-07-03T11:27:11+0000
182,238.0,,,,1487464964674290.0,C√≤n kh√¥ng shop ∆°i,Mk c√≤n xanh vs h·ªìng,2020-07-03T11:27:18+0000
183,238.0,,,,1487464964674290.0,Cho m√¨nh ƒë·∫∑t xanh nh√©,B·∫°n ck mk g·ª≠i nhe,2020-07-04T01:20:23+0000
184,238.0,,,,1487464964674290.0,Cho m√¨nh stk shop nhe,"‚ùå 0611001928974 - VietcomBank chi nh√°nh Ba ƒê√¨nh. Nguy·ªÖn L√™ Thu·ª∑


N·ªôi dung chuy·ªÉn kho·∫£n D·∫£nh D·∫£nh  ghi r√µ T√™n Facebook + s·ªë ƒëi·ªán tho·∫°i v√† nh·∫Øn l·∫°i b√™n m√¨nh sau khi CK nh√©.",2020-07-04T01:34:59+0000
185,238.0,uc_s5.1,other,,1487464964674290.0,M√† balo bao nhi√™u shop ∆°i,299k ·∫°,2020-07-04T01:35:39+0000
186,238.0,,,,1487464964674290.0,,Oki b ƒë·ª£i nh·∫≠n d√πm mk,2020-07-04T01:41:36+0000
187,238.0,,,,1487464964674290.0,C·∫£m ∆°n shop,,2020-07-04T01:48:11+0000
188,241.0,,,,4048927848511516.0,C√≥ ai chat ƒë∆∞·ª£c b√¢y gi·ªù kh√¥ng?,d·∫° e ngeh ·∫°,2020-07-10T08:33:47+0000
189,241.0,,,,1454523434857990.0,,Em c√≥ th·ªÉ gi√∫p g√¨ ƒë∆∞·ª£c a ·∫°,
190,241.0,,,uc_s4.2,4048927848511516.0,shop c√≤n n√¥i x√°ch tay Joie ko,,2020-07-10T08:35:30+0000
191,241.0,,,,4048927848511516.0,c√≤n d√≤ng n√†o,https://shopee.vn/GH%E1%BA%BE-NG%E1%BB%92I-%C3%94-T%C3%94-TR%E1%BA%BA-EM-JOIE-I-GEMM-2-GRAY-FLANNEL-i.36371562.7638808413,2020-07-10T08:35:34+0000
192,241.0,,,,1454523434857990.0,,,
193,241.0,,,,1454523434857990.0,,e c√≤n m·∫´u n√†y ·∫°h,
194,241.0,,,,4048927848511516.0,sao d√≤ng n√†y l·∫° th·∫ø b·∫°n n·ªâ,,2020-07-10T08:37:22+0000
195,241.0,,,,4048927848511516.0,ko ph·∫£i d√≤ng Pavement hay Sighnature nh·ªâ,lo·∫°i n√†y I-gem,2020-07-10T08:37:50+0000
196,241.0,,,,4048927848511516.0,b√© nh√† m√¨nh l√† s∆° sinh th√¨ c√≥ d√πng ƒë∆∞·ª£c d√≤ng n√†y ko ·∫°,r·ªông r√£i h∆°n pavement ·∫°,2020-07-10T08:38:16+0000
197,241.0,,,,1454523434857990.0,,d·∫° d√πng ƒë∆∞·ª£c t·ª´ s∆° sinh a ·∫°,
198,241.0,,,,4048927848511516.0,c·∫£m ∆°n b·∫°n,,2020-07-10T08:39:25+0000
199,241.0,,,,4048927848511516.0,b·∫°n h∆∞·ªõng d·∫´n ƒë∆∞·ªùng ƒë·∫øn shop ƒë∆∞·ª£c ko,"ƒê·ªãa ch·ªâ kho h√†ng Shop G·∫•u & B√≠ Ng√¥ - 0912749696
S·ªë nh√† 16 ng√µ ƒê√™ Quai √ÇU C∆° 
(ƒëi h·∫øt ng√µ 124 √Çu C∆°, r·∫Ω tr√°i s·ªë nh√† 16). Nh√† 4 t·∫ßng m√†u v√†ng b·∫°n nh√©
ƒê·ªãa ch·ªâ H√† N·ªôi ƒê·ªó Trung Nh√¢n ·∫°

Gi·ªù l√†m vi·ªác t·ª´ 8h30- 12h  v√† 1h30 -  5h30 chi·ªÅu h√†ng ng√†y. Ngh·ªâ ch·ªß nh·∫≠t ·∫°",2020-07-10T08:39:36+0000
200,241.0,,,,4048927848511516.0,c·∫£m ∆°n b·∫°n nh√©,,2020-07-10T08:40:11+0000
201,241.0,,shipping_order,,4048927848511516.0,c√≥ g√¨ m√¨nh s·∫Ω qua xem nh√©,a nt trc khi qua h√¥ e ·∫°,2020-07-10T08:40:19+0000
202,241.0,,,,1454523434857990.0,,v√¨ h√†ng bene  ko ph·∫£i l√∫c n√†o c≈©ng c√≥ s·∫µn ·∫°,
203,241.0,,,,4048927848511516.0,uki b·∫°n,ho·∫∑c b ƒë·∫∑t grab,2020-07-10T08:54:49+0000
204,256.0,,,,2009847315800487.2,M√¨nh mu·ªën mua c√°i ƒë·ªãu,,2020-07-11T05:09:52+0000
205,256.0,,,,2009847315800487.2,https://shopee.vn/%C4%90%E1%BB%8Bu-cao-c%E1%BA%A5p-Infantino-Flip-4-in-1-M%E1%BB%B9-Ch%C3%ADnh-h%C3%A3ng-i.36371562.1917342153,,2020-07-11T05:10:56+0000
206,256.0,,shipping_order,,2009847315800487.2,Gi√° m√¨nh ƒë·∫∑t qua ƒë√¢y l√† bnh ·∫°?,,2020-07-11T05:11:26+0000
207,256.0,,,,2009847315800487.2,,,2020-07-11T05:11:43+0000
208,256.0,,silence,,2009847315800487.2,,,2020-07-11T05:11:46+0000
209,256.0,,,,2009847315800487.2,,,2020-07-11T05:11:50+0000
210,256.0,,silence,,2009847315800487.2,,,2020-07-11T05:11:54+0000
211,256.0,,,,2009847315800487.2,B√°o gi√° m√¨nh m·∫•y m√≥n ƒë·ªì n√†y n·ªØa,"B·ªô b·∫£ng g·ªó ch·ªØ  #140k 
B·ªô b·∫£ng g·ªó s·ªë #150k b·∫°n ·∫°",2020-07-11T05:12:06+0000
212,256.0,,,,1454523434857990.0,,ƒê·ªì ch∆°i tpho 350k,
213,256.0,,,,1454523434857990.0,,2 m√≥n ƒë·∫ßu mk h·∫øt ·∫°,
214,256.0,uc_s5.2,,,2009847315800487.2,ƒê·ªãu gi√° bnh ·∫°? ƒê·ªãu infantino,d·∫° 700k ·∫°,2020-07-11T07:11:11+0000
215,256.0,,,,1454523434857990.0,,"Nh√† A1, ƒêg Nguy·ªÖn C∆° Th·∫°ch, M·ªπ ƒê√¨nh 1. Sƒët: 0919956205.",
216,256.0,,,,2009847315800487.2,,,2020-07-11T07:47:47+0000
217,256.0,,,,2009847315800487.2,ƒê√∫ng r·ªìi b,ship 30k nha b,2020-07-11T07:47:52+0000
218,256.0,,silence,,2009847315800487.2,Oki,bajkn l·∫•y ƒë·ªãu th√¥i ƒë√∫ng k ·∫°,2020-07-11T07:48:09+0000
219,256.0,,,,2009847315800487.2,M√¨nh l·∫•y ƒë·ªãu trc v√¨ c·∫ßn lu√¥n ƒëi du l·ªãch,v√¢ng ah,2020-07-11T07:48:37+0000
220,256.0,,,,1454523434857990.0,,C ∆°i c c√≥ ƒë·ªïi n·ªØa k ·∫°,
221,256.0,,,,1454523434857990.0,,ƒê·ªÉ r b√°o l√™n ƒë∆°n,
222,256.0,,,,1454523434857990.0,,K t√≠ b√™n e ngh·ªâ k c√≥ ng check tin ·∫°,
223,263.0,uc_s5.1,,,3122350384521597.0,B·∫°n ∆°i b·ªô n√†y gi√° bao nhi√™u ·∫°,,2020-07-12T07:04:34+0000
224,263.0,,,,3122350384521597.0,Hnay shop ngh·ªâ th√¨ c√≥ ship h√†ng k :(,d·∫° v√¢ng hqua ben mk ngh·ªâ ·∫°,2020-07-12T07:04:41+0000
225,267.0,,,uc_s4.1,2335197546544981.0,B·∫°n ∆°i cho m√¨nh h·ªèi thanh ch·∫Øn c·∫ßu thang b√™n m√¨nh c√≤n ko ·∫°,"Thanh ch·∫Øn c·ª≠a/ c·∫ßu thang an to√†n c√≥ gi√° 520K/ thanh Huyen Hoang nh√©

C√≥ th·ªÉ ƒëi·ªÅu ch·ªânh chi·ªÅu ngang t·ª´ 74cm t·ªõi 83cm (cao 77cm). N·∫øu thi·∫øu mua th√™m thanh n·ªëi 12cm gi√° 140K / thanh n·ªëi 36cm gi√° 280K nh√©

Xem chi ti·∫øt c√°c k√≠ch th∆∞·ªõc c·ª≠a c·∫ßn l·∫Øp t·∫°i ƒë√¢y: https://www.facebook.com/1454523434857990/posts/2089132531397074/

L·∫Øp ƒë·∫∑t c·ª±c ƒë∆°n gi·∫£n xem t·∫°i ƒë√¢y: 
https://www.facebook.com/watch/?v=2169930109731549",2020-07-12T05:00:44+0000
226,267.0,,,,1454523434857990.0,,,
227,276.0,,,uc_s4.1,2082596465131106.0,m√¨nh c√≤n Balo Cho M·∫π B·ªâm S·ªØa kh√¥ng b·∫°n ∆°i,https://shopee.vn/search?keyword=balo&shop=36371562,2020-07-11T04:25:21+0000
228,276.0,,,,1454523434857990.0,,,
229,287.0,,,,4018192878253871.0,alo,,2020-07-12T10:19:45+0000
230,287.0,,silence,,4018192878253871.0,m√¨nh c√≥ qu√¢y c≈©i toys house kh√¥ng ·∫°,,2020-07-12T10:19:56+0000
231,287.0,,,,4018192878253871.0,bo tr√≤n,em kh√¥ng c√≤n r ·∫°,2020-07-12T10:20:00+0000
232,287.0,uc_s5.1,,,4018192878253871.0,B·ªô ƒë·∫•y trc gi√° nhi√™u b·∫°n nh·ªâ,,2020-07-13T01:57:09+0000
233,287.0,,,,4018192878253871.0,Lo·∫°i size l·ªõn √Ω t·∫ßm 1m2 x 2m,"M·∫´u NG√îI NH√Ä - Qu√¢y b√≥ng Toys House g·ªìm 3 size.

. K√≠ch th∆∞·ªõc 100cm x 132cm x 60cm (g·ªìm 11 c√°nh v√† 1 c·ª≠a) 
-G·∫•u & B√≠ Ng√¥ KM ch·ªâ #990k

. K√≠ch th∆∞·ªõc 132cm x 132cm x 60cm (g·ªìm 13 c√°nh v√† 1 c·ª≠a)- G·∫•u & B√≠ Ng√¥ KM ch·ªâ #1290k

 K√≠ch th∆∞·ªõc 132cm x 165cm x 60cm(g·ªìm 15 c√°nh v√† 1 c·ª≠a ) -G·∫•u & B√≠ Ng√¥ KM ch·ªâ #1390k


·∫¢nh th·∫≠t ƒë√¢y ·∫°: https://www.facebook.com/1454523434857990/posts/2191143281195998?sfns=mo

N·∫æU C√ÅC M·∫∏ MU·ªêN FREE SHIP TO√ÄN QU·ªêC ƒê·∫∂T LINK D∆Ø·ªöI D√ôM M√åNH NHE : 
https://tiki.vn/quay-cao-cap-hinh-ngoi-nha-toys-house-chinh-hang-th319-102b-p48489553.html?src=search&2hi=0&keyword=Qu%C3%A2y+cao+c%E1%BA%A5p+h%C3%ACnh+ng%C3%B4i+nh%C3%A0+Toys+House+CH%C3%8DNH+H%C3%83NG

https://tiki.vn/quay-cao-cap-hinh-ngoi-nha-toys-house-chinh-hang-th319-122b-p48490900.html?src=search&2hi=0&keyword=Qu%C3%A2y+cao+c%E1%BA%A5p+h%C3%ACnh+ng%C3%B4i+nh%C3%A0+Toys+House+CH%C3%8DNH+H%C3%83NG

https://tiki.vn/quay-cao-cap-hinh-ngoi-nha-toys-house-chinh-hang-th319-142b-p48490570.html?src=search&2hi=0&keyword=Qu%C3%A2y+cao+c%E1%BA%A5p+h%C3%ACnh+ng%C3%B4i+nh%C3%A0+Toys+House+CH%C3%8DNH+H%C3%83NG",2020-07-13T01:57:09+0000
234,287.0,,,,1454523434857990.0,,,
235,287.0,,,,4018192878253871.0,bn ·∫°,. K√≠ch th∆∞·ªõc 132cm x 132cm x 60cm (g·ªìm 13 c√°nh v√† 1 c·ª≠a)- G·∫•u & B√≠ Ng√¥ KM ch·ªâ #1290k,2020-07-13T06:13:33+0000
236,295.0,,,uc_s4.1,2277432655603314.0,C ∆°i b√™n m√¨nh c√≤n xe ƒë·∫©y v3 k ·∫°,S·∫£n ph·∫©m Xe ƒê·∫©y hi·ªán shop ƒëang *c√≤n h√†ng*. M·ªùi b·∫°n xem th√¥ng tin chi ti·∫øt s·∫£n ph·∫©m t·∫°i link sau ·∫°!,2020-07-13T04:08:16+0000
237,295.0,,,,1454523434857990.0,,Hi·ªán t·∫°i s·∫£n ph·∫©m Xe ƒê·∫©y   shop ƒëang c√≥ nh·ªØng *h√£ng s·∫£n xu·∫•t* sau ·∫°:,
238,295.0,,silence,,2277432655603314.0,Vovo,D·∫° m·ªùi b·∫°n tham kh·∫£o s·∫£n ph·∫©m hi·ªán c√≥ t·∫°i shop nh√©!,2020-07-13T04:13:46+0000
239,295.0,,,,1454523434857990.0,,,
240,295.0,,,,2277432655603314.0,Cho m√¨nh xem c√°c m·∫´u v·ªõi ·∫°,B·∫°n vui l√≤ng b·∫•m v√†o s·∫£n ph·∫©m ƒë·ªÉ xem ·∫£nh v√† th√¥ng tin chi ti·∫øt nh√©!,2020-07-13T04:13:51+0000
241,295.0,,,,1454523434857990.0,,,
242,295.0,,,,2277432655603314.0,M√¨nh mu·ªën xe ƒë·ªÉ ƒëi du l·ªãch b·∫°n ·∫°,,2020-07-13T04:14:07+0000
243,295.0,,,,2277432655603314.0,,,2020-07-13T04:14:16+0000
244,295.0,,,,2277432655603314.0,Xe nh·ªè ki·ªÉu n√†y n√†y b·∫°n,"D·∫°, c√≥ ph·∫£i b·∫°n mu·ªën h·ªèi m·ªôt trong c√°c s·∫£n ph·∫©m d∆∞·ªõi ƒë√¢y kh√¥ng ·∫°?
 (Vui l√≤ng ·∫•n ch·ªçn 1 s·∫£n ph·∫©m)",2020-07-13T04:14:20+0000
245,295.0,,,,1454523434857990.0,,,
246,295.0,,,,1454523434857990.0,,...,
247,295.0,,,,1454523434857990.0,,d·∫° xe 799k ·∫°,
248,318.0,,silence,uc_s4.1,2982396475105608.0,B·∫°n ∆°i balo n√†y shop m√¨nh c√≤n b√°n ko ·∫°,,2020-07-13T12:07:51+0000
249,318.0,,,,2982396475105608.0,B·∫°n ·ªõi,m√¨nh c√≤n ·∫°,2020-07-13T14:30:29+0000
250,318.0,,,,2982396475105608.0,Cho m√¨nh m·ªôt c√°i ship ƒë·∫øn s·ªë nh√† 33 ng√°ch 29/2 Nguy·ªÖn Ch√≠ Thanh nh√©,,2020-07-14T02:16:44+0000
251,318.0,,,,2982396475105608.0,Sƒët 097.970.2512,√† b ∆°i m√¨nh nh·∫ßm m√¨nh c√≤n xanh th√¥i ·∫°,2020-07-14T02:16:53+0000
252,318.0,,,,2982396475105608.0,Ok ƒë·ªÉ m√¨nh h·ªèi l·∫°i nh√© m√¨nh mua h·ªô ·∫°,gvaang ·∫°,2020-07-14T02:21:04+0000
253,318.0,,,,2982396475105608.0,B√™n b·∫°n c√≥ ship th·∫≥ng v√†o ƒë·ªãa ch·ªâ ·ªü HCM lu√¥n cho m√¨nh ko,n·∫øu Hcm b·∫°n ck trc ho·∫∑c ƒë·∫∑t shopee d√πm mifh ·∫°,2020-07-14T02:48:22+0000
254,318.0,,,,2982396475105608.0,Cho m√¨nh xin link shoppe nha,https://shopee.vn/Balo-b%E1%BB%89m-s%E1%BB%AFa-gi%E1%BB%AF-nhi%E1%BB%87t-cao-c%E1%BA%A5p-Kidsapro-ch%C3%ADnh-h%C3%A3ng-i.36371562.1858596083,2020-07-14T03:38:52+0000
255,318.0,,,,1454523434857990.0,,,
256,322.0,,,,1937469766375398.0,B ∆°i,,2020-07-14T07:39:38+0000
257,322.0,,,uc_s4.1,1937469766375398.0,B√™n m√¨nh c√≤n oto ch√≤i ch√¢n cho b√© ko b,"Ch√†o Nhung Ph·∫°m, m√¨nh l√† tr·ª£ l√Ω ·∫£o c·ªßa Shop G·∫•u & B√≠ Ng√¥, m√¨nh gi√∫p g√¨ ƒë∆∞·ª£c b·∫°n ·∫°?",2020-07-14T07:39:54+0000
258,322.0,,,,1454523434857990.0,,S·∫£n ph·∫©m b·∫°n ƒëang t√¨m c√≥ ph·∫£i l√†?,
259,322.0,,,,1937469766375398.0,Xe Ch√≤i Ch√¢n,D·∫° b√© nh√† b·∫°n bn th√°ng r ·∫°,2020-07-14T07:40:44+0000
260,322.0,,,,1937469766375398.0,B√© nh√† m√¨nh g·∫ßn 2 tu·ªïi r b,,2020-07-14T08:03:08+0000
261,322.0,,,,1454523434857990.0,,b xem qua lo·∫°i n√†y,
262,322.0,,,,1454523434857990.0,,1070k,
263,322.0,,shipping_order,,1937469766375398.0,Ko m√¨nh mu·ªën h·ªèi m·∫´u d·∫°ng xe oto ch√≤i ch√¢n √Ω,,2020-07-14T08:43:00+0000
264,322.0,,,,1937469766375398.0,Xe kia b√© m√¨nh c√≥ r,m√¨nh k c√≥ rhttps://shopee.vn/search?keyword=ch%C3%B2i%20ch%C3%A2n&shop=36371562,2020-07-14T08:43:07+0000
265,322.0,,,,1454523434857990.0,,,
266,323.0,,,,3574319219264562.0,Get Started,"Ch√†o Minh Nguyen, m√¨nh l√† tr·ª£ l√Ω ·∫£o c·ªßa Shop G·∫•u & B√≠ Ng√¥, m√¨nh gi√∫p g√¨ ƒë∆∞·ª£c b·∫°n ·∫°?",2020-07-14T04:05:11+0000
267,323.0,uc_s5.2,,,3574319219264562.0,Cho m√¨nh xin gi√° xe ƒë·∫©y vovo 2 chi·ªÅu 2020 v·ªõi ·∫°,"S·∫£n ph·∫©m Xe ƒê·∫©y h√£ng s·∫£n xu·∫•t Vovo c√≥ gi√° b√°n th·∫•p nh·∫•t t·ª´: *2,200,000 VND*, b·∫°n vui l√≤ng b·∫•m v√†o s·∫£n ph·∫©m ƒë·ªÉ xem th√¥ng tin chi ti·∫øt ·∫°!",2020-07-14T04:05:29+0000
268,323.0,,,,1454523434857990.0,,,
269,323.0,,,,3574319219264562.0,Sao tr√™n shopbee c√≥ 1tr400k m√† shop m√¨nh 2tr2 v·∫≠y,,2020-07-14T04:06:47+0000
270,323.0,,,,3574319219264562.0,,"D·∫°, b·∫°n vui l√≤ng ch·ªù trong √≠t ph√∫t nh√¢n vi√™n c·ªßa shop s·∫Ω ph·ª•c v·ª• b·∫°n ·∫°!^^",2020-07-14T04:06:52+0000
271,323.0,,,,1454523434857990.0,,sr b b√™n m√¨nh ƒëang test c√¢u t t·ª± ƒë·ªçng,
272,323.0,,,,1454523434857990.0,,gi√° b·∫±ng gi√° shopee b ·∫°,
273,323.0,,,,3574319219264562.0,Xe ƒë·∫©y ƒë·ªùi 2020 hay 2018 shop nh·ªâ,,2020-07-14T08:21:55+0000
274,323.0,,,,3574319219264562.0,Ph·ª• ki·ªán g·ªìm nh·ªØng g√¨ ·∫°,d·∫° 2018 ·∫°,2020-07-14T08:22:38+0000
275,323.0,,,,1454523434857990.0,,"T·∫∑ng k√®m b·ªô ph·ª• ki·ªán m√†n, chi·∫øu, h·ªôc s·ªØa, t√∫i ƒë·ª±ng xe si√™u hot.   ^^",
276,323.0,,,,3574319219264562.0,C√≥ th·∫ª b·∫£o h√†nh kh√¥ng shop?,d·∫° bh 1 nƒÉm ·∫°,2020-07-14T08:32:51+0000
277,323.0,,,,3574319219264562.0,C√≥ th·∫ª c·ª©ng k shop,d·∫° c√≥ b ·∫°,2020-07-14T08:43:59+0000
278,323.0,,,,3574319219264562.0,Gi√° xe 1tr4 bao g·ªìm ship ch∆∞a shop,d·∫° ch∆∞a b ·∫°,2020-07-14T08:50:38+0000
279,323.0,,,,1454523434857990.0,,ƒë√≥ l√† gi√° xe,
280,323.0,,,,3574319219264562.0,Ship bao nhi√™u v·∫≠y shop,d·∫° b ·ªü ƒë√¢u ·∫°h,2020-07-14T08:51:37+0000
281,326.0,,thank,,2109635822411911.2,B ∆°i,,2020-07-14T09:38:20+0000
282,326.0,,,,2109635822411911.2,Nh√† b c√≤n k·ªá ƒë·ª±ng ƒë·ªì ch∆°i ƒë·ª£t trc k,,2020-07-14T09:38:31+0000
283,326.0,,,,2109635822411911.2,,,2020-07-14T09:39:13+0000
284,326.0,,thank,,2109635822411911.2,K·ªá n√†y n√® b,,2020-07-14T09:39:16+0000
285,326.0,,,,2109635822411911.2,Ho·∫∑c k·ªá n√†o t∆∞∆°ng t·ª±,"D·∫°, c√≥ ph·∫£i b·∫°n mu·ªën h·ªèi m·ªôt trong c√°c s·∫£n ph·∫©m d∆∞·ªõi ƒë√¢y kh√¥ng ·∫°?
 (Vui l√≤ng ·∫•n ch·ªçn 1 s·∫£n ph·∫©m)",2020-07-14T09:39:25+0000
286,326.0,,,,1454523434857990.0,,,
287,326.0,,,,1454523434857990.0,,...,
288,326.0,,,,2109635822411911.2,K·ªá ƒë·ªì ch∆°i toyhouse b ·∫°,,2020-07-14T09:40:09+0000
289,326.0,,,,2109635822411911.2,K ph·∫£i k·ªá ch·ªØ a,B·∫°n vui l√≤ng m√¥ t·∫£ r√µ mong mu·ªën c·ªßa b·∫°n ho·∫∑c chat v·ªõi nh√¢n vi√™n t∆∞ v·∫•n nh√©!,2020-07-14T09:40:16+0000
290,326.0,,,,2109635822411911.2,√îi b,,2020-07-14T09:40:44+0000
291,326.0,,silence,,2109635822411911.2,B√™n b d√πng chatbot tr·∫£ l·ªùi √†,,2020-07-14T09:40:53+0000
292,326.0,,,,2109635822411911.2,Setup bu·ªìn c∆∞·ªùi th·∫ø,"D·∫°, b·∫°n vui l√≤ng ch·ªù trong √≠t ph√∫t nh√¢n vi√™n c·ªßa shop s·∫Ω ph·ª•c v·ª• b·∫°n ·∫°!^^",2020-07-14T09:41:00+0000
293,326.0,,,,2109635822411911.2,Ok,,2020-07-14T09:41:39+0000
294,326.0,,silence,uc_s4.1,2109635822411911.2,B√°o m√¨nh xem c√≤n k·ªá k,,2020-07-14T09:41:44+0000
295,326.0,,,,2109635822411911.2,b ∆°i nh√† m√¨nh ·ªü b·∫Øc t·ª´ li√™m th√¨ ph√≠ ship t√≠nh th·∫ø n√†o,d·∫° k·ªá m√¨nh ko c√≤n ·∫°,2020-07-14T09:44:10+0000
296,326.0,,shipping_order,,1454523434857990.0,,hi·ªán b√™n m√¨nh h·∫øt m·∫´u k·ªá ƒë·ªì ch∆°i,
297,326.0,,,,2109635822411911.2,,,2020-07-14T09:47:59+0000
298,326.0,,,,2109635822411911.2,c√°m ∆°n b,,2020-07-14T09:48:03+0000
299,329.0,,,,3353452278033151.0,Get Started,,2020-07-14T17:00:35+0000
300,329.0,uc_s5.1,,,3353452278033151.0,Cho e xin gi√° xe ƒë·∫©y v5 b√™n m√¨nh nha,m√¨nh ko c√≥ r ·∫°,2020-07-14T17:00:43+0000
301,329.0,,,,3353452278033151.0,Tks b,,2020-07-15T01:51:47+0000
302,332.0,,,,1905097636231804.8,alo,,2020-07-14T05:23:01+0000
303,332.0,,,,1905097636231804.8,,,2020-07-14T05:23:09+0000
304,332.0,,,,1905097636231804.8,m·∫´u gh·∫ø n√†y,,2020-07-14T05:23:15+0000
305,332.0,,,,1905097636231804.8,bn v·∫≠y shop,d·∫° 490k ·∫°,2020-07-14T05:23:21+0000
306,332.0,,,uc_s4.1,1905097636231804.8,m·∫´u gh·∫ø rung b√™n shop c√≤n m·∫´u n√†o n·ªØa m√† ƒëang ƒëc c√°c m·∫π ∆∞u chu·ªông ko v·∫≠y,https://shopee.vn/search?keyword=gh%E1%BA%BF%20rung&shop=36371562,2020-07-14T07:08:47+0000
307,332.0,,,,1454523434857990.0,,,
308,332.0,,,,1454523434857990.0,,b·∫°n mu·ªën mua gi√° kho·∫£ng bn ·∫°,
309,334.0,uc_s5.1,,,2474624789254253.0,E xin gi√° xe n√†y,cho m√¨nh xin ·∫£nh sp ·∫°,2020-07-14T16:24:43+0000
310,334.0,,,,2474624789254253.0,,m√¨nh ko c√≤n ak,2020-07-15T02:12:53+0000
311,360.0,,,uc_s4.1,2290297337682074.0,Shop ∆°i b√™n shop c√≤n ng·ª±a b·∫≠p b√™nh k ·∫°,d·∫° 520k ·∫°,2020-07-15T12:26:38+0000
312,360.0,,,,2290297337682074.0,Ship ƒë√† l·∫°t bnhiu v·∫≠y ·∫°,,2020-07-16T01:50:58+0000
313,360.0,,,,2290297337682074.0,B cho m√¨nh xin h√¨nh vs,d·∫° kho·∫£ng h∆°n 100ka j,2020-07-16T01:51:03+0000
314,360.0,,,,1454523434857990.0,,https://shopee.vn/search?keyword=ng%E1%BB%B1a&shop=36371562,
315,360.0,,,,1454523434857990.0,,,
316,360.0,,silence,,1454523434857990.0,,√† 500k b ·∫°,
317,362.0,,,,3299279903436005.0,B·∫Øt ƒë·∫ßu,"Ch√†o Nguy·ªÖn Thu·ª∑, m√¨nh l√† tr·ª£ l√Ω ·∫£o c·ªßa Shop G·∫•u & B√≠ Ng√¥, m√¨nh gi√∫p g√¨ ƒë∆∞·ª£c b·∫°n ·∫°?",2020-07-15T08:08:27+0000
318,362.0,uc_s5.2,,,3299279903436005.0,b ∆°i cho m xin gi√° thanh ch·∫Øn umoo √£m√¨ v√† √¢m,,2020-07-15T08:08:41+0000
319,362.0,,silence,,3299279903436005.0,1m8 v√† 2m,S·∫£n ph·∫©m b·∫°n ƒëang t√¨m c√≥ ph·∫£i l√†?,2020-07-15T08:08:53+0000
320,362.0,,,,3299279903436005.0,Thanh Ch·∫Øn Gi∆∞·ªùng,D·∫° m·ªùi b·∫°n tham kh·∫£o s·∫£n ph·∫©m hi·ªán c√≥ t·∫°i shop nh√©!,2020-07-15T08:08:58+0000
321,362.0,,,,1454523434857990.0,,,
322,362.0,,,,1454523434857990.0,,"S·∫£n ph·∫©m Thanh ch·∫Øn gi∆∞·ªùng cao c·∫•p d·∫°ng tr∆∞·ª£t Umoo ch√≠nh h√£ng h√£ng s·∫£n xu·∫•t Umoo, k√≠ch th∆∞·ªõc 2M c√≥ gi√° b√°n th·∫•p nh·∫•t t·ª´: *400,000 VND*, b·∫°n vui l√≤ng b·∫•m v√†o s·∫£n ph·∫©m ƒë·ªÉ xem th√¥ng tin chi ti·∫øt ·∫°!",
323,362.0,,silence,,1454523434857990.0,,,
324,362.0,,,,3299279903436005.0,c√°i n√†y nh√† c ko c√≥ d√°t gi∆∞·ªùng th√¨ ko v√≠t ƒëc,,2020-07-15T08:10:06+0000
325,362.0,,,,3299279903436005.0,ƒë·∫∑t ƒë·ªám l√™n thanh ch·ªØ L th√¥i c√≥ gi·ªØ ƒëc ko e nh·ªâ,"D·∫°, b·∫°n vui l√≤ng ch·ªù trong √≠t ph√∫t nh√¢n vi√™n c·ªßa shop s·∫Ω ph·ª•c v·ª• b·∫°n ·∫°!^^",2020-07-15T08:10:17+0000
326,362.0,,silence,,1454523434857990.0,,"D·∫°, b·∫°n vui l√≤ng ch·ªù trong √≠t ph√∫t nh√¢n vi√™n c·ªßa shop s·∫Ω ph·ª•c v·ª• b·∫°n ·∫°!^^",
327,362.0,,,,1454523434857990.0,,d·∫° ƒë·ªám nh√† c bn ph√¢n ·∫°,
328,362.0,,,,3299279903436005.0,12p e ak,-th·∫ø e s·ª£ k ch·∫Øc ch·∫Øn ·∫°,2020-07-15T09:18:17+0000
329,362.0,,,,3299279903436005.0,Uk,,2020-07-15T09:53:52+0000
330,362.0,,silence,,3299279903436005.0,T·∫°i nh√† c gi∆∞·ªùng ki·ªÉu ph·∫£n,v√¢ng k ch·∫Øc ch·∫Øn ƒë√¢u c ·∫°,2020-07-15T09:54:02+0000
331,362.0,,,,3299279903436005.0,Uk ƒë·ªÉ t·ªëi c h·ªèi a ck xem coa c√°ch n√†o ko,v√¢ng ·∫°,2020-07-15T10:42:49+0000
332,369.0,,,,1778089725605067.0,shop ∆°i,,2020-07-16T03:09:32+0000
333,369.0,,,uc_s4.2,1778089725605067.0,shop cho m√¨nh h·ªèi k·ªá ƒë·ª±ng ƒë·ªì ch∆°i holla c√≤n h√†ng k shop?,m√¨nh kh√¥ng c√≤n ·∫°,2020-07-16T03:09:45+0000
334,374.0,uc_s5.2,,,1736701009735895.0,Xe ƒë·∫©y popin gi√° bn v·∫≠y shop,C√≥ ph·∫£i b·∫°n mu·ªën h·ªèi h√£ng s·∫£n xu·∫•t sau kh√¥ng ·∫°?,2020-07-15T09:20:15+0000
335,374.0,,,,1736701009735895.0,Kh√¥ng ƒë√∫ng!,Hi·ªán t·∫°i s·∫£n ph·∫©m Xe ƒê·∫©y   shop ƒëang c√≥ nh·ªØng *h√£ng s·∫£n xu·∫•t* sau ·∫°:,2020-07-15T09:20:47+0000
336,374.0,,,,1736701009735895.0,Circle,"Ch√†o Thu Thuy, m√¨nh l√† tr·ª£ l√Ω ·∫£o c·ªßa Shop G·∫•u & B√≠ Ng√¥, m√¨nh gi√∫p g√¨ ƒë∆∞·ª£c b·∫°n ·∫°?",2020-07-15T09:21:35+0000
337,374.0,,,,1454523434857990.0,,D·∫° 2750k ·∫°,
338,404.0,,silence,,3206691656078281.0,Get Started,,2020-07-20T02:07:20+0000
339,404.0,uc_s5.2,,,3206691656078281.0,Em xin giaÃÅ thanh chaÃÜÃÅn giuÃõoÃõÃÄng 1m8 x 2m v∆°id ·∫°,"Thanh ch·∫Øn gi∆∞·ªùng UMOO c√≥ gi√° c·ª• th·ªÉ nh∆∞ sau:

1m6 gi√° 370K / thanh
1m8 gi√° 400K / thanh
2m gi√° 430K/ thanh
2m2 460k/thanh


Video s·∫£n ph·∫©m tham kh·∫£o t·∫°i ƒë√¢y: https://www.facebook.com/1454523434857990/posts/2191678854475774?sfns=mo",2020-07-20T02:07:44+0000
340,404.0,,silence,,1454523434857990.0,,,
341,407.0,,,,2884889481623348.0,B·∫Øt ƒë·∫ßu,,2020-07-17T16:36:29+0000
342,407.0,,silence,uc_s4.2,2884889481623348.0,ƒê·ªãu comfybaby b√™n m√¨nh c√≤n ko shop ?,,2020-07-17T16:36:44+0000
343,407.0,,,,2884889481623348.0,Alo ·∫°,https://shopee.vn/search?keyword=comfy&shop=36371562,2020-07-18T04:08:24+0000
344,407.0,,silence,,1454523434857990.0,,,
345,414.0,uc_s5.2,,,1482761775118642.0,Gh·∫ø oto joie stage bn s,"S·∫£n ph·∫©m ùêÜùê°ùêûÃÇÃÅ ùê®ÃÇ ùê≠ùê®ÃÇ cao c·∫•p ùêÑùêØùêûùê´ùê≤ ùêíùê≠ùêöùê†ùêû ùêÖùêó ùêíùê¢ùê†ùêßùêöùê≠ùêÆùê´ùêû (NOIR) h√£ng s·∫£n xu·∫•t Joie c√≥ gi√°: *7,990,000 VND (gi√° g·ªëc 7,990,000 VND)*, b·∫°n vui l√≤ng b·∫•m v√†o s·∫£n ph·∫©m ƒë·ªÉ xem th√¥ng tin chi ti·∫øt ·∫°!",2020-07-14T04:55:03+0000
346,414.0,,,,1454523434857990.0,,,
347,414.0,,,,1482761775118642.0,Lo·∫°i joie stage thoi,"S·∫£n ph·∫©m ùêÜùê°ùêûÃÇÃÅ ùê®ÃÇ ùê≠ùê®ÃÇ cao c·∫•p ùêÑùêØùêûùê´ùê≤ ùêíùê≠ùêöùê†ùêû ùêÖùêó ùêíùê¢ùê†ùêßùêöùê≠ùêÆùê´ùêû (NOIR) h√£ng s·∫£n xu·∫•t Joie c√≥ gi√°: *7,990,000 VND (gi√° g·ªëc 7,990,000 VND)*, b·∫°n vui l√≤ng b·∫•m v√†o s·∫£n ph·∫©m ƒë·ªÉ xem th√¥ng tin chi ti·∫øt ·∫°!",2020-07-14T04:55:39+0000
348,414.0,,,,1454523434857990.0,,,
349,414.0,,,,1454523434857990.0,,d·∫° stage kho·∫£ng t2 b√™n mk ms ve ·∫°,
350,414.0,,,,1482761775118642.0,Stage l√† gi√° bn ·∫°,,2020-07-14T08:04:06+0000
351,414.0,,,,1482761775118642.0,C√≥ nh√¨u m√†u ko s,d·∫° 3810k,2020-07-14T08:04:13+0000
352,414.0,,,,1454523434857990.0,,c√≥ m√†u grey ·∫°,
353,415.0,,,uc_s4.2,1482761775118642.0,Nha minh con tham xop ko,https://shopee.vn/search?keyword=th%E1%BA%A3m&shop=36371562,2020-07-17T09:21:28+0000
354,415.0,,,,1454523434857990.0,,,
355,419.0,uc_s5.1,,,2561372567207548.0,shop ∆°i m√°y gi·∫∑t doux gi√° bnhieu ·∫°,"üí• M√°y gi·∫∑t t·ª± ƒë·ªông mini DOUX cao c·∫•p 
G·∫§U & B√ç NG√î KM CH·ªà #2990K 

Kh·ªëi l∆∞·ª£ng gi·∫∑t: 4kg

. ƒê·ªô ·ªìn gi·∫∑t <62bB, th√¢n m√°y ·ªïn ƒë·ªãnh kh√¥ng rung l·∫Øc

. C√¥ng su·∫•t: 350W si√™u ti·∫øt ki·ªám ƒëi·ªán nƒÉng

. K√≠ch th∆∞·ªõc: 39*44*72cm. Thi·∫øt k·∫ø m√°y th·ªùi trang v√† sang tr·ªçng, ph√π h·ª£p ƒë·∫∑t c·ª±c g·ªçn ngay trong nh√† t·∫Øm m√† k t·ªën di·ªán t√≠ch

. ƒê·ªô b·ªÅn cao, tu·ªïi th·ªç m√°y l·ªõn v·ªõi 1 NƒÇM B·∫¢O H√ÄNH ch√≠nh h√£ng t·∫°i Vi·ªát Nam.

Th√¥ng tin chi ti·∫øt v√† ·∫£nh th·∫≠t c√°c m,·∫π xem d√πm m√¨nh link d∆∞·ªõi nhe :

https://www.facebook.com/shopgauvabingo/posts/2448311358812521",2020-07-17T03:23:35+0000
356,419.0,,,,1454523434857990.0,,,
357,421.0,,,uc_s4.2,3456546857697339.0,B√™n m√¨nh c√≤n gh·∫ø ƒÉn d·∫∑m mastela 1015 hok ·∫°,m√¨nh c√≤n ·∫° 1250jk,2020-07-17T03:45:01+0000
358,423.0,,,,1454523434857990.0,,d·∫° 3590k ak,
359,423.0,,,,2693208447445324.0,Shop xe ƒë·∫©y laketale v√† xe zaracos nano xe n√†o ƒë·∫πp h∆°n,,2020-07-16T02:04:44+0000
360,423.0,,,,2693208447445324.0,E ƒë·∫∑t h√†ng qua fb hay shopee ·∫°,zaraocs b√™n m√¨nh l·∫°i h·∫øt r ·∫°k,2020-07-16T02:04:59+0000
361,423.0,,,,1454523434857990.0,,m√¨nh c√≤n laketal,
362,423.0,,,,2693208447445324.0,H·∫øt th√¨ e ƒë·ª£i h√†ng v·ªÅ,,2020-07-16T02:20:10+0000
363,423.0,,,,2693208447445324.0,Hihi,,2020-07-16T02:20:13+0000
364,423.0,,silence,,2693208447445324.0,2 xe ƒë√≥ xe n√†o ƒë·∫πp h∆°n v·∫≠y shop,,2020-07-16T02:20:29+0000
365,423.0,,,,2693208447445324.0,????,zaracos l√† 2 chi·ªÅu g·∫•p g·ªçn,2020-07-16T02:48:34+0000
366,423.0,,,,1454523434857990.0,,xe kia l√† xe 1 chi·ªÅu ·∫°,
367,423.0,,,,2693208447445324.0,D·∫° e b√≠t m√†. Nh∆∞ng e h·ªèi xe n√†o ƒë·∫πp h∆°n √≠,,2020-07-16T03:21:35+0000
368,423.0,,,,2693208447445324.0,Hihi,,2020-07-16T03:21:36+0000
369,423.0,,,,2693208447445324.0,M·∫´u m√£,lo·∫°i  laketal ƒë·∫πp h∆°n ch·ª© ·∫°,2020-07-16T03:21:41+0000
370,423.0,,,,2693208447445324.0,,,2020-07-16T21:02:27+0000
371,423.0,,,uc_s4.1,2693208447445324.0,M·∫´u n√†y c√≤n m√†u kh√°c ko shop,mk c√≤n m√†u nh∆∞ ·∫£nh th√¥i ·∫°,2020-07-16T21:03:11+0000
372,423.0,,,,2693208447445324.0,,,2020-07-17T07:58:11+0000
373,423.0,,,,2693208447445324.0,B√™n m c√≥ lo·∫°i n√†y ko ·∫°,,2020-07-17T07:58:27+0000
374,423.0,,,,2693208447445324.0,E ƒëang t√¨m lo·∫°i n√†y ak,,2020-07-17T07:58:41+0000
375,423.0,,,,2693208447445324.0,D√≤ng larktale chit chat ch·ªâ d√†nh cho b√© 6m tr·ªü l√™n ak,d·∫° d√πng cho b√© t·ª´ s∆° sinh lu√¥n ·∫°,2020-07-17T07:59:27+0000
376,423.0,,,,2693208447445324.0,"Lo·∫°i nh∆∞ h√¨nh e g·ª≠i, shop m c√≥ ko ·∫°",m√¨nhko c√≥ ·∫°,2020-07-20T02:34:17+0000
377,432.0,,,uc_s4.1,1553652834747409.0,C√≤n c·∫ßu tr∆∞·ª£t hola k e,c·∫ßu tr∆∞·ª£t b·∫≠p b√™nh ·∫°,2020-07-20T02:09:48+0000
378,432.0,,,,1553652834747409.0,C·∫ßu tr∆∞·ªü x√≠ch ƒëu √Ω e,e c√≤n c·ªßa toys housr,2020-07-20T02:16:16+0000
379,432.0,,,,1454523434857990.0,,1650k,
380,432.0,,silence,,1553652834747409.0,Cho c xin ·∫£nh,,2020-07-20T02:24:47+0000
381,432.0,,,,1553652834747409.0,C√°i n√†y to hiwn hola ah e,"toys house h√†ng h√£ng cao c·∫•p r ·∫° 
gi√° h√£ng 2900k c∆° ·∫°",2020-07-20T02:25:36+0000
382,432.0,,,,1553652834747409.0,Th·∫ø ah,,2020-07-20T03:07:41+0000
383,432.0,,,,1553652834747409.0,M√°ng tr∆∞·ª£t c√≥ to h∆°n k e,,2020-07-20T03:07:47+0000
384,432.0,,,,1553652834747409.0,,,2020-07-20T03:08:58+0000
385,432.0,,,,1553652834747409.0,C√≥ lo·∫°i caiag tr∆∞·ª£ ko ko b,e ko c√≥ lo·∫°i ƒë√≥ r ·∫°,2020-07-20T03:09:04+0000
386,432.0,,,,1553652834747409.0,Toy house vs hola c√°i n√†o chƒÉc ch·∫Øn h∆°n ah,d·∫° nh∆∞ nhau b ·∫°,2020-07-20T03:59:56+0000
387,432.0,,,,1553652834747409.0,C√≥ ƒë∆∞·ª£c freeship ko e,,2020-07-20T04:04:41+0000
388,432.0,,,,1553652834747409.0,C l·∫•y lu√¥n hnay,d·∫° ko fs c ·∫°,2020-07-20T04:04:44+0000
389,432.0,,,,1454523434857990.0,,c ·ªü ƒë√¢u ·∫°,
390,432.0,,,,1553652834747409.0,C ·ªü nguy·ªÖn tr√£i hnoi,ship 50k c ·∫°,2020-07-20T07:08:20+0000
391,432.0,,,,1454523434857990.0,,h√†ng n√†y to ·∫°,
392,432.0,,,,1454523434857990.0,,nh∆∞ng ch·∫Øc mai b√™n e ms giao dk üòû,
393,433.0,,,,3013890848727558.0,B·∫Øt ƒë·∫ßu,,2020-07-20T03:10:32+0000
394,433.0,uc_s5.1,,,3013890848727558.0,b·ªô c·∫ßu tr∆∞·ª£t x√≠ch ƒëu bn v sho[,,2020-07-20T03:10:45+0000
395,433.0,,,,3013890848727558.0,sdcdf,d·∫° 1650k ·∫°,2020-07-20T03:24:03+0000
396,433.0,,silence,,3013890848727558.0,cho mk h·ªèi g·ªìm nh·ªØng g√¨ shop nh·ªâ,,2020-07-20T03:56:31+0000
397,433.0,,,,3013890848727558.0,ƒë·∫ßy ƒë·ªß b·ªô 3 in 1 lu√¥n ak,,2020-07-20T03:56:38+0000
398,433.0,,,,3013890848727558.0,ship h∆∞ng y√™n bn b,h∆∞ng y√™n g·ª≠i xe ch·∫Øc r·∫ª h∆°n ·∫°,2020-07-20T03:57:34+0000
399,433.0,,,,3013890848727558.0,t·∫ßm bn b,m√¨nh k ch·∫Øc v√¨ ph·∫£i mang ra xe ms bi·∫øt dk ·∫°,2020-07-20T03:58:09+0000
400,433.0,,,,1454523434857990.0,,khaonrg 100k ƒë√≥ ·∫°,
401,433.0,,,,1454523434857990.0,,v√¨ th√πng kh√° to,
402,433.0,,,,3013890848727558.0,b·ªô n√†y c√≥ ph·∫£i h√£ng holla ko b,TOys hiouse b ·∫°,2020-07-20T03:59:43+0000
403,433.0,,,,3013890848727558.0,mk l·∫•y 2b c√≥ fixx ko b,m√¨nh fs ra nh√† xe dk th√¥i ·∫°,2020-07-20T07:12:28+0000
404,433.0,,,,1454523434857990.0,,Van Anh Dang,
405,433.0,,silence,,1454523434857990.0,,c√≥ b·∫°n n√†y ƒëang h·ªèi ·∫°,
406,433.0,,,,1454523434857990.0,,c√≥ ph·∫£i b l·∫•y c√πng b n√†y k ·∫°,
407,433.0,,,,3013890848727558.0,ko b,v√¢ng,2020-07-20T07:18:14+0000
408,433.0,,,,1454523434857990.0,,mk fs ra nh√† xe ho·∫∑c b·ªõt dk 50k th√¥i ·∫°,
409,437.0,,,,2381156681999106.0,B ∆°i,,2020-07-18T13:26:42+0000
410,437.0,,,uc_s4.2,2381156681999106.0,Gh·∫ø ng·ªìi oto Joie b√™n b c√≤n k,D·∫° mk c√≤n ·∫°,2020-07-18T13:26:52+0000
411,437.0,,,,1454523434857990.0,,B mu·ªën mua lo·∫°i kho·∫£ng bn ti·ªÅn ·∫°,
412,437.0,,,,2381156681999106.0,M√¨nh mu·ªën mua lo·∫°i d√πng dc l√¢u d√†i,,2020-07-20T02:22:33+0000
413,437.0,,,,2381156681999106.0,B√© nh√† m√¨nh ƒëang g·∫ßn 2t r·ªìi,"c√≥ lo·∫°i d√πng t·ªõi 7 tu·ªïi 
12 tu·ªïi",2020-07-20T02:22:47+0000
414,437.0,,,,1454523434857990.0,,b ch·ªçn loai n√†o ·∫°k,
415,437.0,,,,2381156681999106.0,7t th√¨ ch·∫Øc g·ªçn h∆°n nh·ªâ,,2020-07-20T09:36:07+0000
416,437.0,,,,2381156681999106.0,"T∆∞ v·∫•n m
Lo·∫°i 7t nha b",https://shopee.vn/Gh%E1%BA%BF-%C3%B4-t%C3%B4-cao-c%E1%BA%A5p-Joie-Stage-i.36371562.1056037842,2020-07-20T09:36:12+0000
417,437.0,,,,1454523434857990.0,,,
418,449.0,,,,1528223927266472.0,Alo,,2020-07-20T13:08:31+0000
419,449.0,,,,1528223927266472.0,B ∆°i,,2020-07-20T13:08:32+0000
420,449.0,,other,uc_s4.2,1528223927266472.0,Shop c√≤n chi·∫øu xe ƒë·∫©y zaracos ko ·∫° ?,,2020-07-20T13:08:43+0000
421,449.0,,,,1528223927266472.0,Alo ?,d·∫° m√¨nh c√≤n ·∫°,2020-07-20T13:11:04+0000
422,449.0,,,,1528223927266472.0,Ship gi√∫p m√¨nh tr∆∞·ªõc 11h ƒëc ko ?,e giao ƒëg nc ph·∫ßn lan ·∫°k,2020-07-21T02:20:43+0000
423,449.0,,other,,1528223927266472.0,V√¢ng b,,2020-07-21T03:04:33+0000
424,449.0,,,,1528223927266472.0,Giao lu√¥n gi√∫p m nh√©,,2020-07-21T03:04:37+0000
425,449.0,,,,1528223927266472.0,M mang ƒëi du l·ªãch cho b√©,"Ship b√™n e l·∫°i v·ª´a ƒëi m·∫•t r
C ti·ªán qua ch·ªó e l·∫•y dk k ·∫°",2020-07-21T03:04:43+0000
426,449.0,,other,,1454523434857990.0,,K th√¨ e b√¥kk grav giao h√†ng,
427,449.0,,,,1528223927266472.0,B·∫°n book grab gi√∫p m nh√©,d·∫° ship 18k b ·∫°k,2020-07-21T03:36:03+0000
428,449.0,,,,1454523434857990.0,,c√≥ g√¨ c b√°o e s·ªõm ·∫°,
429,449.0,,,,1528223927266472.0,Ok ·∫°,,2020-07-21T03:56:03+0000
430,449.0,,,,1528223927266472.0,B ship lu√¥n nh√©,v√¢ng,2020-07-21T03:56:07+0000
431,449.0,,,,1454523434857990.0,,ship ƒëang ƒëi r ƒë√≥ c ·∫°,
432,449.0,,,,1528223927266472.0,Ok b m nh·∫≠n ƒëc r·ªìi ·∫°,,2020-07-21T04:13:05+0000
433,451.0,uc_s5.1,,,2221074404601898.0,Thanh ch·∫Øn c·∫ßu thang bn v shop?,"Thanh ch·∫Øn c·ª≠a/ c·∫ßu thang an to√†n c√≥ gi√° 520K/ thanh Ti√™u Th·ªã Thu Hu·ªá nh√©

C√≥ th·ªÉ ƒëi·ªÅu ch·ªânh chi·ªÅu ngang t·ª´ 74cm t·ªõi 83cm (cao 77cm). N·∫øu thi·∫øu mua th√™m thanh n·ªëi 12cm gi√° 140K / thanh n·ªëi 36cm gi√° 280K nh√©

Xem chi ti·∫øt c√°c k√≠ch th∆∞·ªõc c·ª≠a c·∫ßn l·∫Øp t·∫°i ƒë√¢y: https://www.facebook.com/1454523434857990/posts/2089132531397074/

L·∫Øp ƒë·∫∑t c·ª±c ƒë∆°n gi·∫£n xem t·∫°i ƒë√¢y: 
https://www.facebook.com/watch/?v=2169930109731549",2020-07-08T13:33:16+0000
434,451.0,,,,1454523434857990.0,,,
435,451.0,,,,2221074404601898.0,,,2020-07-09T11:32:52+0000
436,467.0,,,,3443842748982565.0,B·∫Øt ƒë·∫ßu,,2020-07-22T01:49:08+0000
437,467.0,uc_s5.2,,,3443842748982565.0,Th·∫£m cu·ªôn h√†n qu√¥c gi√° nhiu ak,d·∫° m√¨nh ko c√≤n ·∫°,2020-07-22T01:49:24+0000
438,467.0,,,,3443842748982565.0,,,2020-07-22T01:50:59+0000
439,476.0,,,,2546553388794410.0,Get Started,,2020-07-21T10:21:55+0000
440,476.0,,,,2546553388794410.0,,,2020-07-21T10:21:59+0000
441,476.0,,other,,2546553388794410.0,B·ªô n√†y bn ti·ªÅn shop,,2020-07-21T10:22:05+0000
442,476.0,,,,2546553388794410.0,,c·∫ßu goal 600k,2020-07-21T10:25:59+0000
443,476.0,,,,1454523434857990.0,,"B·ªô b·∫£ng g·ªó ch·ªØ  #140k 
B·ªô b·∫£ng g·ªó s·ªë #150k b·∫°n ·∫°",
444,476.0,,,,2546553388794410.0,Shop c√≥ ship ƒëc trong h√¥m nay ko,m√¨nh giao ph√°o ƒë√†i l√°ng ·∫°,2020-07-22T09:06:54+0000
445,476.0,,,,2546553388794410.0,ƒê√∫ng r·ªìi b·∫°n,ship 40k,2020-07-22T09:12:42+0000
446,476.0,,,,1454523434857990.0,,b l·∫•y b·∫£ng ch·ªØ hay s·ªë ·∫°,
447,476.0,uc_s5.1,,,2546553388794410.0,N·∫øu l·∫•y c·∫£ c·∫ßu goal v√† b·∫£ng s·ªë c√≥ ƒëc gi·∫£m ti·ªÅn ship ko shop,d·∫° k c ·∫° v√¨ gi√° b√™n e km r ·∫°,2020-07-22T09:16:29+0000
448,476.0,,,,1454523434857990.0,,c√≥ g√¨ c b√°o e s·ªõm nhe,
449,476.0,,,,2546553388794410.0,Ukie ƒë·ªÉ ch·ªã to√°n,,2020-07-22T09:34:32+0000
450,476.0,,,,2546553388794410.0,Shop ship cho m√¨nh 1 b·ªô c·∫ßu goal y nh∆∞ h√¨nh nh√©,,2020-07-22T09:40:09+0000
451,476.0,,,,2546553388794410.0,C√≥ c·∫£ g·∫≠y ƒë√°nh g√¥n ƒë√∫ng ko,v√¢ng ƒë√∫ng r ·∫°,2020-07-22T09:40:17+0000
452,476.0,,,,2546553388794410.0,Ship cho ch·ªã l√∫c 6h chi·ªÅu nh√©,v√¢ng e giao sau 6h nha c,2020-07-22T09:47:08+0000
453,476.0,,,,2546553388794410.0,Ok em,,2020-07-22T09:48:03+0000
454,496.0,,,,1660228827320475.0,ukie b·∫°n,√† ship 20k ·∫°,2020-07-22T09:45:36+0000
455,496.0,,,,1660228827320475.0,ukie b·∫°n,chi·ªÅu b k nh·∫≠n dk ·∫°,2020-07-22T09:45:53+0000
456,496.0,,,,1660228827320475.0,√† m√¨nh ·ªü ƒë√¢y trong gi·ªù h√†nh ch√≠nh,√† v√¢ng ·∫°,2020-07-22T09:46:43+0000
457,496.0,,,,1660228827320475.0,t·ªõi 5h30 th√¥i,,2020-07-22T09:47:00+0000
458,496.0,,other,,1660228827320475.0,c√°c ng√†y trong tu·∫ßn tr·ª´ t7 v√† cn nh√©,b√¢y h ship b√™n e ƒëi lu√¥n dk ·∫°,2020-07-22T09:47:09+0000
459,496.0,,,,1660228827320475.0,ukie em,k th√¨ s√°ng mai e giao cho tho·∫£i m√°i cx sk,2020-07-22T09:47:26+0000
460,496.0,,silence,,1660228827320475.0,v·∫≠y c ck lu√¥n,v√¢ng,2020-07-22T09:47:30+0000
461,496.0,,,,1660228827320475.0,,,2020-07-22T09:51:56+0000
462,496.0,,,,1660228827320475.0,M√¨nh g·ª≠i nh√©,v√¢ng ·∫°,2020-07-22T09:52:00+0000
463,496.0,,,,1454523434857990.0,,ship b√™n e ƒëi r nha c,
464,496.0,,,,1454523434857990.0,,ch·∫Øc 10p t·ªõi n∆°i ·∫°,
465,496.0,,,,1660228827320475.0,ukie em nh√©,,2020-07-22T09:57:47+0000
466,496.0,,,uc_s4.2,1660228827320475.0,Shop ∆°i ƒë√†n piano cho b√© b√™n m√¨nh c√≤n ko ·∫°?,https://shopee.vn/%C4%90%C3%A0n-piano-c%E1%BB%95-%C4%91i%E1%BB%83n-k%C3%A8m-Mic-Winfun-2045-i.36371562.4520250642,2020-07-23T08:16:47+0000
467,496.0,,,,1454523434857990.0,,,
468,496.0,,silence,,1660228827320475.0,,,2020-07-23T08:21:11+0000
469,496.0,,,,1660228827320475.0,,,2020-07-23T08:21:12+0000
470,496.0,,,,1660228827320475.0,ukie shop,,2020-07-23T08:21:18+0000
471,498.0,uc_s5.1,other,,1477255922323061.0,Shop cho xin b√°o gi√° xe ƒë·∫©y v5b,mk ko c√≥ ·∫°,2020-07-23T15:55:11+0000
472,512.0,,other,,3808476669169176.0,Get Started,,2020-07-21T15:02:02+0000
473,512.0,uc_s5.1,,,3808476669169176.0,"B·∫°n ∆°i, thanh ch·∫Øn gi∆∞·ªùng b√™n b·∫°n gi√° bn th·∫ø",,2020-07-21T15:02:19+0000
474,512.0,,silence,,3808476669169176.0,"M√¨nh mu·ªën ƒë·∫∑t cho 2 gi∆∞·ªùng, 1 gi∆∞·ªùng m8x2m, 1 gi∆∞·ªùng m2xm8",,2020-07-21T15:02:51+0000
475,512.0,,,,3808476669169176.0,B√°o gi√° gi√∫p m√¨nh nh√©,"Thanh ch·∫Øn gi∆∞·ªùng UMOO c√≥ gi√° c·ª• th·ªÉ nh∆∞ sau:

1m6 gi√° 370K / thanh
1m8 gi√° 400K / thanh
2m gi√° 430K/ thanh
2m2 460k/thanh


Video s·∫£n ph·∫©m tham kh·∫£o t·∫°i ƒë√¢y: https://www.facebook.com/1454523434857990/posts/2191678854475774?sfns=mo",2020-07-21T15:02:58+0000
476,512.0,,,,1454523434857990.0,,,
477,512.0,,,,3808476669169176.0,C√≥ ƒëi·ªÅu ch·ªânh ƒëc ƒë·ªô cao k b·∫°n?,d·∫° c√≥ b ·∫°,2020-07-23T14:29:19+0000
478,512.0,,,,3808476669169176.0,Cho m√¨nh xin k√≠ch th∆∞·ªõc ƒë·ªô cao c·ªßa sp nh√©,cao 80cm ·∫°,2020-07-24T04:15:01+0000
479,520.0,,,,3165441196875168.0,Get Started,,2020-07-24T07:54:47+0000
480,520.0,,,uc_s4.2,3165441196875168.0,B√™n m c√≤n th·∫£m silicon k ·∫°h,M√¨nh k c√≤n ·∫°,2020-07-24T08:16:28+0000
481,520.0,,,,3165441196875168.0,,,2020-07-24T08:29:10+0000
482,524.0,,,uc_s4.2,2039431956164780.8,Cho m√¨nh h·ªèi shop ƒë·ª£t n√†y c√≤n xe vovo g·∫•p g·ªçn 1 chi·ªÅu ko ·∫°,,2020-07-24T13:56:56+0000
483,529.0,,,uc_s4.1,1976990155747026.0,Shop cho m h·ªèi shop c√≤n b√°n k·ªá ƒë·ªÉ ƒë·ªì ch∆°i tr·∫ª e ko ·∫°,m√¨nh ko c√≤n ·∫°,2020-07-25T00:21:59+0000
484,533.0,,,uc_s4.1,2401014239991134.0,Shop m√¨nh c√≥ c√≤n m√°y h√∫t m≈©i cho b√© kh√¥ng?,,2020-07-24T17:46:34+0000
485,533.0,,,uc_s4.1,2401014239991134.0,Shop m√¨nh c√≤n m√°y h√∫t m≈©i cho b√© kh√¥ng?,m√¨nh c√≥ c·ªßa comfy th√¥i ·∫°,2020-07-25T01:32:29+0000
486,533.0,,,,2401014239991134.0,Cho m√¨nh xem h√¨nh ƒë∆∞·ª£c k?,https://shopee.vn/search?keyword=h%C3%BAt%20m%C5%A9i&shop=36371562,2020-07-25T01:37:50+0000
487,533.0,,,,1454523434857990.0,,,
488,533.0,,,,2401014239991134.0,M√°y n√†y s·ª≠ d·ª•ng ntn h·∫£ shop,,2020-07-25T01:54:20+0000
489,533.0,,,,2401014239991134.0,B∆°m n∆∞·ªõc mu·ªëi r·ªìi d√πng m√°y h√∫t m≈©i ra th√¥i ph·∫£i kh√¥ng?,https://www.youtube.com/watch?v=YZK1hiRhn4M&t=15s,2020-07-25T01:56:55+0000
490,533.0,,,,1454523434857990.0,,,
491,533.0,,silence,,1454523434857990.0,,b xem d√πm minhg,
492,533.0,,,,2401014239991134.0,M√¨nh l·∫•y 1c m√†u xanh nh√©,,2020-07-25T03:00:05+0000
493,533.0,,,,2401014239991134.0,C√≥ th·ªÉ ship lu√¥n s√°ng nay k shop?,mk giao th·ª•y khu√™ ·∫°,2020-07-25T03:00:17+0000
494,533.0,,other,,1454523434857990.0,,ship 30k nha b,
495,533.0,,,,2401014239991134.0,Giao Ng·ªçc Thu·ªµ th√¨ bao nhi√™u ah,ng·ªçc th·ª•y 40k ·∫°,2020-07-25T03:21:31+0000
496,533.0,,,,2401014239991134.0,Ok nh√©,,2020-07-25T03:22:41+0000
497,533.0,,,,2401014239991134.0,"Giao cho m√¨nh t·ªõi 293/11 Ng·ªçc Thu·ªµ, Q long bi√™n hn nh√©",,2020-07-25T03:23:06+0000
498,533.0,,,,2401014239991134.0,Y·∫øn sƒët 0983118495,ok b,2020-07-25T03:23:18+0000
499,533.0,,,,2401014239991134.0,Lu√¥n s√°ng nay nh√© shop,v√¢ng ship b√™n m√¨nh cpi ra ƒëi r ·∫°,2020-07-25T03:23:47+0000
500,535.0,uc_s5.1,,,2787635651290406.0,Cho e xin gi√° xe ƒë·∫©y g·∫•p g·ªçn ·∫°,cho mk ·∫£nh sp nhe,2020-07-22T01:38:02+0000
501,535.0,,,,2787635651290406.0,,d·∫° 1300k k√®m pkien ·∫°,2020-07-22T01:44:40+0000
502,535.0,,,,2787635651290406.0,Da,,2020-07-22T01:52:59+0000
503,538.0,,,,2267742536673789.0,B·∫Øt ƒë·∫ßu,,2020-07-24T07:36:25+0000
504,538.0,,,uc_s4.2,2267742536673789.0,"b ∆°i, b c√≤n gh·∫ø √¥ t√¥ cho b√©. joie elevate k",d·∫° m√¨nh c√≤n b ·∫°,2020-07-24T07:36:50+0000
505,538.0,,,,2267742536673789.0,gi√° tn h·∫£ b,2000 b ·∫°,2020-07-24T07:39:41+0000
506,538.0,,,,2267742536673789.0,ship v·ªÅ m·ªπ ƒë√¨nh bn h·∫£ b?,d·∫° 40k c ·∫†,2020-07-24T07:41:06+0000
507,538.0,,,,2267742536673789.0,"Hnay ship t 1c v·ªÅ s·ªë 32 ng√°ch 16/57 ƒë·ªó xu√¢n h·ª£p, m·ªπ ƒë√¨nh nh√©",,2020-07-25T00:29:18+0000
508,538.0,,,,2267742536673789.0,Sƒët 0903668290,mnh s·∫µn m√†u ƒë·ªè,2020-07-25T00:29:24+0000
509,538.0,,,,1454523434857990.0,,m√†u ƒëen ch·∫Øc t2 ms ve dk ·∫°,
510,538.0,,other,,2267742536673789.0,B g·ª≠i t h√¨nh 2 gh·∫ø,,2020-07-25T03:36:30+0000
511,538.0,,,,2267742536673789.0,T xem nh√©,https://shopee.vn/%F0%9F%94%A5-Gh%E1%BA%BF-%C3%B4-t%C3%B4-cao-c%E1%BA%A5p-JOIE-ELEVATE-(Anh)-i.36371562.1056725452,2020-07-25T03:36:32+0000
512,538.0,,,,2267742536673789.0,T l·∫•y ƒë·ªè,,2020-07-25T04:35:15+0000
513,538.0,,,,2267742536673789.0,Chi·ªÅu ship cho t nh√©,v√¢ng ·∫°,2020-07-25T04:35:20+0000
514,538.0,,,,2267742536673789.0,T ck ti·ªÅn h√†ng vs ti·ªÅn ship nha shop,,2020-07-25T08:05:26+0000
515,538.0,,,,2267742536673789.0,Cho t stk lu√¥n ƒëi ·∫°,,2020-07-25T08:05:31+0000
516,538.0,,,,2267742536673789.0,Shipper b√°o 4h k√©m giao h√†ng r,"‚ùå 0611001928974 - VietcomBank chi nh√°nh Ba ƒê√¨nh. Nguy·ªÖn L√™ Thu·ª∑

‚ùå 19034987361010 - Nguy·ªÖn L√™ Thu·ª∑
Ng√¢n h√†ng Techcombank


N·ªôi dung chuy·ªÉn kho·∫£n Ng·ªçc Di·ªáp  ghi r√µ T√™n Facebook + s·ªë ƒëi·ªán tho·∫°i v√† nh·∫Øn l·∫°i b√™n m√¨nh sau khi CK nh√©.",2020-07-25T08:05:40+0000
517,538.0,,,,2267742536673789.0,Ok,,2020-07-25T08:06:34+0000
518,538.0,,shipping_order,,2267742536673789.0,,,2020-07-25T08:10:29+0000
519,557.0,uc_s5.2,,,1654827424573122.0,M√°y t·∫°p ·∫©m babymow bnhieu ƒë·∫•y ak,d·∫° 2100k ·∫°,2020-07-27T01:50:05+0000
520,557.0,,,,1654827424573122.0,Ship em 1 c√°i,,2020-07-27T01:55:58+0000
521,557.0,,,,1654827424573122.0,"S·ªë 2, ng√°ch 29, ng√µ 24, ƒë∆∞·ªùng Ng√¥ Quy·ªÅn, V·∫°n Ph√∫c, H√† ƒë√¥ng",,2020-07-27T01:56:26+0000
522,557.0,,silence,,1654827424573122.0,0396673776,,2020-07-27T01:56:30+0000
523,557.0,,,,1654827424573122.0,Cho em s·ªë tk em chuy·ªÉn kho·∫£n nh√©,2100+40k ship nha b,2020-07-27T01:56:52+0000
524,557.0,,,,1454523434857990.0,,"‚ùå 0611001928974 - VietcomBank chi nh√°nh Ba ƒê√¨nh. Nguy·ªÖn L√™ Thu·ª∑

‚ùå 19034987361010 - Nguy·ªÖn L√™ Thu·ª∑
Ng√¢n h√†ng Techcombank


N·ªôi dung chuy·ªÉn kho·∫£n Giang Nguy·ªÖn  ghi r√µ T√™n Facebook + s·ªë ƒëi·ªán tho·∫°i v√† nh·∫Øn l·∫°i b√™n m√¨nh sau khi CK nh√©.",
525,557.0,,,,1654827424573122.0,,,2020-07-27T02:01:35+0000
526,557.0,,,,1654827424573122.0,H√¥m nay ship lu√¥n em vs nh√©,v√¢ng ·∫°,2020-07-27T02:01:48+0000
527,568.0,,,,4390031701021821.0,Get Started,,2020-07-25T08:30:07+0000
528,568.0,,,,4390031701021821.0,Ch·ªã ∆°i,,2020-07-25T08:30:07+0000
529,568.0,uc_s5.2,,,4390031701021821.0,T·ªß nh·ª±a KUB gi√° bn a,M√¨nh ko c√≤n h√†ng ·∫°,2020-07-25T08:30:17+0000
530,570.0,,,,1454523434857990.0,,b√™n e l√† kho ko c√≥ h√†ng b√†y s·∫µn,
531,570.0,,,,3008348659175646.0,cho m√¨nh ck nh√©,"‚ùå 0611001928974 - VietcomBank chi nh√°nh Ba ƒê√¨nh. Nguy·ªÖn L√™ Thu·ª∑

‚ùå 19034987361010 - Nguy·ªÖn L√™ Thu·ª∑
Ng√¢n h√†ng Techcombank


N·ªôi dung chuy·ªÉn kho·∫£n Ha My  ghi r√µ T√™n Facebook + s·ªë ƒëi·ªán tho·∫°i v√† nh·∫Øn l·∫°i b√™n m√¨nh sau khi CK nh√©.",2020-07-24T09:42:00+0000
532,570.0,,,,1454523434857990.0,,459k ·∫°,
533,570.0,,,,3008348659175646.0,,V√¢ng ·∫°,2020-07-24T09:47:09+0000
534,570.0,,,,1454523434857990.0,,T√≠ ship b√™n e giao s·∫Ω g·ªçi cho c trc,
535,570.0,,,,3008348659175646.0,okie,,2020-07-24T09:47:52+0000
536,570.0,uc_s5.2,,,3008348659175646.0,m√°y gi·∫∑t mini doux bao ti·ªÅn shop ∆°i,E h·∫øt r ·∫°,2020-07-25T04:19:16+0000
537,570.0,,,,3008348659175646.0,bao gi·ªù h√†ng v·ªÅ,Em ch∆∞a c√≥ l·ªãch ve r ·∫°,2020-07-25T05:03:34+0000
538,570.0,,,,3008348659175646.0,,,2020-07-25T08:05:37+0000
539,570.0,,,,3008348659175646.0,"em ∆°i, h√¥m qua ch·ªã mua chin c√°nh c·ª•t",,2020-07-25T08:05:57+0000
540,570.0,,silence,,3008348659175646.0,l·∫Øp pin ko ƒëc,,2020-07-25T08:06:02+0000
541,570.0,,,,3008348659175646.0,th√¨ ph√°t hi·ªán b·ªã r·ªâ,,2020-07-25T08:06:12+0000
542,570.0,,,,3008348659175646.0,,v√¢ng h√¥m nay b√™n m√¨nh qua ƒë·ªïi ·∫°,2020-07-25T08:06:32+0000
543,570.0,,silence,,3008348659175646.0,m√¨nh ƒëang ·ªü 12 h√†ng da,v√¢ng ship s·∫Ω g·ªçi tr∆∞·ªõc khi ƒëi b·∫°n b√°o ƒë·ªãa ch·ªâ cho anh ship gi√∫p m√¨nh l√† ƒë∆∞·ª£c ·∫°,2020-07-25T08:11:02+0000
544,570.0,,,,3008348659175646.0,okie,,2020-07-25T08:34:14+0000
545,570.0,,,,3008348659175646.0,ch∆∞a th·∫•y ship g·ªçi e ·∫°,d·∫° b ∆°i ship b√™n minh ƒë·ªïi cho b ch∆∞a ·∫°,2020-07-25T09:21:42+0000
546,570.0,,,,3008348659175646.0,ƒëc r·ªìi b·∫°n ·∫°,v√¢ng ·∫°,2020-07-27T02:21:32+0000
547,574.0,,,,1504606816277595.0,Get Started,,2020-07-27T03:56:33+0000
548,574.0,uc_s5.2,,,1504606816277595.0,M√°y phun s∆∞∆°ng babymoov gi√° bao nhi√™u ·∫°,d·∫° 2100k ·∫°,2020-07-27T03:57:27+0000
549,576.0,,,uc_s4.3,2775071285851992.0,b√™n m√¨nh c√≤n c√°i ƒë√†n organ winfun m√†u h·ªìng ko ·∫°,"D·∫°, b·∫°n ch·ªù trong √≠t ph√∫t shop ki·ªÉm tra kho h√†ng r·ªìi b√°o l·∫°i b·∫°n ngay ·∫°! ^^",2020-07-27T02:40:31+0000
550,576.0,,,,2775071285851992.0,v√¢ng,d·∫° m√¨nh c√≤n ·∫°,2020-07-27T02:40:53+0000
551,576.0,,,,1454523434857990.0,,750k,
552,576.0,,,,2775071285851992.0,v√¢ng,,2020-07-27T02:50:56+0000
553,576.0,,,,2775071285851992.0,ship v·ªÅ BN n·ªØa th√¨ bao nhi√™u ·∫°,,2020-07-27T02:51:02+0000
554,576.0,,,,2775071285851992.0,cho em ƒë·∫∑t 1 c√°i m√†u h·ªìng,,2020-07-27T02:51:09+0000
555,576.0,,,,2775071285851992.0,"ship v·ªÅ 99 L√™ Quang ƒê·∫°o, T·ª´ S∆°n, B·∫Øc Ninh",d·∫° kho·∫£ng g·∫ßn 100k ·∫°,2020-07-27T02:51:29+0000
556,576.0,,,,2775071285851992.0,Th·∫£o 0966123158,,2020-07-27T02:51:34+0000
557,576.0,,,,2775071285851992.0,v√¢ng,,2020-07-27T02:51:37+0000
558,576.0,,,,2775071285851992.0,c√≥ ship COD ƒë√∫ng k ·∫°,,2020-07-27T02:51:42+0000
559,576.0,,,,2775071285851992.0,b√™n m√¨nh c√≥ ch·ªët ƒë∆°n ko ch·ªã ∆°i,"D·∫° ƒë·ªãa ch·ªâ n√†y Tr·∫ßn Ph∆∞∆°ng Th·∫£o vui l√≤ng chuy·ªÉn kho·∫£n 50% ho·∫∑c 100% gi√° tr·ªã ƒë∆°n h√†ng d√πm m√¨nh-b√™n m√¨nh g·ª≠i VIETELL
B·∫°n ck ti·ªÅn h√†ng - ti·ªÅn ship b·∫°n thanh to√°n khi nh·∫≠n ·∫° .
Ho·∫∑c b·∫°n ƒë·∫∑t shopee n·∫øu c·∫ßn COD
https://shopee.vn/shopgaubingo
https://shopee.vn/quan01683242286
HO·∫∂C
Tiki : https://tiki.vn/cua-hang/gau-bi-ngo",2020-07-27T03:34:56+0000
560,576.0,,shipping_order,,1454523434857990.0,,,
561,576.0,,,,2775071285851992.0,"v√¢ng, v·∫≠y em ck to√†n b·ªô ti·ªÅn h√†ng",,2020-07-27T03:51:18+0000
562,576.0,,,,2775071285851992.0,r·ªìi ch·ªâ thanh to√°n ti·ªÅn ship n·ªØa th√¥i,,2020-07-27T03:51:25+0000
563,576.0,,,,2775071285851992.0,cho em xin stk,"‚ùå 0611001928974 - VietcomBank chi nh√°nh Ba ƒê√¨nh. Nguy·ªÖn L√™ Thu·ª∑

‚ùå 19034987361010 - Nguy·ªÖn L√™ Thu·ª∑
Ng√¢n h√†ng Techcombank


N·ªôi dung chuy·ªÉn kho·∫£n Tr·∫ßn Ph∆∞∆°ng Th·∫£o  ghi r√µ T√™n Facebook + s·ªë ƒëi·ªán tho·∫°i v√† nh·∫Øn l·∫°i b√™n m√¨nh sau khi CK nh√©.",2020-07-27T03:51:28+0000
564,576.0,,silence,,2775071285851992.0,,v√¢ng b ƒë·ª£i nh·∫≠n d√πm mk ·∫°,2020-07-27T04:20:06+0000
565,576.0,,,,2775071285851992.0,V√¢ng :D ship lu√¥n h·ªô em nh√©,v√¢ng ·∫°h,2020-07-27T04:24:16+0000
566,582.0,uc_s5.1,,,2330018860444561.0,Cho m√¨nh xin gi√° gh·∫ø ƒÉn d·∫∑m ·∫°,b·∫°n c√≥ ·∫£nh sp k ·∫°,2020-07-27T04:43:22+0000
567,582.0,,,,1454523434857990.0,,cho m√¨nh,
568,582.0,,,,2330018860444561.0,gh·∫ø mastela h√¨nh g·∫•u tr√∫c ·∫•y ·∫°,990k ·∫°,2020-07-27T07:06:25+0000
569,604.0,,,uc_s4.2,2182480858441676.0,shop ∆°i nh√† m√¨nh c√≤n m√°y t·∫°o ·∫©m Laica ko ·∫°,C√≥ ph·∫£i b·∫°n mu·ªën h·ªèi h√£ng s·∫£n xu·∫•t sau kh√¥ng ·∫°?,2020-07-28T04:42:39+0000
570,604.0,,,,2182480858441676.0,,,2020-07-28T04:43:45+0000
571,604.0,,silence,,2182480858441676.0,m√¨nh h·ªèi lo·∫°i n√†y,"D·∫°, c√≥ ph·∫£i b·∫°n mu·ªën h·ªèi m·ªôt trong c√°c s·∫£n ph·∫©m d∆∞·ªõi ƒë√¢y kh√¥ng ·∫°?
 (Vui l√≤ng ·∫•n ch·ªçn 1 s·∫£n ph·∫©m)",2020-07-28T04:43:48+0000
572,604.0,,,,1454523434857990.0,,,
573,604.0,,,,1454523434857990.0,,...,
574,604.0,,,,1454523434857990.0,,d·∫° minfhc √≤n ·∫°,
575,604.0,,,,1454523434857990.0,,990k,
576,606.0,,,,3312958022099032.0,B·∫Øt ƒë·∫ßu,"Ch√†o Trung ƒê·ªó Nam, m√¨nh l√† G·∫•u Bino, tr·ª£ l√Ω ·∫£o c·ªßa Shop G·∫•u & B√≠ Ng√¥, m√¨nh gi√∫p g√¨ ƒë∆∞·ª£c b·∫°n ·∫°?",2020-07-28T07:22:25+0000
577,606.0,uc_s5.1,,,3312958022099032.0,Xe t·∫≠p ƒëi gi√° sao ·∫°,Hi·ªán t·∫°i s·∫£n ph·∫©m Xe T·∫≠p ƒêi   shop ƒëang c√≥ nh·ªØng *m√†u* sau ·∫°:,2020-07-28T07:22:44+0000
578,606.0,,silence,,3312958022099032.0,t·∫Øt bot,"D·∫°, b·∫°n vui l√≤ng ch·ªù trong √≠t ph√∫t nh√¢n vi√™n c·ªßa shop s·∫Ω ph·ª•c v·ª• b·∫°n ·∫°!^^",2020-07-28T07:22:58+0000
579,606.0,,,,3312958022099032.0,bleh,"Ch√†o Trung ƒê·ªó Nam, m√¨nh l√† G·∫•u Bino, tr·ª£ l√Ω ·∫£o c·ªßa Shop G·∫•u & B√≠ Ng√¥, m√¨nh gi√∫p g√¨ ƒë∆∞·ª£c b·∫°n ·∫°?",2020-07-28T07:28:34+0000
580,606.0,,,,3312958022099032.0,aaaaa,,2020-07-28T07:29:06+0000
581,606.0,,silence,,3312958022099032.0,bb,"Ch√†o Trung ƒê·ªó Nam, m√¨nh l√† G·∫•u Bino, tr·ª£ l√Ω ·∫£o c·ªßa Shop G·∫•u & B√≠ Ng√¥, m√¨nh gi√∫p g√¨ ƒë∆∞·ª£c b·∫°n ·∫°?",2020-07-28T07:29:29+0000
582,615.0,,,,3257930267621555.0,Get Started,,2020-07-29T00:57:24+0000
583,615.0,uc_s5.2,,uc_s4.2,3257930267621555.0,M√°y gi·∫∑t mini doux c√≤n h√†ng ko b·∫°n? Gi√° bn?,M√¨nh h·∫øt r ·∫°,2020-07-29T00:57:37+0000
584,621.0,,,,2547367791974518.0,,,2020-07-28T18:33:28+0000
585,621.0,,,,2547367791974518.0,Cho m√¨nh h·ªèi gi√° c·ªßa 2 m√≥n tr√™n v√† gi∆∞·ªùng hola,C·∫ßu tr∆∞·ª£t 970k,2020-07-28T18:33:39+0000
586,621.0,,silence,,1454523434857990.0,,C·∫ßu goal 590k ·∫°,
587,621.0,uc_s5.2,,,2547367791974518.0,C√≤n gi∆∞·ªùng hola th√¨ bao nhi√™u ha,"Gi∆∞·ªùng Hola ch√≠nh h√£ng gi√° h√£ng ni√™m y·∫øt 2200K - G·∫•u & B√≠ Ng√¥ KM ch·ªâ 1590K. 
ƒê·ªám b√°n k√®m 700K Tuy·∫øt H√† Nguy·ªÖn nh√©

Ship n·ªôi th√†nh h·ªó tr·ª£ Gi∆∞·ªùng 80K/ ƒë·ªãa ch·ªâ n·ªôi th√†nh (ki·ªán h√†ng 10kg) - L·∫•y c·∫£ ƒë·ªám ship100K/ ƒë·ªãa ch·ªâ (ki·ªán h√†ng kho·∫£ng 15kg). H√†ng r·∫•t to c·ªìng k·ªÅnh
ƒê·ªãa ch·ªâ chung c∆∞ nh·∫≠n d∆∞·ªõi ch√¢n t√≤a nh√† gi√∫p em / Kh√¥ng k√®m l·∫Øp ƒë·∫∑t ·∫° - L·∫Øp si√™u d·ªÖ ·∫°

K√≠ch th∆∞·ªõc & ·∫£nh th·∫≠t ƒë√¢y ·∫°: https://www.facebook.com/1454523434857990/posts/2140817532895240?sfns=mo",2020-07-29T01:20:20+0000
588,621.0,,,,1454523434857990.0,,,
589,630.0,uc_s5.3,,,2893036220763894.0,"C·ª≠a nh√† m√¨nh chi·ªÅu ngang 95 cm, v·∫≠y mua thanh ch·∫Øn c·ª≠a + th√™m thanh n·ªëi 15cm l√† v·ª´a ph·∫£i kg b·∫°n? Nh∆∞ th·∫ø h·∫øt bao nhi√™u ti·ªÅn?","Thanh ch·∫Øn c·ª≠a/ c·∫ßu thang an to√†n c√≥ gi√° 520K/ thanh Hai Pham nh√©

C√≥ th·ªÉ ƒëi·ªÅu ch·ªânh chi·ªÅu ngang t·ª´ 74cm t·ªõi 83cm (cao 77cm). N·∫øu thi·∫øu mua th√™m thanh n·ªëi 12cm gi√° 140K / thanh n·ªëi 36cm gi√° 280K nh√©

Xem chi ti·∫øt c√°c k√≠ch th∆∞·ªõc c·ª≠a c·∫ßn l·∫Øp t·∫°i ƒë√¢y: https://www.facebook.com/1454523434857990/posts/2089132531397074/

L·∫Øp ƒë·∫∑t c·ª±c ƒë∆°n gi·∫£n xem t·∫°i ƒë√¢y: 
https://www.facebook.com/watch/?v=2169930109731549",2020-07-29T03:06:05+0000
590,630.0,,,,1454523434857990.0,,,
591,630.0,,shipping_order,,2893036220763894.0,"C·ª≠a nh√† m√¨nh r·ªông 95cm, v√¢y l√† h·∫øt 660k ƒë√∫ng kg b·∫°n? C√≥ m·∫•t ph√≠ ship n·ªØa kg",v√¢ng b ·ªü ƒë√¢u ·∫°,2020-07-29T03:15:26+0000
592,630.0,,,,2893036220763894.0,M√¨nh ·ªõ M·ªπ ƒê√¨nh,,2020-07-29T03:25:44+0000
593,630.0,,,,2893036220763894.0,C√≥ m·∫•t ph√≠ ship kg? C√≥ ng∆∞·ªùi ƒë·∫øn l·∫Øp cho kh√¥ng?,d·∫° ship 40k ·∫°,2020-07-29T03:27:07+0000
594,630.0,,silence,,1454523434857990.0,,b√™n m√¨nh ko c√≥ ng ƒë·∫øn l·∫Øp r ·∫°,
595,634.0,,,uc_s4.3,2057293691017100.8,nh√† m√¨nh c√≤n b√°n gi∆∞·ªùng nh·ª±a Hola ko ·∫°,C√≥ ph·∫£i b·∫°n mu·ªën h·ªèi h√£ng s·∫£n xu·∫•t sau kh√¥ng ·∫°?,2020-07-29T03:44:53+0000
596,637.0,,,,3466218956784631.0,Get Started,,2020-07-29T04:24:40+0000
597,637.0,,,,3466218956784631.0,,"Ch√†o Doan Phuong Anh, m√¨nh l√† G·∫•u Bino, tr·ª£ l√Ω ·∫£o c·ªßa Shop G·∫•u & B√≠ Ng√¥, m√¨nh gi√∫p g√¨ ƒë∆∞·ª£c b·∫°n ·∫°?",2020-07-29T04:24:44+0000
598,637.0,uc_s5.1,,,3466218956784631.0,cho m xin gi√° set n√†y,,2020-07-29T04:24:52+0000
599,637.0,,,,3466218956784631.0,sz nh·ªè nh·∫•t l√† bn ·∫°,"D·∫°, c√≥ ph·∫£i b·∫°n mu·ªën h·ªèi m·ªôt trong c√°c s·∫£n ph·∫©m d∆∞·ªõi ƒë√¢y kh√¥ng ·∫°?
 (Vui l√≤ng ·∫•n ch·ªçn 1 s·∫£n ph·∫©m)",2020-07-29T04:24:59+0000
600,637.0,,,,1454523434857990.0,,,
601,637.0,,,,1454523434857990.0,,...,
602,637.0,,,,3466218956784631.0,k√≠ch th∆∞·ªõc nh·ªè nh·∫•t gi√° 1.3 ·∫°,,2020-07-29T04:26:39+0000
603,637.0,,,,3466218956784631.0,c√≥ bao g·ªìm th·∫£m ko ·∫°,,2020-07-29T04:26:47+0000
604,637.0,,,,3466218956784631.0,c√°i n√†y,"S·∫£n ph·∫©m Qu√¢y g√≥c vu√¥ng c√°nh nh·ªè h√¨nh ng√¥i nh√† c√≥ gi√° b√°n th·∫•p nh·∫•t t·ª´: *1,040,000 VND*, b·∫°n vui l√≤ng b·∫•m v√†o s·∫£n ph·∫©m ƒë·ªÉ xem th√¥ng tin chi ti·∫øt ·∫°!",2020-07-29T04:26:56+0000
605,637.0,,handover_to_inbox,,1454523434857990.0,,,
606,637.0,,,,1454523434857990.0,,"D·∫°, b·∫°n ch·ªù trong √≠t ph√∫t shop ki·ªÉm tra kho h√†ng r·ªìi b√°o l·∫°i b·∫°n ngay ·∫°! ^^",
607,660.0,,,,2335287063229348.0,Get Started,,2020-07-30T00:30:24+0000
608,660.0,uc_s5.2,,,2335287063229348.0,gh·∫ø ƒÉn d·∫∑m more kiss m√†u h·ªìng gi√° sao a?,d·∫° mk c√≤n aricare th√¥i ·∫°,2020-07-30T00:30:47+0000
609,660.0,,,,2335287063229348.0,m·∫´u n√†o a,https://shopee.vn/Gh%E1%BA%BF-%C4%91a-n%C4%83ng-cao-c%E1%BA%A5p-Aricare-i.36371562.6713477764,2020-07-30T01:45:53+0000
610,660.0,,,,1454523434857990.0,,,
611,660.0,,,,1454523434857990.0,,t√≠nh nƒÉng nh∆∞ more kis ·∫°,
612,660.0,,,,2335287063229348.0,m·∫´u n√†y c√≥ g·∫•p l·∫°i dc ko a?,,2020-07-30T01:54:48+0000
613,660.0,,silence,,2335287063229348.0,ƒë·ªÉ n·∫∑ng ƒëi √Ω,g·∫•p dk nh∆∞ng k g·ªçn h·∫≥n ƒë√¢u b ·∫°,2020-07-30T01:54:57+0000
614,663.0,,,,2605373296256737.0,E ∆°i,,2020-07-22T14:32:43+0000
615,663.0,,,uc_s4.1,2605373296256737.0,B√™n m√¨nh c√≥ c√°c con th√∫ b√¥ng cho tr·∫ª em √¥m ng·ªß k,https://shopee.vn/search?keyword=ru%20ng%E1%BB%A7&shop=36371562,2020-07-22T14:33:09+0000
616,663.0,,,,1454523434857990.0,,,
617,663.0,,silence,,1454523434857990.0,,d·∫° ch·ªã xem d√πm e ·∫°,
