conversation_id,uc5,outcome,uc4,sender_id,user_message,bot_message,created_time
30,uc_s5.1,other,,4015050185201891,"Shop ∆°i, tr√™n m√¨nh c√≥ ƒë·ªãu cho b√© kh√¥ng? V√† c√≥ nh·ªØng lo·∫°i v√† gi√° nh∆∞ n√†o? Shop nh·∫Øn gi√∫p m√¨nh nh√©",Hi·ªán t·∫°i s·∫£n ph·∫©m ƒê·ªãu   shop ƒëang c√≥ nh·ªØng *gi√°* sau ·∫°:,2020-06-03T03:47:53+0000
30,,,,4015050185201891,Sao c≈©ng ƒë∆∞·ª£c!,Hi·ªán t·∫°i s·∫£n ph·∫©m ƒê·ªãu   shop ƒëang c√≥ nh·ªØng *m√†u* sau ·∫°:,2020-06-03T03:48:39+0000
30,,,,4015050185201891,H·ªìng,Hi·ªán t·∫°i s·∫£n ph·∫©m ƒê·ªãu  H·ªìng  shop ƒëang c√≥ nh·ªØng *h√£ng s·∫£n xu·∫•t* sau ·∫°:,2020-06-03T03:48:54+0000
30,,other,,4015050185201891,Sao c≈©ng ƒë∆∞·ª£c!,Hi·ªán t·∫°i s·∫£n ph·∫©m ƒê·ªãu  H·ªìng  shop ƒëang c√≥ nh·ªØng *ƒë·ªô tu·ªïi s·ª≠ d·ª•ng* sau ·∫°:,2020-06-03T03:49:02+0000
30,,,,4015050185201891,0-36 Th√°ng,"Hi·ªán t·∫°i s·∫£n ph·∫©m ƒê·ªãu  H·ªìng, ƒë·ªô tu·ªïi s·ª≠ d·ª•ng 0-36 Th√°ng  shop ƒëang c√≥ nh·ªØng *k√≠ch th∆∞·ªõc* sau ·∫°:",2020-06-03T03:49:10+0000
30,,,,4015050185201891,Sao c≈©ng ƒë∆∞·ª£c!,b·∫°n xem d√πm mk,2020-06-03T03:49:22+0000
30,,,,1454523434857990,,https://shopee.vn/search?keyword=%C4%91%E1%BB%8Bu&shop=36371562,
30,,,,4015050185201891,,,2020-06-03T04:04:45+0000
33,uc_s5.1,,,1939147366104320,b√°o gi√° gi√∫p m b·ªô n√†y,"M√¨nh ch∆∞a x√°c ƒë·ªãnh ƒë∆∞·ª£c m√≥n ƒë·ªì b·∫°n h·ªèi, b·∫°n m√¥ t·∫£ r√µ h∆°n gi√∫p m√¨nh nh√©!",2020-06-03T04:31:40+0000
33,,,,1939147366104320,,"S·∫£n ph·∫©m  B√†n gh·∫ø ƒëa nƒÉng Lego Holla ch√≠nh h√£ng / M·∫´u G·∫•u  hi·ªán shop ƒëang c√≥ m·ª©c gi√°: *890,000 VND (gi√° g·ªëc 1,400,000 VND)*.",2020-06-03T04:33:26+0000
33,,,,1454523434857990,,,
33,,,,1939147366104320,b√†n n√†y l√† lo·∫°i kh√°c h·∫£ b,,2020-06-03T04:40:46+0000
33,,,,1939147366104320,,"S·∫£n ph·∫©m B√†n gh·∫ø ch∆°i Lego ƒëa nƒÉng cao c·∫•p g·∫•p g·ªçn SMONEO  hi·ªán shop ƒëang c√≥ m·ª©c gi√°: *1,100,000 VND (gi√° g·ªëc 1,890,000 VND)*.",2020-06-03T04:40:47+0000
33,,,,1454523434857990,,,
33,,,,1939147366104320,b√†n ƒë·∫ßu ti√™n 850k l√† k g·∫≠p ƒë∆∞·ª£c ƒë√∫ng k b,,2020-06-03T04:42:39+0000
85,,,,2181209528639709,Get Started,"Ch√†o Rin Ken, m√¨nh l√† tr·ª£ l√Ω ·∫£o c·ªßa Shop G·∫•u & B√≠ Ng√¥!
ƒê·ªÉ h·ªó tr·ª£ b·∫°n nhanh nh·∫•t c√≥ th·ªÉ, vui l√≤ng m√¥ t·∫£ ng·∫Øn g·ªçn v√† r√µ r√†ng s·∫£n ph·∫©m mu·ªën t√¨m ki·∫øm nh√©!",2020-06-05T03:57:42+0000
85,uc_s5.1,silence,,2181209528639709,Alo xe V3 bao nhi√™u shop ∆°i,S·∫£n ph·∫©m b·∫°n ƒëang t√¨m c√≥ ph·∫£i l√†?,2020-06-05T03:58:01+0000
85,,,,2181209528639709,Xe ƒê·∫©y,Hi·ªán t·∫°i s·∫£n ph·∫©m Xe ƒê·∫©y   shop ƒëang c√≥ nh·ªØng *gi√°* sau ·∫°:,2020-06-05T03:58:26+0000
85,,,,2181209528639709,,,2020-06-05T03:59:32+0000
85,,,,2181209528639709,Xe ki·ªÉu n√†y V3,"D·∫°, c√≥ ph·∫£i b·∫°n mu·ªën h·ªèi m·ªôt trong c√°c s·∫£n ph·∫©m d∆∞·ªõi ƒë√¢y kh√¥ng ·∫°?
 (Vui l√≤ng ·∫•n ch·ªçn 1 s·∫£n ph·∫©m)",2020-06-05T03:59:41+0000
85,,silence,,1454523434857990,,,
85,,,,1454523434857990,,...,
85,,,,2181209528639709,G·ª≠i cho m√¨nh m·∫•y m·∫´u gh·∫ø ng·ªìi ƒÉn d·∫∑m n·ªØa,,2020-06-05T08:50:53+0000
85,,other,,2181209528639709,M√¨nh xem ok th√¨ m√¨nh l·∫•y lu√¥n,Hi·ªán t·∫°i s·∫£n ph·∫©m Gh·∫ø ƒÇn   shop ƒëang c√≥ nh·ªØng *gi√°* sau ·∫°:,2020-06-05T08:51:04+0000
85,,,,2181209528639709,Sao c≈©ng ƒë∆∞·ª£c!,,2020-06-05T08:51:21+0000
85,,,,2181209528639709,,,2020-06-05T08:52:13+0000
85,,,,2181209528639709,D·∫°ng gh·∫ø n√†y nh√©,https://shopee.vn/-CH%C3%8DNH-H%C3%83NG-Gh%E1%BA%BF-%C4%91a-n%C4%83ng-HANBEI-(-full-b%C3%A1nh-xe-%C4%91%E1%BB%87m-l%C6%B0ng-H%C3%A0ng-nh%E1%BA%ADp-kh%E1%BA%A9u-ch%C3%ADnh-h%C3%A3ng-h%E1%BB%99p-ti%E1%BA%BFng-Anh-)-i.36371562.2711535629,2020-06-05T08:52:21+0000
103,,other,,2273048092739002,,,2020-06-05T15:52:52+0000
103,,,,2273048092739002,b√™n m√¨nh c√≥ s·ªâ m·∫´u n√†y k ·∫°,m√¨nh b√°n l·∫ª =s·ªâ r ·∫°,2020-06-05T15:52:59+0000
103,uc_s5.1,,,2273048092739002,m·∫´u n√†y gi√° sao ·∫°,d·∫° 760k ·∫°,2020-06-06T03:41:11+0000
130,uc_s5.1,,,2026301540780894,C·∫ßu tr∆∞·ª£t e g·ª≠i ·∫£nh ch·ªã ghi 13xx l√† Bn v·∫≠y c,,2020-06-07T10:56:54+0000
130,,,,2026301540780894,C√≥ s·∫µn k ah,,2020-06-07T10:57:02+0000
130,,,,2026301540780894,C ib cho e,,2020-06-08T02:24:09+0000
144,uc_s5.1,silence,,2925041644199668,Xin gi√° m√°y gi·∫∑t doux v·ªõi,"üí• M√°y gi·∫∑t t·ª± ƒë·ªông mini DOUX cao c·∫•p 
G·∫§U & B√ç NG√î KM CH·ªà #2990K 

Kh·ªëi l∆∞·ª£ng gi·∫∑t: 4kg

. ƒê·ªô ·ªìn gi·∫∑t <62bB, th√¢n m√°y ·ªïn ƒë·ªãnh kh√¥ng rung l·∫Øc

. C√¥ng su·∫•t: 350W si√™u ti·∫øt ki·ªám ƒëi·ªán nƒÉng

. K√≠ch th∆∞·ªõc: 39*44*72cm. Thi·∫øt k·∫ø m√°y th·ªùi trang v√† sang tr·ªçng, ph√π h·ª£p ƒë·∫∑t c·ª±c g·ªçn ngay trong nh√† t·∫Øm m√† k t·ªën di·ªán t√≠ch

. ƒê·ªô b·ªÅn cao, tu·ªïi th·ªç m√°y l·ªõn v·ªõi 1 NƒÇM B·∫¢O H√ÄNH ch√≠nh h√£ng t·∫°i Vi·ªát Nam.

Th√¥ng tin chi ti·∫øt v√† ·∫£nh th·∫≠t c√°c m,·∫π xem d√πm m√¨nh link d∆∞·ªõi nhe :

https://www.facebook.com/shopgauvabingo/posts/2448311358812521",2020-06-07T09:56:46+0000
144,,,,2925041644199668,M√¨nh ƒë·∫∑t bao gi·ªù c√≥ h√†ng nhi,b·∫°n ·ªü ƒë√¢u ·∫°,2020-06-08T03:45:25+0000
144,,,,2925041644199668,M√¨nh ƒë·ªãnh c√¥ng,d·∫° n·∫øu b l·∫•y mai h√†ng b√™n mk ve ·∫°,2020-06-08T05:32:33+0000
144,,,,2925041644199668,Ok c√≥ g√¨ t·ªëi m√¨nh b√°o,,2020-06-08T08:29:32+0000
145,uc_s5.1,,,3156636967723353,B·ªô n√†y bao ti·ªÅn shop ∆°i ?,"M√¨nh ch∆∞a x√°c ƒë·ªãnh ƒë∆∞·ª£c m√≥n ƒë·ªì b·∫°n h·ªèi, b·∫°n m√¥ t·∫£ r√µ h∆°n gi√∫p m√¨nh nh√©!",2020-06-08T05:42:05+0000
145,,,,1454523434857990,,B·∫°n ƒëang tr·∫£ l·ªùi b√¨nh lu·∫≠n c·ªßa ng∆∞·ªùi d√πng v·ªÅ b√†i vi·∫øt tr√™n Trang c·ªßa m√¨nh. Xem b√¨nh lu·∫≠n.(https://facebook.com/1454523434857990/posts/2481992345444422/?comment_id=2484499995193657),
145,,,,1454523434857990,,d·∫° 3390k ·∫°,
145,,,,3156636967723353,c·∫£ chu·ªìng c·∫ßu tr∆∞·ª£t ng·ª±a,,2020-06-08T08:36:16+0000
145,uc_s5.1,,,3156636967723353,N·∫øu m√¨nh ch·ªâ mua chu·ªìng v√† c·∫ßu tr∆∞·ª£t th√¨ l√† bao nhi√™u ?,m√¨nh ko b√°n r·ªùi c·∫ßu tr∆∞·ª£t r ·∫°,2020-06-08T08:36:40+0000
145,,,,1454523434857990,,"Qu√¢y b√≥ng Hola V∆∞∆°ng mi·ªán ch√≠nh h√£ng g·ªìm 2 size: 1m6x 1m8 & 1m8 x 2m
Full b·ªô g·ªìm:

. 01 qu√¢y b√≥ng
. 01 th·∫£m ch·ªëng 2 m·∫∑t XPE
. b√≥ng Pastel

Size 1m6 x 1m8 G·∫•u & B√≠ Ng√¥ gi√° KM ch·ªâ 1750K
Size 1m8 x 2m G·∫•u & B√≠ Ng√¥ gi√° KM ch·ªâ 1850K

·∫¢nh B·∫°n Qu√¢n D·∫•u T√™n tham kh·∫£o t·∫°i ƒë√¢y gi√∫p m√¨nh:  

https://www.facebook.com/shopgauvabingo/posts/2436360940007563",
159,,,,3099266850165938,,,2020-06-08T15:26:47+0000
159,,,,3099266850165938,B√°o gi√° gi√∫p m√¨nh ·∫°,mk c√≤n k·ªá 620k,2020-06-08T15:26:52+0000
159,,thank,,3099266850165938,C√≥ b√†n gh·∫ø k ·∫°,"M√¨nh ch∆∞a x√°c ƒë·ªãnh ƒë∆∞·ª£c m√≥n ƒë·ªì b·∫°n h·ªèi, b·∫°n m√¥ t·∫£ r√µ h∆°n gi√∫p m√¨nh nh√©!",2020-06-09T02:06:18+0000
159,,,,3099266850165938,,,2020-06-09T02:07:47+0000
159,,,,3099266850165938,ƒê√¢y ·∫°,"D·∫°, c√≥ ph·∫£i b·∫°n mu·ªën h·ªèi m·ªôt trong c√°c s·∫£n ph·∫©m d∆∞·ªõi ƒë√¢y kh√¥ng ·∫°?
 (Vui l√≤ng ·∫•n ch·ªçn 1 s·∫£n ph·∫©m)",2020-06-09T02:07:50+0000
159,,,,1454523434857990,,,
159,,,,1454523434857990,,...,
159,,,,3099266850165938,Kh√¥ng c√≥ c√°i n√†o!,B·∫°n vui l√≤ng m√¥ t·∫£ r√µ mong mu·ªën c·ªßa b·∫°n ho·∫∑c chat v·ªõi nh√¢n vi√™n t∆∞ v·∫•n nh√©!,2020-06-09T02:08:35+0000
159,,,,3099266850165938,B·ªô m√¨nh g·ª≠i anh ƒë√≥ ·∫°,m√¨nh kh√¥ng c√≤n ·∫°,2020-06-09T02:08:47+0000
159,,,,3099266850165938,Ok,,2020-06-09T02:24:31+0000
159,uc_s5.1,,,3099266850165938,B·ªô ƒë√≥ t√¢md m·∫•y ti·ªÅn v ·∫°,kho·∫£ng tr√™n duwosi 1300k ·∫°,2020-06-09T02:24:41+0000
159,,silence,,3099266850165938,D·∫° m√¨nh c·∫£m ∆°n,,2020-06-09T02:28:04+0000
194,uc_s5.1,,,1474871625902822,Cho m√¨nh gi√° c·ªßa thanh ch·∫Øn c·∫ßu thang nghen shop,Hi·ªán t·∫°i s·∫£n ph·∫©m Thanh N·ªëi Ch·∫∑n   shop ƒëang c√≥ nh·ªØng *gi√°* sau ·∫°:,2020-06-10T05:47:01+0000
194,,,,1474871625902822,V√† gi√° t√¥ng ƒë∆° doux,,2020-06-10T05:56:10+0000
194,,other,,1474871625902822,Gi√° ntn ·∫°,C√≥ ph·∫£i b·∫°n mu·ªën h·ªèi h√£ng s·∫£n xu·∫•t sau kh√¥ng ·∫°?,2020-06-10T05:56:19+0000
194,,,,1474871625902822,Minhd mu·ªën xin gi√° c·ªßa thanh ch·∫Øn v√† t√¥ng ƒë∆°,,2020-06-10T05:58:17+0000
194,,,,1474871625902822,,S·∫£n ph·∫©m b·∫°n ƒëang t√¨m c√≥ ph·∫£i l√†?,2020-06-10T05:58:19+0000
194,,,,1474871625902822,Thanh Ch·∫Øn Gi∆∞·ªùng,Hi·ªán t·∫°i s·∫£n ph·∫©m Thanh Ch·∫Øn Gi∆∞·ªùng   shop ƒëang c√≥ nh·ªØng *gi√°* sau ·∫°:,2020-06-10T06:01:05+0000
194,,,,1474871625902822,Thanh ch·∫Øn c·∫ßu thang ch·ª©,Hi·ªán t·∫°i s·∫£n ph·∫©m Thanh N·ªëi Ch·∫∑n   shop ƒëang c√≥ nh·ªØng *gi√°* sau ·∫°:,2020-06-10T06:01:31+0000
194,,,,1474871625902822,100K - 500K,D·∫° m·ªùi b·∫°n tham kh·∫£o s·∫£n ph·∫©m hi·ªán c√≥ t·∫°i shop nh√©!,2020-06-10T06:02:34+0000
194,,silence,,1454523434857990,,,
261,,,,2050793925013028,https://www.facebook.com/1454523434857990/posts/2487941704849486/?d=n,,2020-06-14T08:38:39+0000
261,uc_s5.1,,,2050793925013028,Shop oie xe n√†y bn ·∫°,,2020-06-14T08:38:44+0000
261,,,,2050793925013028,,,2020-06-14T08:41:52+0000
308,,,,3090170581060440,B·∫Øt ƒë·∫ßu,,2020-06-16T02:10:46+0000
308,,,,3090170581060440,,"Ch√†o Nguyen Thuy Dung, m√¨nh l√† tr·ª£ l√Ω ·∫£o c·ªßa Shop G·∫•u & B√≠ Ng√¥!
ƒê·ªÉ h·ªó tr·ª£ b·∫°n nhanh nh·∫•t c√≥ th·ªÉ, vui l√≤ng m√¥ t·∫£ ng·∫Øn g·ªçn v√† r√µ r√†ng s·∫£n ph·∫©m mu·ªën t√¨m ki·∫øm nh√©!",2020-06-16T02:10:50+0000
308,uc_s5.1,shipping_order,,3090170581060440,cho m xin gi√° b·ªô n√†y ah,"S·∫£n ph·∫©m B√†n h·ªçc, b·∫£n ch∆°i l·∫Øp gh√©p Lego cao c·∫•p  hi·ªán shop ƒëang c√≥ m·ª©c gi√°: *995,000 VND (gi√° g·ªëc 1,750,000 VND)*.",2020-06-16T02:10:55+0000
308,,,,1454523434857990,,,
308,,,,3090170581060440,32 mi·∫øng s·∫øp ah shiop,v√¢ng,2020-06-16T02:12:56+0000
308,,,,1454523434857990,,870k b ·∫°,
316,,,,1686670464705634,,,2020-06-16T02:41:41+0000
316,,,,1686670464705634,Shop c√≤n k ·∫°,m√¨nh c√≤n ·∫°,2020-06-16T02:41:44+0000
316,,silence,,1686670464705634,Gi√° sao v shop,,2020-06-16T04:10:34+0000
316,,,,1686670464705634,Ship v·ªÅ qng ah,ri√™ng m√°y alf 1510k,2020-06-16T04:10:43+0000
316,,,,1454523434857990,,th√™m ti·ªát tr√πng l√† 1710k ·∫°,
316,,,,1686670464705634,Ship t·ªânh gi√° sao an,,2020-06-16T04:11:51+0000
316,uc_s5.1,,,1686670464705634,M√°y n√†y ti·ªát tr√πng ƒëc bnhiu b√¨nh s·ªØaaj,"D·∫° ƒë·ªãa ch·ªâ n√†y Vu Duyen vui l√≤ng chuy·ªÉn kho·∫£n 50% ho·∫∑c 100% gi√° tr·ªã ƒë∆°n h√†ng d√πm m√¨nh-b√™n m√¨nh g·ª≠i VIETELL
B·∫°n ck ti·ªÅn h√†ng - ti·ªÅn ship b·∫°n thanh to√°n khi nh·∫≠n ·∫° .
Ho·∫∑c b·∫°n ƒë·∫∑t shopee n·∫øu c·∫ßn COD
https://shopee.vn/shopgaubingo
https://shopee.vn/quan01683242286
HO·∫∂C
Tiki : https://tiki.vn/cua-hang/gau-bi-ngo",2020-06-16T04:12:32+0000
343,,,,2437026813066784,B·∫Øt ƒë·∫ßu,"Ch√†o Thanh Bui, m√¨nh l√† tr·ª£ l√Ω ·∫£o c·ªßa Shop G·∫•u & B√≠ Ng√¥!
ƒê·ªÉ h·ªó tr·ª£ b·∫°n nhanh nh·∫•t c√≥ th·ªÉ, vui l√≤ng m√¥ t·∫£ ng·∫Øn g·ªçn v√† r√µ r√†ng s·∫£n ph·∫©m mu·ªën t√¨m ki·∫øm nh√©!",2020-06-17T05:19:24+0000
343,uc_s5.1,,,2437026813066784,Cho bi·∫øt  gi√°  c·ªßa  gh·∫ø,"M√¨nh ch∆∞a x√°c ƒë·ªãnh ƒë∆∞·ª£c m√≥n ƒë·ªì b·∫°n h·ªèi, b·∫°n m√¥ t·∫£ r√µ h∆°n gi√∫p m√¨nh nh√©!",2020-06-17T05:19:53+0000
343,,,,2437026813066784,,"D·∫°, c√≥ ph·∫£i b·∫°n mu·ªën h·ªèi m·ªôt trong c√°c s·∫£n ph·∫©m d∆∞·ªõi ƒë√¢y kh√¥ng ·∫°?
 (Vui l√≤ng ·∫•n ch·ªçn 1 s·∫£n ph·∫©m)",2020-06-17T05:21:57+0000
343,,,,1454523434857990,,,
343,,silence,,1454523434857990,,...,
347,,,,3902067819863342,Get Started,"Ch√†o Nh∆∞ L√†i, m√¨nh l√† tr·ª£ l√Ω ·∫£o c·ªßa Shop G·∫•u & B√≠ Ng√¥!
ƒê·ªÉ h·ªó tr·ª£ b·∫°n nhanh nh·∫•t c√≥ th·ªÉ, vui l√≤ng m√¥ t·∫£ ng·∫Øn g·ªçn v√† r√µ r√†ng s·∫£n ph·∫©m mu·ªën t√¨m ki·∫øm nh√©!",2020-06-17T06:35:57+0000
347,,,,3902067819863342,,B·∫°n ƒëang t√¨m ki·∫øm th√¥ng tin g√¨ ·∫°?,2020-06-17T06:36:04+0000
347,uc_s5.1,,,3902067819863342,Cho e hoi tham nay gi√° bao nhiu zay shop,"S·∫£n ph·∫©m C·∫¶U TR∆Ø·ª¢T B·∫¨P B√äNH HOLLA 3IN1  hi·ªán shop ƒëang c√≥ m·ª©c gi√°: *550,000 VND (gi√° g·ªëc 800,000 VND)*.",2020-06-17T06:36:19+0000
347,,,,1454523434857990,,,
347,,,,3902067819863342,Cho e xin gi√° tham,,2020-06-17T06:39:15+0000
347,,,,3902067819863342,,"D·∫°, c√≥ ph·∫£i b·∫°n mu·ªën h·ªèi m·ªôt trong c√°c s·∫£n ph·∫©m d∆∞·ªõi ƒë√¢y kh√¥ng ·∫°?
 (Vui l√≤ng ·∫•n ch·ªçn 1 s·∫£n ph·∫©m)",2020-06-17T06:39:23+0000
347,,,,1454523434857990,,,
347,,,,1454523434857990,,...,
347,,,,1454523434857990,,d·∫° th·∫£m 330k ·∫°,
364,,,,4272049099473736,Ch√†o b·∫°n ·∫°,,2020-06-17T11:31:53+0000
364,,,,4272049099473736,b·∫°n ∆°i b·∫°n cho m√¨nh h·ªèi,,2020-06-17T11:31:57+0000
364,,,,4272049099473736,,,2020-06-17T11:32:05+0000
364,uc_s5.1,,,4272049099473736,m·∫´u xe n√†y gi√° bn ·∫°?,d·∫° 1290k ·∫°,2020-06-17T11:32:12+0000
364,,,,4272049099473736,D·∫°,,2020-06-18T01:57:33+0000
364,uc_s5.1,,,4272049099473736,Gi√° n√†y ƒë√£ bao g·ªìm ƒëai b·∫£o v·ªá ch∆∞a ·∫°?,d·∫° g·ªìm r b ·∫°,2020-06-18T01:57:45+0000
364,,silence,,4272049099473736,D·∫°,,2020-06-18T01:59:11+0000
364,,,,4272049099473736,B·∫°n ∆°i,,2020-06-18T01:59:13+0000
364,,,,4272049099473736,M√¨nh ·ªü HN th√¨ ship l√† bn ·∫°?,cho mk ƒëc c·ª• th·ªÉ,2020-06-18T01:59:22+0000
364,,silence,,4272049099473736,"D·∫°, m√¨nh ·ªü Ph·∫°m Huy Th√¥ng, Ng·ªçc Kh√°nh, Ba ƒê√¨nh, HN ·∫°",,2020-06-18T02:01:18+0000
364,,,,4272049099473736,B·∫°n ktra gi√∫p m√¨nh,d·∫° ship 35k b ·∫°,2020-06-18T02:01:24+0000
364,,,,4272049099473736,D·∫°,,2020-06-18T02:01:50+0000
364,,,,4272049099473736,B√™n b·∫°n c√≤n m√†u ƒë·ªè ko ·∫°?,mk c√≤n ·∫°,2020-06-18T02:01:56+0000
364,,,,4272049099473736,B·∫°n ƒë·ª£i m√¨nh x√≠u nh√©,,2020-06-18T02:03:32+0000
364,,,,4272049099473736,M√¨nh h·ªèi l·∫°i m√†u r b√°o b·∫°n ·∫°,okie b nhe,2020-06-18T02:03:38+0000
378,uc_s5.1,,,1882167655225013,Xe n√†y n·∫∑ng bn kg h·∫£ shop?,S·∫£n ph·∫©m b·∫°n ƒëang t√¨m c√≥ ph·∫£i l√†?,2020-06-18T06:48:20+0000
378,uc_s5.1,,,1882167655225013,Xe n√†y bn c√¢n b·∫°n,S·∫£n ph·∫©m b·∫°n ƒëang t√¨m c√≥ ph·∫£i l√†?,2020-06-18T06:49:05+0000
379,,,,2989458507819393,E mu·ªën ƒë·∫∑t 1 xe n√†y m√†u v√†ng,,2020-06-17T08:29:31+0000
379,,,,2989458507819393,B√™n shop c√≥ s·∫µn k ·∫°,mai b√™n mk v·ªÅ ·∫°,2020-06-17T08:29:41+0000
379,,,,1454523434857990,,b c·∫ßn giao ve ƒë√¢u ah],
379,,,,2989458507819393,V√¢ng ship cho e ƒë·∫øn s·ªë 39 ng√µ 140 nghƒ©a d≈©ng ·∫°,ship 30k nha b,2020-06-17T08:30:14+0000
379,,,,1454523434857990,,cho mk sdt,
379,,,,2989458507819393,0829939331 sƒët m√¨nh ƒë√¢y ·∫°,,2020-06-17T08:30:57+0000
379,uc_s5.1,,,2989458507819393,Xe n√†y gi√° bn b·∫°n nh·ªâ,oki b,2020-06-17T08:31:04+0000
379,,,,1454523434857990,,d·∫° 520k ·∫°,
379,,,,2989458507819393,V√¢ng th·∫ø ship ƒë·∫øn n∆°i b·∫°n c·ª© g·ªçi cho m√¨nh nh√©,ok b,2020-06-17T08:33:05+0000
379,,silence,,1454523434857990,,sr b xe b√™n mk c√≤n m√†u xanh th√¥i ·∫°,
379,,,,2989458507819393,Khi n√†o th√¨ c√≥ m√†u v√†ng ·∫° :(,m√¨nh ch∆∞a c√≥ l·ªãch ve ·∫°h,2020-06-17T08:37:28+0000
379,,,,2989458507819393,Tr∆∞·ªõc 28/6 s·∫Ω k c√≥ ƒë√∫ng k ·∫°,m√¨nh ch∆∞a c√≥ l·ªãch v·ªÅ √Ω ·∫°,2020-06-17T08:40:06+0000
379,,,,2989458507819393,Th·∫ø m√¨nh l·∫•y m√†u xanh c≈©g ƒëc ·∫°,ok b,2020-06-17T08:44:47+0000
379,,,,2989458507819393,Khi n√†o b√™n b·∫°n ship ·∫°,Chi·ªÅu h√†ng v·ªÅ mk giao b nh√©,2020-06-18T06:09:44+0000
379,,,,1454523434857990,,Trc 6h dk k ·∫° v√¨ t·∫ßm ƒë√≥ h√†ng b√™n mk ms ve,
379,,,,2989458507819393,ƒêc b·∫°n nh√©,oki b,2020-06-18T06:41:52+0000
406,,,,2482724818405016,C√≥ n·ªám m√°i che ƒë·∫ßy ƒë·ªß k ·∫°,S·∫£n ph·∫©m b·∫°n ƒëang t√¨m c√≥ ph·∫£i l√†?,2020-06-19T05:05:46+0000
406,,,,2482724818405016,L√† xe Tomorrow ·∫•y,,2020-06-19T05:07:05+0000
406,,,,2482724818405016,Shop cho bi·∫øt th√¥ng tin ƒëi ·∫° ƒë·ªÉ em ƒë·∫∑t xe c·ªßa shop m√¨nh b√™n shope,mk h·∫øt pkien r ·∫°,2020-06-19T06:50:43+0000
406,,,,1454523434857990,,c√≤n m·∫´u ko k√®m pk 1060k,
406,,,,2482724818405016,M·∫´u 1060k k c√≥ m√†n che lu√¥n ph·∫£i k ·∫°,ko b ·∫°,2020-06-19T06:51:54+0000
406,,,,2482724818405016,ƒê·∫∑t shopee hay ƒë·∫∑t ·ªü ƒë√¢y giao nhanh h∆°n ·∫°,,2020-06-19T08:32:02+0000
406,,,,2482724818405016,"M1.21-05 Jamona city, ƒë∆∞·ªùng ƒë√†o tr√≠, ph√∫ thu·∫≠n, qu·∫≠n 7 tp hcm",nh∆∞ nhau th√¥i ·∫°,2020-06-19T08:32:45+0000
406,uc_s5.1,,,2482724818405016,Ti·ªÅn ship xe ƒë√≥ v√†o ƒë·ªãa ch·ªâ ƒë√≥ bao nhi√™u ·∫°,kho·∫£ng tr√™n d∆∞·ªõi 120k b ·∫°,2020-06-19T08:51:33+0000
406,,,,2482724818405016,Shop t√≠nh gi√∫p ak,,2020-06-19T08:52:01+0000
406,,other,,2482724818405016,Em ƒë·∫∑t lu√¥n ·∫°,b·∫°n ck hay ƒë·∫∑t shopee ·∫°,2020-06-19T08:52:14+0000
406,,,,2482724818405016,Ship cod ·∫°,n·∫øu c·∫ßn cod b·∫°n ƒë·∫∑t qua shopee d√πm mk,2020-06-19T08:53:25+0000
406,,other,,2482724818405016,,v√¢ng ·∫°,2020-06-19T08:57:35+0000
406,,,,2482724818405016,Shop ghi th√™m gi√∫p em th√™m sƒët n√†y n·ªØa l·ª° k g·ªçi ƒëc 0912104497 do nh√† em hay m·∫•t s√≥ng,,2020-06-19T08:58:28+0000
406,,,,2482724818405016,Shop ship nhanh gi√∫p em nh√©,d·∫° v·∫≠n chuy·ªÉn l√† do shopee giao b ·∫°,2020-06-19T09:01:56+0000
406,,,,1454523434857990,,mk k tham gia v√†o v·∫≠n chueyenr dk ·∫°,
406,,thank,,2482724818405016,,,2020-06-19T09:14:18+0000
409,uc_s5.1,,,2205163992876378,Ib m gi√° xe n√†y shop ∆°i,,2020-06-19T10:17:03+0000
409,,,,2205163992876378,https://www.facebook.com/1454523434857990/posts/2491958467781143/,,2020-06-19T10:17:06+0000
443,,,,2896458623786240,C√≥ ai chat ƒë∆∞·ª£c b√¢y gi·ªù kh√¥ng?,,2020-06-20T17:50:46+0000
443,uc_s5.1,,,2896458623786240,Cho em h·ªèi gi√° xe t·∫≠p ƒëi ·∫°,cho mk ·∫£nh sp ·∫°,2020-06-20T17:50:59+0000
443,,,,2896458623786240,EMm h·ªèi xe t·∫≠p ƒëi ·∫°,,2020-06-22T02:03:57+0000
443,,,,2896458623786240,h√¥m qua ch·∫Øc b√™n shop ngh·ªâ n√™n em mua b√™n kh√°c. L·∫ßn sau ·ªßng h·ªô shop sau nh√©. em c·∫£m ∆°n!,v√¢ng ·∫°,2020-06-22T02:04:33+0000
444,uc_s5.1,,,2893445347386631,Em l·∫•y lu√¥n 2 m√£ n√†y shop t√≠nh ti·ªÅn lu√¥n gi√∫p em nh√©,https://shopee.vn/%C4%90ai-xe-m%C3%A1y-c%C3%B3-ph%E1%BA%A3n-quang-m%E1%BA%ABu-m%E1%BB%9Bi-2019-i.36371562.2435092373,2020-06-18T07:15:15+0000
444,,,,1454523434857990,,ƒëai mk c√≤n m·∫´u n√†y,
444,,,,1454523434857990,,mk c√≤n ƒë·ªß 2 m√†u,
444,,,,1454523434857990,,3390+139+130=3659k sj,
444,,,,2893445347386631,Em l·∫•y m√†u xanh ·∫°,v√¢ng,2020-06-18T07:22:14+0000
444,,,,2893445347386631,,,2020-06-18T10:19:43+0000
444,,,,2893445347386631,Shop xem nh·∫≠n ƒëc ch∆∞a ·∫°,,2020-06-18T10:20:18+0000
444,,,,2893445347386631,Em ko l·∫•y b·ªô quay nh·ª±a v·ªõi ƒëai th√¥i ·∫°,,2020-06-18T10:20:58+0000
444,,,,2893445347386631,B·ªô ƒë·ªì ch∆°i em ko l·∫•y n·ªØa ·∫°,,2020-06-18T10:21:19+0000
444,,,,2893445347386631,"Em nh·∫Øn nh·∫ßm , em l·∫•y b·ªô qu√¢y nh·ª±a v·ªõi ƒëai cho b√© nh√©",ok b nhe,2020-06-18T10:30:02+0000
444,,,,1454523434857990,,h√¥m nay mk g·ª≠i nhe,
444,,,,2893445347386631,V√¢ng,b·∫°n ∆°i m√¨nh xin l·ªói hnay snhaan vi√™n b√™n mk qu√™n k ƒë√≥ng ƒëai xe m√°y,2020-06-19T01:49:20+0000
444,,silence,,1454523434857990,,h√¥m nay mk g·ª≠i viettel cho b nhe,
444,,,,2893445347386631,G·ª≠i b√™n viettel h·ªç giao ƒë·∫øn t·∫≠n nh√† ·∫°.,,2020-06-19T09:22:15+0000
444,,,,2893445347386631,"Em c≈©ng ko c·∫ßn g·∫•p ko mai shop g·ª≠i xe c≈©ng ƒëc , t·∫°i nh√† em ngay m·∫∑t ƒëg l·∫•y c≈©ng ti·ªán ·∫°",v√¢ng  b·ªô holla b√™n m√¨nh gwuir t·ª´ tr∆∞a r ·∫°,2020-06-19T09:23:32+0000
444,,,,2893445347386631,V√¢ng,,2020-06-19T09:45:29+0000
444,,,,2893445347386631,Em nh·∫≠n ƒëc qu√¢y nh·ª±a r·ªìi,,2020-06-20T10:16:37+0000
444,,,,2893445347386631,M√† shop ko g·ª≠i ƒëai ƒëeo ng·ªìi xe m√°y cho em √†,m√¨nh b√°o b√™n m√¨nh qu√™n ch∆∞a ƒë√≥ng h√†ng r ƒë√≥ ·∫°,2020-06-20T10:17:02+0000
444,,,,1454523434857990,,b√™n mk g·ª≠i viettel cho b·∫°n t·ª´ t7 r b·∫°n,
477,,,,1454523434857990,,B·∫°n ƒëang tr·∫£ l·ªùi b√¨nh lu·∫≠n c·ªßa ng∆∞·ªùi d√πng v·ªÅ b√†i vi·∫øt tr√™n Trang c·ªßa m√¨nh. Xem b√¨nh lu·∫≠n.(https://facebook.com/1454523434857990/posts/2495554064088250/?comment_id=2496706477306342),
477,,,,1454523434857990,,d·∫° 510k b ·∫°,
477,,,,1607328169314342,Xe l·∫Øc h·∫£ b,,2020-06-23T01:50:01+0000
477,uc_s5.1,silence,,1607328169314342,Th·∫ø ƒëai xe m√°y cho b√© bn ·∫°,v√¢ng ƒëai 139k ·∫°,2020-06-23T01:50:14+0000
477,,,,1607328169314342,,,2020-06-23T01:50:31+0000
477,,,,1607328169314342,ƒêai n√†y ch·∫Øc ch·∫Øn e nh·ªâ,v√¢ng d√πng cho b√© t·ªõi 12 tu·ªïi ·∫°,2020-06-23T01:54:32+0000
477,,thank,,1607328169314342,,,2020-06-23T01:55:19+0000
477,,,,1607328169314342,,,2020-06-23T02:39:30+0000
477,,,,1607328169314342,B·ªô n√†y th√¨ bn ·∫°,b·∫£ng v·∫Ω hola 2 in 1 b√™n m√¨nh gi√° 850k ·∫°,2020-06-23T02:39:38+0000
498,,,,3901270949901101,,m√¨nh h·∫øt r ah,2020-06-24T03:08:23+0000
498,uc_s5.1,,,3901270949901101,Tr∆∞·ªõc b·ªô n√†y shop b√°n bao nhi√™u,3390k ·∫°,2020-06-24T03:09:11+0000
498,,,,3901270949901101,D·∫° e c√°m ∆°n,,2020-06-24T03:10:58+0000
501,,,,3997487680293412,√Ä,v√¢ng h√£ng l·∫°i h·∫øt h√†ng r ·∫°,2020-06-24T02:18:31+0000
501,,,,3997487680293412,V·∫≠y kh√≥ nh·ªâ,v√¢ng m√¨nh ch∆∞a c√≥ l·ªãch v·ªÅ,2020-06-24T02:25:52+0000
501,,,,3997487680293412,Th·∫ø m√¨nh ƒë·ªïi sang m·∫∑t h√†ng kh√°c c·ªßa b dc k,,2020-06-24T02:27:37+0000
501,,,,3997487680293412,"Ki·ªÉu c·∫ßu tr∆∞·ª£t, x√≠ch ƒëu",v√¢ng ƒë∆∞·ª£c b ·∫°,2020-06-24T02:27:58+0000
501,,,,1454523434857990,,b·∫°n xem mu·ªën ƒë·ªïi sp g√¨ b bao mk,
501,,,,3997487680293412,B ∆°i,,2020-06-24T04:19:54+0000
501,uc_s5.1,,,3997487680293412,"M√¨nh c·ª© g·ª≠i l·∫°i gh·∫ø, b gi·ªØ ti·ªÅn",d·∫° m√¨nh nghe ·∫°,2020-06-24T04:20:09+0000
501,,,,3997487680293412,ƒê·ªÉ m√¨nh mua sau nh√©,b·∫°n mang qua b√™n m√¨nh nh√©,2020-06-24T04:20:31+0000
501,,,,1454523434857990,,n·∫øu b√™n m√¨nh thu√™ ship qua b m·∫•t ph√≠ ship ·∫°,
501,,,,3997487680293412,OK th·∫ø b·∫°n thu√™ ship gi√∫p,"b√™n m√¨nh thu√™ ship qua ship 60k c∆° ·∫° 
v√¨ ti·ªÅn c∆∞·ªõc ƒëi vs v·ªÅ",2020-06-24T04:21:34+0000
501,,,,3997487680293412,,,2020-06-24T04:27:10+0000
501,,other,,3997487680293412,OK. B thu√™ ship nh√©,,2020-06-24T04:27:19+0000
501,,,,3997487680293412,,vaag chi·ªÅu or mai ship b√™n m√¨nh qua nhe,2020-06-24T04:27:23+0000
501,,,,3997487680293412,Ho√° ƒë∆°n ƒë√¢y. M√¨nh gi·ªØ nh·ªâ,v√¢ng ƒë∆∞·ª£c b ·∫°,2020-06-24T04:27:39+0000
501,,,,1454523434857990,,b√™n m√¨nh c≈©ng c√≥ h√≥a ƒë∆°n tr√™n h·ªá th·ªëng m√†,
501,,,,1454523434857990,,b·∫°n y√™n yaam,
501,,,,3997487680293412,,,2020-06-24T04:28:50+0000
505,,,,2183700008391397,ƒê·ªÉ m√¨nh 1 c·∫∑p x√°ch n√†y nh√©,,2020-06-21T07:08:00+0000
505,,,,2183700008391397,,,2020-06-21T07:08:10+0000
505,,,,2183700008391397,Shop m√¨nh c√≥ gh√™ √¥ t√¥ tr·∫ª em ko?,c·∫∑p 380k ·∫°,2020-06-21T07:08:23+0000
505,,,,1454523434857990,,b·∫°n mu·ªën mua gh·∫ø khaonrg bn ti·ªÅn ·∫°k,
505,,,,2183700008391397,D·∫° t·∫ßm 2-4 tr,,2020-06-22T02:19:50+0000
505,,,,2183700008391397,"Hi, ƒëang ch·ªù tu v·∫•n shop ∆°i",https://shopee.vn/Gh%E1%BA%BF-%C3%B4-t%C3%B4-Zaracos-Aroma-(M%E1%BB%B9)-i.36371562.1744173026,2020-06-23T04:46:27+0000
505,,,,1454523434857990,,m√¨nh c√≤n lo·∫°i n√†y,
505,,,,1454523434857990,,d√πng cho b√© 0-6 tu·ªïi ·∫°,
505,,,,2183700008391397,Xe n√†y m√¨nh ch∆∞a ·ª©ng l·∫Øm,,2020-06-24T07:09:14+0000
505,,,,2183700008391397,B√°o gi√∫p m√¨nh ship ba l√¥ v·ªÅ Qu·∫£ng Ng√£i,,2020-06-24T07:09:33+0000
505,,silence,,2183700008391397,M√¨nh ck mua ba l√¥,"‚ùå 0611001928974 - VietcomBank chi nh√°nh Ba ƒê√¨nh. Nguy·ªÖn L√™ Thu·ª∑


N·ªôi dung chuy·ªÉn kho·∫£n Lysliana Doan  ghi r√µ T√™n Facebook + s·ªë ƒëi·ªán tho·∫°i v√† nh·∫Øn l·∫°i b√™n m√¨nh sau khi CK nh√©.",2020-06-24T07:09:40+0000
505,,other,,1454523434857990,,kho·∫£ng 40-50k ship ·∫°,
505,uc_s5.1,,,2183700008391397,M√¨nh ck ti·ªÅn balo ship t·ª± tr·∫£ hay ck ti·ªÅn ship lu√¥n shop,v√¢ng b·∫°n thanh to√°n ship khi nh·∫≠n ·∫°,2020-06-24T07:12:00+0000
505,,,,1454523434857990,,b·∫°n ∆°i m√¨nh xin  l·ªói m·∫´u n√†y mk c√≤n xanh th√¥i ·∫°,
505,,silence,,2183700008391397,"√îi, xanh th√¨ ko dc. B√© nh√† m√¨nh ko th√≠ch.",v√¢ng b√™n h√£ng m·ªõi b√°o mk l·∫°i h·∫øt r ·∫°,2020-06-24T07:13:46+0000
507,uc_s5.1,,,1946813715370673,Gi√° thanh ch·∫Øn c·∫ßu thang l√† bn b,,2020-06-24T09:09:36+0000
521,,,,1928625633818750,Aloo,,2020-06-25T03:19:57+0000
521,uc_s5.1,,,1928625633818750,E ∆°i shop m√¨nh c√≥ b·ªô ƒë·ªì ch∆°i n·∫•u ƒÉn ko? Cho c link v√† gi√°,"B·ªô ƒë·ªì ch∆°i nh√† b·∫øp th√¥ng minh g·ªìm 2 size 
_ Size nh·ªè kthc  57x30x77cm gi√° KM ch·ªâ #560k-ch·ªâ c√≥ m√†u h·ªìng ·∫°
_ Size to kthc 51x32x100 Gi√° Km ch·ªâ #730k-m√¨nh c√≥ ƒë·ªß h·ªìng v√† xanh

Vifdeo sp ƒë√¢y ·∫° : https://zalo-file-dl1.zdn.vn/f1b43cee9c4d7013295c/6817563880731541621

th√¥ng tin chi ti·∫øt c√°c m·∫π xem LInk d∆∞·ªõi d√πm m√¨nh nh√© : 

https://www.facebook.com/shopgauvabingo/posts/2434776596832664",2020-06-25T03:20:27+0000
559,uc_s5.1,silence,,1954844461223417,Thanh ch·∫Øn c·∫ßu thang tr·∫ª em bn b,B·∫°n ƒëang tr·∫£ l·ªùi b√¨nh lu·∫≠n c·ªßa ng∆∞·ªùi d√πng v·ªÅ b√†i vi·∫øt tr√™n Trang c·ªßa m√¨nh. Xem b√¨nh lu·∫≠n.(https://facebook.com/1454523434857990/posts/2498561923787464/?comment_id=2500043953639261),2020-06-27T01:37:29+0000
559,,,,1454523434857990,,"Thanh ch·∫Øn c·ª≠a/ c·∫ßu thang an to√†n c√≥ gi√° 520K/ thanh Xiao Na nh√©

C√≥ th·ªÉ ƒëi·ªÅu ch·ªânh chi·ªÅu ngang t·ª´ 74cm t·ªõi 83cm (cao 77cm). N·∫øu thi·∫øu mua th√™m thanh n·ªëi 12cm gi√° 140K / thanh n·ªëi 36cm gi√° 280K nh√©

Xem chi ti·∫øt c√°c k√≠ch th∆∞·ªõc c·ª≠a c·∫ßn l·∫Øp t·∫°i ƒë√¢y: https://www.facebook.com/1454523434857990/posts/2089132531397074/

L·∫Øp ƒë·∫∑t c·ª±c ƒë∆°n gi·∫£n xem t·∫°i ƒë√¢y: 
https://www.facebook.com/watch/?v=2169930109731549",
559,,silence,,1954844461223417,Nh√† m√¨nh c·∫ßu thang r·ªông 1.05m th√¨ mua tnao ?,1 thanh ch√≠nh vs 2 thanh 12 ·∫°,2020-06-27T02:02:44+0000
652,uc_s5.1,,,3161811430531173,Th·∫£m cu·ªôn bn ·∫°,m√¨nh ko c√≤n an,2020-06-30T05:13:25+0000
653,,,,2873590549416213,B ∆°i,,2020-06-29T11:05:23+0000
653,,,,2873590549416213,Cho m√¨nh h·ªèi qu√¢y b√≥ng nh·ª±a b√™n m√¨nh v·ªõi,"M·∫´u NG√îI NH√Ä - Qu√¢y b√≥ng Toys House g·ªìm 3 size.

. K√≠ch th∆∞·ªõc 100cm x 132cm x 60cm (g·ªìm 11 c√°nh v√† 1 c·ª≠a) 
-G·∫•u & B√≠ Ng√¥ KM ch·ªâ #990k

. K√≠ch th∆∞·ªõc 132cm x 132cm x 60cm (g·ªìm 13 c√°nh v√† 1 c·ª≠a)- G·∫•u & B√≠ Ng√¥ KM ch·ªâ #1290k

 K√≠ch th∆∞·ªõc 132cm x 165cm x 60cm(g·ªìm 15 c√°nh v√† 1 c·ª≠a ) -G·∫•u & B√≠ Ng√¥ KM ch·ªâ #1390k


·∫¢nh th·∫≠t ƒë√¢y ·∫°: https://www.facebook.com/1454523434857990/posts/2191143281195998?sfns=mo

N·∫æU C√ÅC M·∫∏ MU·ªêN FREE SHIP TO√ÄN QU·ªêC ƒê·∫∂T LINK D∆Ø·ªöI D√ôM M√åNH NHE : 
https://tiki.vn/quay-cao-cap-hinh-ngoi-nha-toys-house-chinh-hang-th319-102b-p48489553.html?src=search&2hi=0&keyword=Qu%C3%A2y+cao+c%E1%BA%A5p+h%C3%ACnh+ng%C3%B4i+nh%C3%A0+Toys+House+CH%C3%8DNH+H%C3%83NG

https://tiki.vn/quay-cao-cap-hinh-ngoi-nha-toys-house-chinh-hang-th319-122b-p48490900.html?src=search&2hi=0&keyword=Qu%C3%A2y+cao+c%E1%BA%A5p+h%C3%ACnh+ng%C3%B4i+nh%C3%A0+Toys+House+CH%C3%8DNH+H%C3%83NG

https://tiki.vn/quay-cao-cap-hinh-ngoi-nha-toys-house-chinh-hang-th319-142b-p48490570.html?src=search&2hi=0&keyword=Qu%C3%A2y+cao+c%E1%BA%A5p+h%C3%ACnh+ng%C3%B4i+nh%C3%A0+Toys+House+CH%C3%8DNH+H%C3%83NG",2020-06-29T11:05:37+0000
653,,,,1454523434857990,,,
653,,,,2873590549416213,Shop c√≤n b·ªô n√†y k ·∫°,,2020-06-30T04:21:43+0000
653,,,,2873590549416213,,m√¨nh kh√¥ng c√≤n ·∫°,2020-06-30T04:21:47+0000
653,,,,2873590549416213,M·∫´u n√†y m·∫´u c≈© ƒë√∫ng k ·∫°,v√¢ng ·∫°,2020-06-30T06:54:50+0000
653,,,,2873590549416213,H n√≥ ra m·∫´u con th·ªè ·∫°,m√¨nh c≈©ng h·∫øt r ·∫°,2020-06-30T06:55:10+0000
653,,,,2873590549416213,M√¨nh h·ªèi ch√∫t m·∫´u g√≥c vu√¥ng v·ªõi g√≥c tr√≤n th√¨ kh√°c nhau ·ªü ƒë·ªô b·ªÅn h·∫£ shop,·ªü g√≥c th√¥i ·∫°,2020-06-30T06:56:08+0000
653,,,,1454523434857990,,g√≥c vu√¥ng th√¨ ƒë·∫ßu 2 c·∫°nh n s·∫Ω nh·ªçn nh∆∞ h√¨nh vu√¥ng,
653,,,,1454523434857990,,g√≥c vu√¥ng th√¨ ƒë·∫ßu 2 c·∫°nh n s·∫Ω nh·ªçn nh∆∞ h√¨nh vu√¥ng,
653,,,,1454523434857990,,g√≥c tr√≤n th√¨ nh∆∞ ·∫£nh ·∫°,
653,,,,2873590549416213,·ª™ m√¨nh th·∫•y g√≥c r√πi nh∆∞ng √Ω l√† ch·ªâ kh√°c ·ªü thi·∫øt k·∫ø thui hay v·ªÅ ƒë·ªô b·ªÅn hay ch·∫Øc k ·∫°,g√≥c tr√≤n th√¨ e b√© b·ªã ng√£ th√¨ ƒë·ªô an to√†n cao h∆°n g√≥c vu√¥ng b ah,2020-06-30T06:57:36+0000
653,,,,1454523434857990,,g√≥c vu√¥ng s·ª£ c√≥ ƒë·∫ßu nh·ªçn,
653,,,,1454523434857990,,"nh∆∞ng ƒë√≥ l√† l√≠ thuy·∫øt 
ch·ª© thanh nh·ª±a h·ªç l√†m thanh to ch·ª© c≈©ng k nh·ªè",
653,,,,1454523434857990,,n√™n k s·ª£ b ·∫°,
653,uc_s5.1,,,2873590549416213,"√Ä m√¨nh hi·ªÉu r√πi, b·ªô con th·ªè n√†y shop b√°n bn v·∫≠y ·∫°",,2020-06-30T06:59:52+0000
653,,silence,,2873590549416213,Toy house n√†y d√πng c√≥ th√≠ch h∆°n holla k ·∫°,gi√° t√πy ƒë·ª£t b ·∫°,2020-06-30T07:00:16+0000
655,,,,1454523434857990,,B·∫°n ƒëang tr·∫£ l·ªùi b√¨nh lu·∫≠n c·ªßa ng∆∞·ªùi d√πng v·ªÅ b√†i vi·∫øt tr√™n Trang c·ªßa m√¨nh. Xem b√¨nh lu·∫≠n.(https://facebook.com/shopgauvabingo/photos/a.1464581583852175/2501913583452298/?type=3&comment_id=2502561043387552),
655,,,,1454523434857990,,d·∫° 1650k ·∫°,
655,,,,3435431619816075,1650 k ha a,v√¢ng ·∫°,2020-06-30T01:54:12+0000
655,uc_s5.1,,,3435431619816075,Chi·∫øt xe mau do  gia cug vay ha,b·∫±ng gi√° nhau  b ·∫°,2020-06-30T01:55:42+0000
655,,,,3435431619816075,Cho xinh so dt di,"D·∫° ƒë·ªãa ch·ªâ n√†y Thanh Thi·ªán vui l√≤ng chuy·ªÉn kho·∫£n 50% ho·∫∑c 100% gi√° tr·ªã ƒë∆°n h√†ng d√πm m√¨nh-b√™n m√¨nh g·ª≠i VIETELL
B·∫°n ck ti·ªÅn h√†ng - ti·ªÅn ship b·∫°n thanh to√°n khi nh·∫≠n ·∫° .
HO·∫∂C
Tiki : https://tiki.vn/cua-hang/gau-bi-ngo",2020-06-30T01:57:08+0000
655,,,,1454523434857990,,,
655,,,,3435431619816075,Toi nhan duok xe se tra ngay,b√™n em kh√¥ng g·ª≠i nh∆∞ v·∫≠y r·ªìi ·∫°,2020-06-30T08:28:39+0000
655,,,,3435431619816075,Vay thoi toi bi lu√¢ nhiu roi,"D·∫° a ∆°i b√™n em ·ªü h√† n·ªôi 
b√™n e √°n h√†ng t·ªânh nhi·ªÅu r·ªìi ·∫°  
a c·ª© tham kh·∫£o thaori m√°i",2020-06-30T08:30:38+0000
655,,,,1454523434857990,,ch·ª© b√™n e l√†m ƒÉn ƒë√†ng ho√†ng,
655,,,,1454523434857990,,kh√¥ng l·ª´a ai bao gi·ªù ·∫°,
655,,,,1454523434857990,,ho·∫∑c a chuy·ªÉn kho·∫£n 200k rooid s·ªë c√≤n l·∫°i a thanh to√°n khi nh·∫≠,
655,,,,3435431619816075,Duok roi ma goi bd ha,g·ª≠i viettel post ·∫°,2020-06-30T08:34:20+0000
655,,,,3435431619816075,Roi nhan hang o dau,nguwoif ta giao t·∫≠n nh√† ·∫°,2020-06-30T08:35:57+0000
655,,,,3435431619816075,Ok,"‚ùå 0611001928974 - VietcomBank chi nh√°nh Ba ƒê√¨nh. Nguy·ªÖn L√™ Thu·ª∑


N·ªôi dung chuy·ªÉn kho·∫£n Thanh Thi·ªán  ghi r√µ T√™n Facebook + s·ªë ƒëi·ªán tho·∫°i v√† nh·∫Øn l·∫°i b√™n m√¨nh sau khi CK nh√©.",2020-06-30T08:41:58+0000
655,,,,1454523434857990,,a ck b√°o e nhe,
655,,other,,3435431619816075,Ok toi di lam roi 0902121334,,2020-06-30T08:50:56+0000
768,,,,2336532083069803,,,2020-06-24T08:10:01+0000
768,,,,2336532083069803,gi√° nhi√™u v·∫≠y shop,,2020-06-24T08:10:06+0000
768,,,,2336532083069803,,d·∫° 85k ·∫°,2020-06-24T08:10:08+0000
768,,,,2336532083069803,balo n√†y k√≠ch th∆∞·ªõc sao h·∫£ shop,,2020-06-24T08:11:14+0000
768,,,,2336532083069803,,,2020-06-24T08:11:15+0000
768,,,,2336532083069803,b√© h·ªçc l·ªõp 3 mang ƒë∆∞·ª£c k,d·∫° ƒë∆∞·ª£c ·∫°,2020-06-24T08:11:22+0000
768,,,,1454523434857990,,380k,
768,uc_s5.1,,,2336532083069803,k√≠ch th∆∞·ªõc balo bao nhi√™u v·∫≠y shop,,2020-06-24T08:19:13+0000
768,,,,2336532083069803,c√≥ ƒë·ª±ng v·ª´a t·ªù A4 k,32x16x40 ·∫°,2020-06-24T08:19:22+0000
768,,,,2336532083069803,tr√™n shopee c√≥ link sp n√†y ch∆∞a shop,,2020-06-24T08:21:07+0000
768,,,,2336532083069803,m√¨nh ƒë·∫∑t tr√™n ƒë√≥ cho ƒë·ª° ship,m√¨nh c√≤n m·ªói m√†u xanh,2020-06-24T08:21:15+0000
768,,,,1454523434857990,,n√™n ko ƒëƒÉng shopee r ·∫°,
768,,,,2336532083069803,hu hu m√¨nh ƒëang mu·ªën mua m√†u h·ªìng,,2020-06-24T08:25:07+0000
768,,,,2336532083069803,v√¨ mua cho con g√°i,b√™n mk l·∫°i h·∫øt r ·∫°,2020-06-24T08:25:12+0000
768,,other,,2336532083069803,bu·ªìn,,2020-06-24T08:47:02+0000
