conversation_id,turn,use_case,outcome,message_id,sender_id,sender,user_message,bot_message,intent,entities,created_time,conversation_begin_date,conversation_begin_time,attachments,user_message_correction
1699,0,,handover_to_inbox,61a046a21240499d8f820dbac06aa62a,1336843956445204,user,"H√£ng j e
C√≥ b·ªÅn ko
ƒê√°nh dc nh∆∞ ƒë√†n bt √†",,handover_to_inbox,"brand,",2020-09-03 13:59:08,2020-09-03 00:00:00,1900-01-01 13:59:08,,h√£ng g√¨ ec√≥ b·ªÅn koƒë√°nh ƒë∆∞·ª£c nh∆∞ ƒë√†n bt √†
1699,0,,,,1336843956445204,bot,,"D·∫°, b·∫°n vui l√≤ng ch·ªù trong √≠t ph√∫t nh√¢n vi√™n c·ªßa shop s·∫Ω ph·ª•c v·ª• b·∫°n ·∫°!^^",,,2020-09-03 13:59:08,2020-09-03 00:00:00,1900-01-01 13:59:08,,
1700,0,,,38c439b69c9f45f783919e74fa5b9715,1358350914263654,user,/start_conversation,,start_conversation,,2020-09-03 19:04:58,2020-09-03 00:00:00,1900-01-01 19:04:58,,/st·∫£_conv·∫ªation
1700,0,,,,1358350914263654,bot,,"Ch√†o Kim Nguyet Tran, m√¨nh l√† G·∫•u Bino, tr·ª£ l√Ω ·∫£o c·ªßa Shop G·∫•u & B√≠ Ng√¥, m√¨nh gi√∫p g√¨ ƒë∆∞·ª£c b·∫°n ·∫°?",,,2020-09-03 19:04:58,2020-09-03 00:00:00,1900-01-01 19:04:58,,
1700,1,uc_s2,,c6db1c89af694cbdbf86c573e52c50ef,1358350914263654,user,Cho m xin gi√° nha ,,query_knowledge_base,"https://scontent.xx.fbcdn.net/v/t1.15752-9/107998652_271873760781506_7441959737803656345_n.jpg?_nc_cat=100&_nc_sid=b96e70&_nc_ohc=rEMIbRUPKYYAX9_WWX7&_nc_ad=z-m&_nc_cid=0&_nc_ht=scontent.xx&oh=779c0fc16b89676913356603430df28f&oe=5F75E011,https://scontent.xx.fbcdn.net/v/t1.15752-9/118792010_660616694578772_7835374627247060129_n.jpg?_nc_cat=107&_nc_sid=b96e70&_nc_ohc=a9s2D-UgLzwAX9Xeet0&_nc_ad=z-m&_nc_cid=0&_nc_ht=scontent.xx&oh=0ecde367147ef10dd4fa47bba5052ef8&oe=5F76FFE1,https://scontent.xx.fbcdn.net/v/t1.15752-9/118792097_854248985110251_623297391696686770_n.jpg?_nc_cat=101&_nc_sid=b96e70&_nc_ohc=QOP5MlgBwZAAX-EH22P&_nc_oc=AQlQsymJj5p9irW1jHvCJw3ddGgEsgXDJdU2oWmZTW0HjFJymYi2tZdLZ5qr_nxGGC_bmUPihrjEkPzljsVSDuWh&_nc_ad=z-m&_nc_cid=0&_nc_ht=scontent.xx&oh=301534472f6f1b2c41a466d08fd27368&oe=5F7612DD,price,",2020-09-03 19:05:17,2020-09-03 00:00:00,1900-01-01 19:04:58,"https://scontent.xx.fbcdn.net/v/t1.15752-9/107998652_271873760781506_7441959737803656345_n.jpg?_nc_cat=100&_nc_sid=b96e70&_nc_ohc=rEMIbRUPKYYAX9_WWX7&_nc_ad=z-m&_nc_cid=0&_nc_ht=scontent.xx&oh=779c0fc16b89676913356603430df28f&oe=5F75E011, https://scontent.xx.fbcdn.net/v/t1.15752-9/118792010_660616694578772_7835374627247060129_n.jpg?_nc_cat=107&_nc_sid=b96e70&_nc_ohc=a9s2D-UgLzwAX9Xeet0&_nc_ad=z-m&_nc_cid=0&_nc_ht=scontent.xx&oh=0ecde367147ef10dd4fa47bba5052ef8&oe=5F76FFE1, https://scontent.xx.fbcdn.net/v/t1.15752-9/118792097_854248985110251_623297391696686770_n.jpg?_nc_cat=101&_nc_sid=b96e70&_nc_ohc=QOP5MlgBwZAAX-EH22P&_nc_oc=AQlQsymJj5p9irW1jHvCJw3ddGgEsgXDJdU2oWmZTW0HjFJymYi2tZdLZ5qr_nxGGC_bmUPihrjEkPzljsVSDuWh&_nc_ad=z-m&_nc_cid=0&_nc_ht=scontent.xx&oh=301534472f6f1b2c41a466d08fd27368&oe=5F7612DD, ",cho m√¨nh xin gi√° nha
1700,1,,,,1358350914263654,bot,,"D·∫°, c√≥ ph·∫£i b·∫°n mu·ªën h·ªèi m·ªôt trong c√°c s·∫£n ph·∫©m d∆∞·ªõi ƒë√¢y kh√¥ng ·∫°?
 (Vui l√≤ng ·∫•n ch·ªçn 1 s·∫£n ph·∫©m)",,,2020-09-03 19:05:20,2020-09-03 00:00:00,1900-01-01 19:04:58,,
1700,1,,,,1358350914263654,bot,,,,,2020-09-03 19:05:20,2020-09-03 00:00:00,1900-01-01 19:04:58,,
1700,1,,silence,,1358350914263654,bot,,,,,2020-09-03 19:05:20,2020-09-03 00:00:00,1900-01-01 19:04:58,,
1701,0,,,3d55b66c8a5c437eb2499d9c389f39e8,1407198442725614,user,,,send_link,"https://scontent.xx.fbcdn.net/v/t1.15752-9/117444780_293809311851758_5298461531896790815_n.jpg?_nc_cat=106&_nc_sid=b96e70&_nc_ohc=9EyTszlnQ4cAX_WiuPp&_nc_ad=z-m&_nc_cid=0&_nc_ht=scontent.xx&oh=bf05bd870361a608e5d727984fbd9aa5&oe=5F782C77,",2020-09-03 19:43:31,2020-09-03 00:00:00,1900-01-01 19:43:31,"https://scontent.xx.fbcdn.net/v/t1.15752-9/117444780_293809311851758_5298461531896790815_n.jpg?_nc_cat=106&_nc_sid=b96e70&_nc_ohc=9EyTszlnQ4cAX_WiuPp&_nc_ad=z-m&_nc_cid=0&_nc_ht=scontent.xx&oh=bf05bd870361a608e5d727984fbd9aa5&oe=5F782C77, ",
1701,0,,,90f3623eae28438b97fe9e5e04a280b9,1407198442725614,user,M√°y n√†y l√† m√°y ti·ªát tr√πng kh√¥ √† c,,query_knowledge_base,"may,n√†y,may_tiet_trung,",2020-09-03 19:43:44,2020-09-03 00:00:00,1900-01-01 19:43:31,,m√°y n√†y l√† m√°y ti·ªát tr√πng kh√¥ √† ch·ªã
1701,0,,,,1407198442725614,bot,,D·∫° m·ªùi b·∫°n tham kh·∫£o s·∫£n ph·∫©m hi·ªán c√≥ t·∫°i shop nh√©!,,,2020-09-03 19:43:46,2020-09-03 00:00:00,1900-01-01 19:43:31,,
1701,0,,silence,,1407198442725614,bot,,,,,2020-09-03 19:43:46,2020-09-03 00:00:00,1900-01-01 19:43:31,,
1702,0,,,bb461586ccce4a6897a1cc695810d9b2,1531390636884407,user,,,send_link,"https://scontent.xx.fbcdn.net/v/t1.15752-9/118775556_713546959227992_4343770512900763967_n.jpg?_nc_cat=107&_nc_sid=b96e70&_nc_ohc=LPZW6zf6N80AX_BfkCO&_nc_ad=z-m&_nc_cid=0&_nc_ht=scontent.xx&oh=ab1c27e35f8e790b6c495dc5417d6279&oe=5F7793D3,",2020-09-03 18:18:21,2020-09-03 00:00:00,1900-01-01 18:18:21,"https://scontent.xx.fbcdn.net/v/t1.15752-9/118775556_713546959227992_4343770512900763967_n.jpg?_nc_cat=107&_nc_sid=b96e70&_nc_ohc=LPZW6zf6N80AX_BfkCO&_nc_ad=z-m&_nc_cid=0&_nc_ht=scontent.xx&oh=ab1c27e35f8e790b6c495dc5417d6279&oe=5F7793D3, ",
1702,0,,,,1531390636884407,bot,,"D·∫°, c√≥ ph·∫£i b·∫°n mu·ªën h·ªèi m·ªôt trong c√°c s·∫£n ph·∫©m d∆∞·ªõi ƒë√¢y kh√¥ng ·∫°?
 (Vui l√≤ng ·∫•n ch·ªçn 1 s·∫£n ph·∫©m)",,,2020-09-03 18:18:25,2020-09-03 00:00:00,1900-01-01 18:18:21,,
1702,0,,,,1531390636884407,bot,,,,,2020-09-03 18:18:25,2020-09-03 00:00:00,1900-01-01 18:18:21,,
1702,0,,,,1531390636884407,bot,,,,,2020-09-03 18:18:25,2020-09-03 00:00:00,1900-01-01 18:18:21,,
1702,1,uc_s2,,a5cf1ab6888449588bf70ba32299cffa,1531390636884407,user,"b ∆°i m·∫´u ntn b√™n b c√≥ b√°n k ak
gi√° bn ·∫°",,query_knowledge_base,"price,",2020-09-03 18:18:36,2020-09-03 00:00:00,1900-01-01 18:18:21,,b·∫°n ∆°i m·∫´u nh∆∞ th·∫ø n√†o b√™n b·∫°n c√≥ b√°n kh√¥ng akgi√° bao nhi√™u ·∫°
1702,1,,,,1531390636884407,bot,,"S·∫£n ph·∫©m Th·∫£m c√≥ gi√° b√°n th·∫•p nh·∫•t t·ª´: *79,000 VND*.",,,2020-09-03 18:18:36,2020-09-03 00:00:00,1900-01-01 18:18:21,,
1702,1,,silence,,1531390636884407,bot,,M·ªùi b·∫°n xem s·∫£n ph·∫©m Th·∫£m shop ƒëang b√°n t·∫°i link sau ·∫°: https://shopee.vn/search?keyword=Th%E1%BA%A3m&shop=36371562,,,2020-09-03 18:18:36,2020-09-03 00:00:00,1900-01-01 18:18:21,,
1703,0,uc_s1,,8c26fa8e876c4b5e89bc23765dc4c16c,1641451072607610,user,B√™n e c√≤n xe n√†y m√†u xanh k ,,query_knowledge_base,"https://scontent.xx.fbcdn.net/v/t1.15752-9/96263517_181974372978871_1900591262625431552_n.jpg?_nc_cat=105&_nc_sid=b96e70&_nc_ohc=j805QQvU0EwAX9R2ZFQ&_nc_ad=z-m&_nc_cid=0&_nc_ht=scontent.xx&oh=c456cf8e75a4dd7e92f922c7a588708b&oe=5F770D71,xe,n√†y,m√†u xanh,",2020-09-03 11:40:41,2020-09-03 00:00:00,1900-01-01 11:40:41,"https://scontent.xx.fbcdn.net/v/t1.15752-9/96263517_181974372978871_1900591262625431552_n.jpg?_nc_cat=105&_nc_sid=b96e70&_nc_ohc=j805QQvU0EwAX9R2ZFQ&_nc_ad=z-m&_nc_cid=0&_nc_ht=scontent.xx&oh=c456cf8e75a4dd7e92f922c7a588708b&oe=5F770D71, ",b√™n em c√≤n xe n√†y m√†u xanh kh√¥ng
1703,0,,,,1641451072607610,bot,,"D·∫°, c√≥ ph·∫£i b·∫°n mu·ªën h·ªèi m·ªôt trong c√°c s·∫£n ph·∫©m d∆∞·ªõi ƒë√¢y kh√¥ng ·∫°?
 (Vui l√≤ng ·∫•n ch·ªçn 1 s·∫£n ph·∫©m)",,,2020-09-03 11:40:56,2020-09-03 00:00:00,1900-01-01 11:40:41,,
1703,0,,,,1641451072607610,bot,,,,,2020-09-03 11:40:56,2020-09-03 00:00:00,1900-01-01 11:40:41,,
1703,0,,,,1641451072607610,bot,,,,,2020-09-03 11:40:56,2020-09-03 00:00:00,1900-01-01 11:40:41,,
1703,1,,,c810319de4b948688e7485d1439ee99d,1641451072607610,user,Xe n√†y m√†u xanh c√≤n k ,,query_knowledge_base,"https://scontent.xx.fbcdn.net/v/t1.15752-9/118579190_1278888569151871_7849989181254004642_n.jpg?_nc_cat=108&_nc_sid=b96e70&_nc_ohc=96gBkkvYjXQAX-OHtd2&_nc_ad=z-m&_nc_cid=0&_nc_ht=scontent.xx&oh=56ad723e5fc78d5a4c836630304c92b8&oe=5F76A1DE,xe,n√†y,m√†u xanh,",2020-09-03 11:41:32,2020-09-03 00:00:00,1900-01-01 11:40:41,"https://scontent.xx.fbcdn.net/v/t1.15752-9/118579190_1278888569151871_7849989181254004642_n.jpg?_nc_cat=108&_nc_sid=b96e70&_nc_ohc=96gBkkvYjXQAX-OHtd2&_nc_ad=z-m&_nc_cid=0&_nc_ht=scontent.xx&oh=56ad723e5fc78d5a4c836630304c92b8&oe=5F76A1DE, ",xe n√†y m√†u xanh c√≤n kh√¥ng
1703,1,,,,1641451072607610,bot,,"D·∫°, c√≥ ph·∫£i b·∫°n mu·ªën h·ªèi m·ªôt trong c√°c s·∫£n ph·∫©m d∆∞·ªõi ƒë√¢y kh√¥ng ·∫°?
 (Vui l√≤ng ·∫•n ch·ªçn 1 s·∫£n ph·∫©m)",,,2020-09-03 11:41:39,2020-09-03 00:00:00,1900-01-01 11:40:41,,
1703,1,,,,1641451072607610,bot,,,,,2020-09-03 11:41:39,2020-09-03 00:00:00,1900-01-01 11:40:41,,
1703,1,,,,1641451072607610,bot,,,,,2020-09-03 11:41:39,2020-09-03 00:00:00,1900-01-01 11:40:41,,
1703,2,,,66634fc2b5904c0dbfd8d00672b6c8b7,1641451072607610,user,Xe n√†y c√≤n k e ,,query_knowledge_base,"https://scontent.xx.fbcdn.net/v/t1.15752-9/96263517_181974372978871_1900591262625431552_n.jpg?_nc_cat=105&_nc_sid=b96e70&_nc_ohc=j805QQvU0EwAX9R2ZFQ&_nc_ad=z-m&_nc_cid=0&_nc_ht=scontent.xx&oh=c456cf8e75a4dd7e92f922c7a588708b&oe=5F770D71,xe,n√†y,",2020-09-03 11:42:14,2020-09-03 00:00:00,1900-01-01 11:40:41,"https://scontent.xx.fbcdn.net/v/t1.15752-9/96263517_181974372978871_1900591262625431552_n.jpg?_nc_cat=105&_nc_sid=b96e70&_nc_ohc=j805QQvU0EwAX9R2ZFQ&_nc_ad=z-m&_nc_cid=0&_nc_ht=scontent.xx&oh=c456cf8e75a4dd7e92f922c7a588708b&oe=5F770D71, ",xe n√†y c√≤n kh√¥ng em
1703,2,,,,1641451072607610,bot,,"D·∫°, c√≥ ph·∫£i b·∫°n mu·ªën h·ªèi m·ªôt trong c√°c s·∫£n ph·∫©m d∆∞·ªõi ƒë√¢y kh√¥ng ·∫°?
 (Vui l√≤ng ·∫•n ch·ªçn 1 s·∫£n ph·∫©m)",,,2020-09-03 11:42:17,2020-09-03 00:00:00,1900-01-01 11:40:41,,
1703,2,,,,1641451072607610,bot,,,,,2020-09-03 11:42:17,2020-09-03 00:00:00,1900-01-01 11:40:41,,
1703,2,,,,1641451072607610,bot,,,,,2020-09-03 11:42:17,2020-09-03 00:00:00,1900-01-01 11:40:41,,
1703,3,,handover_to_inbox,c35f718f199b438a9b002efb71356d09,1641451072607610,user,C g·ª≠i ·∫£nh xe m√† e k nh√¨n th·∫•y hay sao m√† c·ª© h·ªèi m√£i th·∫ø,,handover_to_inbox,"image,",2020-09-03 11:43:05,2020-09-03 00:00:00,1900-01-01 11:40:41,,ch·ªã g·ª≠i ·∫£nh xe m√† em kh√¥ng nh√¨n th·∫•y hay sao m√† c·ª© h·ªèi m√£i th·∫ø
1703,3,,,,1641451072607610,bot,,"D·∫°, b·∫°n vui l√≤ng ch·ªù trong √≠t ph√∫t nh√¢n vi√™n c·ªßa shop s·∫Ω ph·ª•c v·ª• b·∫°n ·∫°!^^",,,2020-09-03 11:43:05,2020-09-03 00:00:00,1900-01-01 11:40:41,,
1704,0,uc_s2,,992480e8519e4c4e8a322b9e63b2a8ea,1834823346623576,user,B√°o gi√° gi√∫p m√¨nh ,,query_knowledge_base,"https://scontent.xx.fbcdn.net/v/t1.15752-9/99011068_335322400774118_1043726397807263744_n.jpg?_nc_cat=106&_nc_sid=b96e70&_nc_ohc=o9f8NOuZpEIAX-p7puD&_nc_ad=z-m&_nc_cid=0&_nc_ht=scontent.xx&oh=29c2fe21312b02f00d04cb0c52cba94e&oe=5F756A1C,price,",2020-09-03 13:49:13,2020-09-03 00:00:00,1900-01-01 13:49:13,"https://scontent.xx.fbcdn.net/v/t1.15752-9/99011068_335322400774118_1043726397807263744_n.jpg?_nc_cat=106&_nc_sid=b96e70&_nc_ohc=o9f8NOuZpEIAX-p7puD&_nc_ad=z-m&_nc_cid=0&_nc_ht=scontent.xx&oh=29c2fe21312b02f00d04cb0c52cba94e&oe=5F756A1C, ",b√°o gi√° gi√∫p m√¨nh
1704,0,,,,1834823346623576,bot,,"S·∫£n ph·∫©m ƒê√†n piano c·ªï ƒëi·ªÉn k√®m Mic Winfun 2045 c√≥ gi√°: *850,000 VND (gi√° g·ªëc 1,500,000 VND)*. B·∫°n vui l√≤ng b·∫•m v√†o s·∫£n ph·∫©m ƒë·ªÉ xem th√¥ng tin chi ti·∫øt ·∫°!",,,2020-09-03 13:49:22,2020-09-03 00:00:00,1900-01-01 13:49:13,,
1704,0,,silence,,1834823346623576,bot,,,,,2020-09-03 13:49:22,2020-09-03 00:00:00,1900-01-01 13:49:13,,
1705,0,,,fc75b35e340d46c29442da93ebd4439a,2086907818058670,user,Shop ∆°i,,greet,,2020-09-03 13:46:32,2020-09-03 00:00:00,1900-01-01 13:46:32,,shop ∆°i
1705,0,,,,2086907818058670,bot,,"Ch√†o Linh Bon, m√¨nh l√† G·∫•u Bino, tr·ª£ l√Ω ·∫£o c·ªßa Shop G·∫•u & B√≠ Ng√¥, m√¨nh gi√∫p g√¨ ƒë∆∞·ª£c b·∫°n ·∫°?",,,2020-09-03 13:46:33,2020-09-03 00:00:00,1900-01-01 13:46:32,,
1705,1,uc_s32,,d8eeefeadf9642dbb20ffc520372d274,2086907818058670,user,Shop c√≥ xe ƒë·∫°p cho b√© 3 tu·ªïi ko ·∫°?,,query_knowledge_base,"xe_dap,3 tu·ªïi,",2020-09-03 13:46:42,2020-09-03 00:00:00,1900-01-01 13:46:32,,shop c√≥ xe ƒë·∫°p cho b√© 3 tu·ªïi kh√¥ng ·∫°
1705,1,,silence,,2086907818058670,bot,,,,,2020-09-03 13:46:43,2020-09-03 00:00:00,1900-01-01 13:46:32,,
1706,0,uc_s2,,633070d25609483d8a0bba3596edd84b,2159562414111425,user,B·ªô n√†y bnhieu th·∫ø c ∆°i ,,query_knowledge_base,"https://scontent.xx.fbcdn.net/v/t1.15752-9/118544198_319843572561136_2271715131901985932_n.jpg?_nc_cat=104&_nc_sid=b96e70&_nc_ohc=zWjB5ngfH6wAX-ER315&_nc_ad=z-m&_nc_cid=0&_nc_ht=scontent.xx&oh=b6ce1bfd93f10934fcce858246568be6&oe=5F763B75,b·ªô n√†y,price,",2020-09-03 09:51:15,2020-09-03 00:00:00,1900-01-01 09:51:15,"https://scontent.xx.fbcdn.net/v/t1.15752-9/118544198_319843572561136_2271715131901985932_n.jpg?_nc_cat=104&_nc_sid=b96e70&_nc_ohc=zWjB5ngfH6wAX-ER315&_nc_ad=z-m&_nc_cid=0&_nc_ht=scontent.xx&oh=b6ce1bfd93f10934fcce858246568be6&oe=5F763B75, ",b·ªô n√†y bao nhi√™u th·∫ø ch·ªã ∆°i
1706,0,,,,2159562414111425,bot,,"S·∫£n ph·∫©m B·ªô ƒê·ªì Ch∆°i B·∫øp c√≥ gi√° b√°n th·∫•p nh·∫•t t·ª´: *550,000 VND*. B·∫°n vui l√≤ng b·∫•m v√†o s·∫£n ph·∫©m ƒë·ªÉ xem th√¥ng tin chi ti·∫øt ·∫°!",,,2020-09-03 09:51:20,2020-09-03 00:00:00,1900-01-01 09:51:15,,
1706,0,,,,2159562414111425,bot,,,,,2020-09-03 09:51:20,2020-09-03 00:00:00,1900-01-01 09:51:15,,
1706,1,,,69c586a9754845bfb1ca6815e56167ff,2159562414111425,user,"Gi√° t·ª´ 550k l√† sao c nh·ªâ
Gi√° theo size hay j h·∫£ v",,query_knowledge_base,"price,550k,size,",2020-09-03 09:52:40,2020-09-03 00:00:00,1900-01-01 09:51:15,,gi√° t·ª´ 550k l√† sao ch·ªã nh·ªâgi√° theo size hay g√¨ h·∫£ v·∫≠y
1706,1,,,,2159562414111425,bot,,"S·∫£n ph·∫©m B·ªô ƒê·ªì Ch∆°i gi√° 550k hi·ªán shop ƒëang c√≥ k√≠ch th∆∞·ªõc: *H·ªìng size nh·ªè, H·ªìng size to, Xanh size to, Xanh size nh·ªè*.
B·∫°n tham kh·∫£o c√°c s·∫£n ph·∫©m sau nh√© ·∫°:",,,2020-09-03 09:52:40,2020-09-03 00:00:00,1900-01-01 09:51:15,,
1706,1,,,,2159562414111425,bot,,,,,2020-09-03 09:52:40,2020-09-03 00:00:00,1900-01-01 09:51:15,,
1706,2,,handover_to_inbox,0c714d0eb6624fb8af1287002795fbab,2159562414111425,user,Size nh·ªè l√† 550k ƒë√∫ng k c,,handover_to_inbox,"size,550k,",2020-09-03 09:53:15,2020-09-03 00:00:00,1900-01-01 09:51:15,,size nh·ªè l√† 550k ƒë√∫ng kh√¥ng ch·ªã
1706,2,,,,2159562414111425,bot,,"D·∫°, b·∫°n vui l√≤ng ch·ªù trong √≠t ph√∫t nh√¢n vi√™n c·ªßa shop s·∫Ω ph·ª•c v·ª• b·∫°n ·∫°!^^",,,2020-09-03 09:53:16,2020-09-03 00:00:00,1900-01-01 09:51:15,,
1707,0,,handover_to_inbox,1efb8972d7ff40aab7fd3e68c29d299f,2183460118389625,user,11 th ƒëi ƒëc ch∆∞a ·∫°,,handover_to_inbox,"11 th,",2020-09-03 16:02:59,2020-09-03 00:00:00,1900-01-01 16:02:59,,11 th ƒëi ƒë∆∞·ª£c ch∆∞a ·∫°
1707,0,,,,2183460118389625,bot,,"D·∫°, b·∫°n vui l√≤ng ch·ªù trong √≠t ph√∫t nh√¢n vi√™n c·ªßa shop s·∫Ω ph·ª•c v·ª• b·∫°n ·∫°!^^",,,2020-09-03 16:02:59,2020-09-03 00:00:00,1900-01-01 16:02:59,,
1708,0,,,13ba3afc683d4c56803b76e6e93ef8f1,2305267162931547,user,,,,,2020-09-03 20:21:53,2020-09-03 00:00:00,1900-01-01 20:21:53,,
1708,0,,,a546d1ccad7b4acdba558b4994dbd0d2,2305267162931547,user,Shop c√≤n s·∫£n ph·∫©m n√†y k ah,,query_knowledge_base,"s·∫£n ph·∫©m n√†y,",2020-09-03 20:22:05,2020-09-03 00:00:00,1900-01-01 20:21:53,,shop c√≤n s·∫£n ph·∫©m n√†y kh√¥ng ·∫°
1708,0,,,b964a6a7f483419086e34fd3e404b2ed,2305267162931547,user,Shop ∆°i?,,greet,,2020-09-03 21:21:21,2020-09-03 00:00:00,1900-01-01 20:21:53,,shop ∆°i
1708,0,,silence,,2305267162931547,bot,,"Ch√†o BichNgoc Nguyen, m√¨nh l√† G·∫•u Bino, tr·ª£ l√Ω ·∫£o c·ªßa Shop G·∫•u & B√≠ Ng√¥, m√¨nh gi√∫p g√¨ ƒë∆∞·ª£c b·∫°n ·∫°?",,,2020-09-03 21:21:22,2020-09-03 00:00:00,1900-01-01 20:21:53,,
1709,0,uc_s2,,56983f48ce964d8394a0ccc75bab0e9a,2367458696598748,user,k·ªá n√†y bao nhi√™u v·∫°y shop c√≥ m√†u ƒëen k nh·ªâ ,,query_knowledge_base,"https://scontent.xx.fbcdn.net/v/t1.15752-9/118770751_2383625931944205_7995185498543344496_n.jpg?_nc_cat=100&_nc_sid=b96e70&_nc_ohc=RK05oGiAf18AX-mO64b&_nc_ad=z-m&_nc_cid=0&_nc_ht=scontent.xx&oh=413099b555c2cf06424414c78a5c24b2&oe=5F743BFA,ke,n√†y,price,m√†u ƒëen,",2020-09-03 14:50:47,2020-09-03 00:00:00,1900-01-01 14:50:47,"https://scontent.xx.fbcdn.net/v/t1.15752-9/118770751_2383625931944205_7995185498543344496_n.jpg?_nc_cat=100&_nc_sid=b96e70&_nc_ohc=RK05oGiAf18AX-mO64b&_nc_ad=z-m&_nc_cid=0&_nc_ht=scontent.xx&oh=413099b555c2cf06424414c78a5c24b2&oe=5F743BFA, ",k·ªá n√†y bao nhi√™u v·∫°y shop c√≥ m√†u ƒëen kh√¥ng nh·ªâ
1709,0,,,,2367458696598748,bot,,"D·∫°, c√≥ ph·∫£i b·∫°n mu·ªën h·ªèi m·ªôt trong c√°c s·∫£n ph·∫©m d∆∞·ªõi ƒë√¢y kh√¥ng ·∫°?
 (Vui l√≤ng ·∫•n ch·ªçn 1 s·∫£n ph·∫©m)",,,2020-09-03 14:50:53,2020-09-03 00:00:00,1900-01-01 14:50:47,,
1709,0,,,,2367458696598748,bot,,,,,2020-09-03 14:50:53,2020-09-03 00:00:00,1900-01-01 14:50:47,,
1709,0,,,,2367458696598748,bot,,,,,2020-09-03 14:50:53,2020-09-03 00:00:00,1900-01-01 14:50:47,,
1709,1,,,d6d3efeb5a0e478a829cd7730354e9ee,2367458696598748,user,"/query_knowledge_base{""url"": ""https://shopee.vn/product/36371562/531395704"", ""product_id"": ""https://shopee.vn/product/36371562/531395704""}",,query_knowledge_base,"https://shopee.vn/product/36371562/531395704,https://shopee.vn/product/36371562/531395704,",2020-09-03 14:52:08,2020-09-03 00:00:00,1900-01-01 14:50:47,,"/qu·∫ª_kn∆°edge_b√°{·ªß: https://shop√™vn/product/36371562/531395704, product_id: https://shop√™vn/product/36371562/531395704}"
1709,1,,,,2367458696598748,bot,,D·∫° m·ªùi b·∫°n tham kh·∫£o s·∫£n ph·∫©m hi·ªán c√≥ t·∫°i shop nh√©!,,,2020-09-03 14:52:08,2020-09-03 00:00:00,1900-01-01 14:50:47,,
1709,1,,silence,,2367458696598748,bot,,,,,2020-09-03 14:52:08,2020-09-03 00:00:00,1900-01-01 14:50:47,,
1710,0,,,6a61b792087a4d1bbdf19f8a7136ab65,2429396153815291,user,Alo,,greet,,2020-09-03 21:42:16,2020-09-03 00:00:00,1900-01-01 21:42:16,,alo
1710,0,,,,2429396153815291,bot,,"Ch√†o Ngoc Le Minh, m√¨nh l√† G·∫•u Bino, tr·ª£ l√Ω ·∫£o c·ªßa Shop G·∫•u & B√≠ Ng√¥, m√¨nh gi√∫p g√¨ ƒë∆∞·ª£c b·∫°n ·∫°?",,,2020-09-03 21:42:16,2020-09-03 00:00:00,1900-01-01 21:42:16,,
1710,1,,,f2d34180cb864c538fb537a93660fdf5,2429396153815291,user,,,send_link,"https://scontent.xx.fbcdn.net/v/t1.15752-9/118766139_612670709622676_2033499771734649712_n.jpg?_nc_cat=102&_nc_sid=b96e70&_nc_ohc=-I3wDpSAgbcAX_ehWAI&_nc_ad=z-m&_nc_cid=0&_nc_ht=scontent.xx&oh=6d8b4a012364ebb54d647e8c762bd4c9&oe=5F7782E1,https://scontent.xx.fbcdn.net/v/t1.15752-9/118803807_1032173080546695_1293259776556268445_n.jpg?_nc_cat=103&_nc_sid=b96e70&_nc_ohc=zElHbzHTWloAX-kPlCO&_nc_ad=z-m&_nc_cid=0&_nc_ht=scontent.xx&oh=3f11a3bce42910aaefca0bd29f5f5d3b&oe=5F75AE9A,",2020-09-03 21:42:51,2020-09-03 00:00:00,1900-01-01 21:42:16,"https://scontent.xx.fbcdn.net/v/t1.15752-9/118766139_612670709622676_2033499771734649712_n.jpg?_nc_cat=102&_nc_sid=b96e70&_nc_ohc=-I3wDpSAgbcAX_ehWAI&_nc_ad=z-m&_nc_cid=0&_nc_ht=scontent.xx&oh=6d8b4a012364ebb54d647e8c762bd4c9&oe=5F7782E1, https://scontent.xx.fbcdn.net/v/t1.15752-9/118803807_1032173080546695_1293259776556268445_n.jpg?_nc_cat=103&_nc_sid=b96e70&_nc_ohc=zElHbzHTWloAX-kPlCO&_nc_ad=z-m&_nc_cid=0&_nc_ht=scontent.xx&oh=3f11a3bce42910aaefca0bd29f5f5d3b&oe=5F75AE9A, ",
1710,1,,,,2429396153815291,user,EXTERNAL: remind_ask_rephrase,,remind_ask_rephrase,"https://scontent.xx.fbcdn.net/v/t1.15752-9/118766139_612670709622676_2033499771734649712_n.jpg?_nc_cat=102&_nc_sid=b96e70&_nc_ohc=-I3wDpSAgbcAX_ehWAI&_nc_ad=z-m&_nc_cid=0&_nc_ht=scontent.xx&oh=6d8b4a012364ebb54d647e8c762bd4c9&oe=5F7782E1,https://scontent.xx.fbcdn.net/v/t1.15752-9/118803807_1032173080546695_1293259776556268445_n.jpg?_nc_cat=103&_nc_sid=b96e70&_nc_ohc=zElHbzHTWloAX-kPlCO&_nc_ad=z-m&_nc_cid=0&_nc_ht=scontent.xx&oh=3f11a3bce42910aaefca0bd29f5f5d3b&oe=5F75AE9A,",2020-09-03 21:43:12,2020-09-03 00:00:00,1900-01-01 21:42:16,,·∫Ω·∫ªal: remind_√°_rephr√°
1710,1,,,,2429396153815291,bot,,D·∫° b·∫°n ƒëang h·ªèi s·∫£n ph·∫©m n√†o ·∫°? Ho·∫∑c b·∫°n cho m√¨nh xin ·∫£nh v·ªõi ·∫°!,,,2020-09-03 21:43:12,2020-09-03 00:00:00,1900-01-01 21:42:16,,
1710,2,,,680e4f46ca504b1699371c762095ee4c,2429396153815291,user,Sp n√†y c√≥ m·∫•y m·∫ßu em,,query_knowledge_base,"sp n√†y,color,",2020-09-03 21:43:14,2020-09-03 00:00:00,1900-01-01 21:42:16,,s·∫£n ph·∫©m n√†y c√≥ m·∫•y m·∫ßu em
1710,2,,,,2429396153815291,bot,,"D·∫°, c√≥ ph·∫£i b·∫°n mu·ªën h·ªèi m·ªôt trong c√°c s·∫£n ph·∫©m d∆∞·ªõi ƒë√¢y kh√¥ng ·∫°?
 (Vui l√≤ng ·∫•n ch·ªçn 1 s·∫£n ph·∫©m)",,,2020-09-03 21:43:16,2020-09-03 00:00:00,1900-01-01 21:42:16,,
1710,2,,,,2429396153815291,bot,,,,,2020-09-03 21:43:16,2020-09-03 00:00:00,1900-01-01 21:42:16,,
1710,2,,,,2429396153815291,bot,,,,,2020-09-03 21:43:16,2020-09-03 00:00:00,1900-01-01 21:42:16,,
1710,3,,,2a26c3789b8341b0908ba48178509b75,2429396153815291,user,Cho b√© t·ª´ m·∫•y tu·ªïi?,,query_knowledge_base,"age_of_use,",2020-09-03 21:43:30,2020-09-03 00:00:00,1900-01-01 21:42:16,,cho b√© t·ª´ m·∫•y tu·ªïi
1710,3,,,,2429396153815291,bot,,"S·∫£n ph·∫©m Gh·∫ø √î T√¥ hi·ªán shop ƒëang c√≥ ƒë·ªô tu·ªïi s·ª≠ d·ª•ng: *0 - 36 th√°ng, 0 - 12 th√°ng, 0 - 24 th√°ng*.",,,2020-09-03 21:43:30,2020-09-03 00:00:00,1900-01-01 21:42:16,,
1710,3,,,,2429396153815291,bot,,M·ªùi b·∫°n xem s·∫£n ph·∫©m Gh·∫ø √î T√¥ shop ƒëang b√°n t·∫°i link sau ·∫°: https://shopee.vn/search?keyword=Gh%E1%BA%BF+%C3%94+T%C3%B4&shop=36371562,,,2020-09-03 21:43:30,2020-09-03 00:00:00,1900-01-01 21:42:16,,
1710,4,,,2c6c646d4ea24b2fb44d8d5129ad92b0,2429396153815291,user,Alo?,,greet,,2020-09-03 21:49:29,2020-09-03 00:00:00,1900-01-01 21:42:16,,alo
1710,4,,silence,,2429396153815291,bot,,"Ch√†o Ngoc Le Minh, m√¨nh l√† G·∫•u Bino, tr·ª£ l√Ω ·∫£o c·ªßa Shop G·∫•u & B√≠ Ng√¥, m√¨nh gi√∫p g√¨ ƒë∆∞·ª£c b·∫°n ·∫°?",,,2020-09-03 21:49:29,2020-09-03 00:00:00,1900-01-01 21:42:16,,
1711,0,,,6c9df07c43f6405488f95cebf38ea6e9,2664800853547228,user,ƒê√†n piano fai ko shop,,query_knowledge_base,"dan,piano,",2020-09-03 16:05:14,2020-09-03 00:00:00,1900-01-01 16:05:14,,ƒë√†n piano ph·∫£i kh√¥ng shop
1711,0,,,,2664800853547228,bot,,,,,2020-09-03 16:05:14,2020-09-03 00:00:00,1900-01-01 16:05:14,,
1711,1,uc_s32,handover_to_inbox,62680139b8954b4199b2dc5a5146776c,2664800853547228,user,Minh day co phai la gia ti√™n ƒë√†n piano cho b√© ko,,handover_to_inbox,"dan,piano,",2020-09-03 16:06:21,2020-09-03 00:00:00,1900-01-01 16:05:14,,m√¨nh ƒë√¢y c√≥ ph·∫£i l√† gi√° ti·ªÅn ƒë√†n piano cho b√© kh√¥ng
1711,1,,,,2664800853547228,bot,,"D·∫°, b·∫°n vui l√≤ng ch·ªù trong √≠t ph√∫t nh√¢n vi√™n c·ªßa shop s·∫Ω ph·ª•c v·ª• b·∫°n ·∫°!^^",,,2020-09-03 16:06:22,2020-09-03 00:00:00,1900-01-01 16:05:14,,
1712,0,,handover_to_inbox,429fa1aefba5438f900adaf58f38573d,2839001516200041,user,G·ªëi n√†y c√≥ ch·ªëng b·∫πp ƒë·∫ßu ko ·∫° ,,handover_to_inbox,"https://scontent.xx.fbcdn.net/v/t1.15752-9/118649258_1036768070088503_2457818731940304995_n.jpg?_nc_cat=108&_nc_sid=b96e70&_nc_ohc=8bbLIRBy9pYAX9ftjJ1&_nc_ad=z-m&_nc_cid=0&_nc_ht=scontent.xx&oh=2156de82e64b2c9331f0509fd3a96435&oe=5F77E85B,goi,n√†y,",2020-09-03 12:50:01,2020-09-03 00:00:00,1900-01-01 12:50:01,"https://scontent.xx.fbcdn.net/v/t1.15752-9/118649258_1036768070088503_2457818731940304995_n.jpg?_nc_cat=108&_nc_sid=b96e70&_nc_ohc=8bbLIRBy9pYAX9ftjJ1&_nc_ad=z-m&_nc_cid=0&_nc_ht=scontent.xx&oh=2156de82e64b2c9331f0509fd3a96435&oe=5F77E85B, ",g·ªëi n√†y c√≥ ch·ªëng b·∫πp ƒë·∫ßu kh√¥ng ·∫°
1712,0,,,,2839001516200041,bot,,"D·∫°, b·∫°n vui l√≤ng ch·ªù trong √≠t ph√∫t nh√¢n vi√™n c·ªßa shop s·∫Ω ph·ª•c v·ª• b·∫°n ·∫°!^^",,,2020-09-03 12:50:01,2020-09-03 00:00:00,1900-01-01 12:50:01,,
1713,0,,,f86d841461c243c784be7a9d8c014661,3205122206226546,user,/start_conversation,,start_conversation,,2020-09-03 14:58:39,2020-09-03 00:00:00,1900-01-01 14:58:39,,/st·∫£_conv·∫ªation
1713,0,,,,3205122206226546,bot,,"Ch√†o Hien Nguyen, m√¨nh l√† G·∫•u Bino, tr·ª£ l√Ω ·∫£o c·ªßa Shop G·∫•u & B√≠ Ng√¥, m√¨nh gi√∫p g√¨ ƒë∆∞·ª£c b·∫°n ·∫°?",,,2020-09-03 14:58:39,2020-09-03 00:00:00,1900-01-01 14:58:39,,
1713,1,,,1a703e70a0c24ee99399d07b53525b4f,3205122206226546,user,,,send_link,"https://scontent.xx.fbcdn.net/v/t1.15752-9/118785253_615828512412701_8536884188404461111_n.jpg?_nc_cat=104&_nc_sid=b96e70&_nc_ohc=azGnvAt_43wAX_5zICV&_nc_ad=z-m&_nc_cid=0&_nc_ht=scontent.xx&oh=c6b8e1e36c1d36f6a3ab1e18e1091e15&oe=5F761CD8,",2020-09-03 14:59:23,2020-09-03 00:00:00,1900-01-01 14:58:39,"https://scontent.xx.fbcdn.net/v/t1.15752-9/118785253_615828512412701_8536884188404461111_n.jpg?_nc_cat=104&_nc_sid=b96e70&_nc_ohc=azGnvAt_43wAX_5zICV&_nc_ad=z-m&_nc_cid=0&_nc_ht=scontent.xx&oh=c6b8e1e36c1d36f6a3ab1e18e1091e15&oe=5F761CD8, ",
1713,1,,,,3205122206226546,user,EXTERNAL: remind_ask_rephrase,,remind_ask_rephrase,"https://scontent.xx.fbcdn.net/v/t1.15752-9/118785253_615828512412701_8536884188404461111_n.jpg?_nc_cat=104&_nc_sid=b96e70&_nc_ohc=azGnvAt_43wAX_5zICV&_nc_ad=z-m&_nc_cid=0&_nc_ht=scontent.xx&oh=c6b8e1e36c1d36f6a3ab1e18e1091e15&oe=5F761CD8,",2020-09-03 14:59:43,2020-09-03 00:00:00,1900-01-01 14:58:39,,·∫Ω·∫ªal: remind_√°_rephr√°
1713,1,,,,3205122206226546,bot,,D·∫° b·∫°n ƒëang h·ªèi s·∫£n ph·∫©m n√†o ·∫°? Ho·∫∑c b·∫°n cho m√¨nh xin ·∫£nh v·ªõi ·∫°!,,,2020-09-03 14:59:43,2020-09-03 00:00:00,1900-01-01 14:58:39,,
1713,2,,,3ef2591100344014b46148a6026dc570,3205122206226546,user,N√†y ·∫° ,,greet,"https://scontent.xx.fbcdn.net/v/t1.15752-9/118766542_316993506045219_5351242554127145086_n.jpg?_nc_cat=101&_nc_sid=b96e70&_nc_ohc=6wbkIhf9R8cAX9FVkz-&_nc_ad=z-m&_nc_cid=0&_nc_ht=scontent.xx&oh=2bb6a8d03add3f113726c828de49d4f0&oe=5F773966,https://scontent.xx.fbcdn.net/v/t1.15752-9/118766623_342353693796427_4219470987962157350_n.jpg?_nc_cat=102&_nc_sid=b96e70&_nc_ohc=uqZfk4IW1JcAX9Eu3ZO&_nc_ad=z-m&_nc_cid=0&_nc_ht=scontent.xx&oh=a48381572206cc9ecf5b39b3ba772431&oe=5F78081C,",2020-09-03 15:00:11,2020-09-03 00:00:00,1900-01-01 14:58:39,"https://scontent.xx.fbcdn.net/v/t1.15752-9/118766542_316993506045219_5351242554127145086_n.jpg?_nc_cat=101&_nc_sid=b96e70&_nc_ohc=6wbkIhf9R8cAX9FVkz-&_nc_ad=z-m&_nc_cid=0&_nc_ht=scontent.xx&oh=2bb6a8d03add3f113726c828de49d4f0&oe=5F773966, https://scontent.xx.fbcdn.net/v/t1.15752-9/118766623_342353693796427_4219470987962157350_n.jpg?_nc_cat=102&_nc_sid=b96e70&_nc_ohc=uqZfk4IW1JcAX9Eu3ZO&_nc_ad=z-m&_nc_cid=0&_nc_ht=scontent.xx&oh=a48381572206cc9ecf5b39b3ba772431&oe=5F78081C, ",n√†y ·∫°
1713,2,,,,3205122206226546,bot,,"Ch√†o Hien Nguyen, m√¨nh l√† G·∫•u Bino, tr·ª£ l√Ω ·∫£o c·ªßa Shop G·∫•u & B√≠ Ng√¥, m√¨nh gi√∫p g√¨ ƒë∆∞·ª£c b·∫°n ·∫°?",,,2020-09-03 15:00:11,2020-09-03 00:00:00,1900-01-01 14:58:39,,
1713,3,,,379d038940554d0c992d74510b682fed,3205122206226546,user,Bao nhi√™u ,,query_knowledge_base,"https://scontent.xx.fbcdn.net/v/t1.15752-9/118766542_316993506045219_5351242554127145086_n.jpg?_nc_cat=101&_nc_sid=b96e70&_nc_ohc=6wbkIhf9R8cAX9FVkz-&_nc_ad=z-m&_nc_cid=0&_nc_ht=scontent.xx&oh=2bb6a8d03add3f113726c828de49d4f0&oe=5F773966,https://scontent.xx.fbcdn.net/v/t1.15752-9/118766623_342353693796427_4219470987962157350_n.jpg?_nc_cat=102&_nc_sid=b96e70&_nc_ohc=uqZfk4IW1JcAX9Eu3ZO&_nc_ad=z-m&_nc_cid=0&_nc_ht=scontent.xx&oh=a48381572206cc9ecf5b39b3ba772431&oe=5F78081C,https://scontent.xx.fbcdn.net/v/t1.15752-9/118749628_359497268761770_364724919508048791_n.jpg?_nc_cat=103&_nc_sid=b96e70&_nc_ohc=qNusYxLp1fYAX-CeKHK&_nc_ad=z-m&_nc_cid=0&_nc_ht=scontent.xx&oh=8103805216f7e9a8ffd91cc44607f35d&oe=5F770286,price,",2020-09-03 15:00:59,2020-09-03 00:00:00,1900-01-01 14:58:39,"https://scontent.xx.fbcdn.net/v/t1.15752-9/118766542_316993506045219_5351242554127145086_n.jpg?_nc_cat=101&_nc_sid=b96e70&_nc_ohc=6wbkIhf9R8cAX9FVkz-&_nc_ad=z-m&_nc_cid=0&_nc_ht=scontent.xx&oh=2bb6a8d03add3f113726c828de49d4f0&oe=5F773966, https://scontent.xx.fbcdn.net/v/t1.15752-9/118766623_342353693796427_4219470987962157350_n.jpg?_nc_cat=102&_nc_sid=b96e70&_nc_ohc=uqZfk4IW1JcAX9Eu3ZO&_nc_ad=z-m&_nc_cid=0&_nc_ht=scontent.xx&oh=a48381572206cc9ecf5b39b3ba772431&oe=5F78081C, https://scontent.xx.fbcdn.net/v/t1.15752-9/118749628_359497268761770_364724919508048791_n.jpg?_nc_cat=103&_nc_sid=b96e70&_nc_ohc=qNusYxLp1fYAX-CeKHK&_nc_ad=z-m&_nc_cid=0&_nc_ht=scontent.xx&oh=8103805216f7e9a8ffd91cc44607f35d&oe=5F770286, ",bao nhi√™u
1713,3,,,,3205122206226546,bot,,"D·∫°, c√≥ ph·∫£i b·∫°n mu·ªën h·ªèi m·ªôt trong c√°c s·∫£n ph·∫©m d∆∞·ªõi ƒë√¢y kh√¥ng ·∫°?
 (Vui l√≤ng ·∫•n ch·ªçn 1 s·∫£n ph·∫©m)",,,2020-09-03 15:01:02,2020-09-03 00:00:00,1900-01-01 14:58:39,,
1713,3,,,,3205122206226546,bot,,,,,2020-09-03 15:01:02,2020-09-03 00:00:00,1900-01-01 14:58:39,,
1713,3,,,,3205122206226546,bot,,,,,2020-09-03 15:01:02,2020-09-03 00:00:00,1900-01-01 14:58:39,,
1713,4,,,241e97d2821c428493eb4b45ad471c69,3205122206226546,user,Th·∫£m silicon ,,query_knowledge_base,"https://scontent.xx.fbcdn.net/v/t1.15752-9/118766542_316993506045219_5351242554127145086_n.jpg?_nc_cat=101&_nc_sid=b96e70&_nc_ohc=6wbkIhf9R8cAX9FVkz-&_nc_ad=z-m&_nc_cid=0&_nc_ht=scontent.xx&oh=2bb6a8d03add3f113726c828de49d4f0&oe=5F773966,https://scontent.xx.fbcdn.net/v/t1.15752-9/118766623_342353693796427_4219470987962157350_n.jpg?_nc_cat=102&_nc_sid=b96e70&_nc_ohc=uqZfk4IW1JcAX9Eu3ZO&_nc_ad=z-m&_nc_cid=0&_nc_ht=scontent.xx&oh=a48381572206cc9ecf5b39b3ba772431&oe=5F78081C,https://scontent.xx.fbcdn.net/v/t1.15752-9/118749628_359497268761770_364724919508048791_n.jpg?_nc_cat=103&_nc_sid=b96e70&_nc_ohc=qNusYxLp1fYAX-CeKHK&_nc_ad=z-m&_nc_cid=0&_nc_ht=scontent.xx&oh=8103805216f7e9a8ffd91cc44607f35d&oe=5F770286,tham,silicon,",2020-09-03 15:02:40,2020-09-03 00:00:00,1900-01-01 14:58:39,"https://scontent.xx.fbcdn.net/v/t1.15752-9/118766542_316993506045219_5351242554127145086_n.jpg?_nc_cat=101&_nc_sid=b96e70&_nc_ohc=6wbkIhf9R8cAX9FVkz-&_nc_ad=z-m&_nc_cid=0&_nc_ht=scontent.xx&oh=2bb6a8d03add3f113726c828de49d4f0&oe=5F773966, https://scontent.xx.fbcdn.net/v/t1.15752-9/118766623_342353693796427_4219470987962157350_n.jpg?_nc_cat=102&_nc_sid=b96e70&_nc_ohc=uqZfk4IW1JcAX9Eu3ZO&_nc_ad=z-m&_nc_cid=0&_nc_ht=scontent.xx&oh=a48381572206cc9ecf5b39b3ba772431&oe=5F78081C, https://scontent.xx.fbcdn.net/v/t1.15752-9/118749628_359497268761770_364724919508048791_n.jpg?_nc_cat=103&_nc_sid=b96e70&_nc_ohc=qNusYxLp1fYAX-CeKHK&_nc_ad=z-m&_nc_cid=0&_nc_ht=scontent.xx&oh=8103805216f7e9a8ffd91cc44607f35d&oe=5F770286, ",th·∫£m silicon
1713,4,,,,3205122206226546,bot,,"D·∫°, c√≥ ph·∫£i b·∫°n mu·ªën h·ªèi m·ªôt trong c√°c s·∫£n ph·∫©m d∆∞·ªõi ƒë√¢y kh√¥ng ·∫°?
 (Vui l√≤ng ·∫•n ch·ªçn 1 s·∫£n ph·∫©m)",,,2020-09-03 15:02:42,2020-09-03 00:00:00,1900-01-01 14:58:39,,
1713,4,,,,3205122206226546,bot,,,,,2020-09-03 15:02:42,2020-09-03 00:00:00,1900-01-01 14:58:39,,
1713,4,,,,3205122206226546,bot,,,,,2020-09-03 15:02:42,2020-09-03 00:00:00,1900-01-01 14:58:39,,
1713,5,,,7587db6eb0164077881a6d475aeab776,3205122206226546,user,"/disagree{""object_type"": null}",,disagree,,2020-09-03 15:02:53,2020-09-03 00:00:00,1900-01-01 14:58:39,,/d√≠gr√™object_type: null}
1713,5,,,,3205122206226546,bot,,B·∫°n vui l√≤ng m√¥ t·∫£ r√µ mong mu·ªën c·ªßa b·∫°n ho·∫∑c chat v·ªõi nh√¢n vi√™n t∆∞ v·∫•n nh√©!,,,2020-09-03 15:02:53,2020-09-03 00:00:00,1900-01-01 14:58:39,,
1713,6,,,72e423e019ed4fc1a3198bcfe9fd593a,3205122206226546,user,/connect_employee,,connect_employee,,2020-09-03 15:03:08,2020-09-03 00:00:00,1900-01-01 14:58:39,,/connect_employ√™
1713,6,,silence,,3205122206226546,bot,,"D·∫°, b·∫°n vui l√≤ng ch·ªù trong √≠t ph√∫t nh√¢n vi√™n c·ªßa shop s·∫Ω ph·ª•c v·ª• b·∫°n ·∫°!^^",,,2020-09-03 15:03:08,2020-09-03 00:00:00,1900-01-01 14:58:39,,
1714,0,,,93484235c5b147d8830935c581394c29,3248044198636626,user,/start_conversation,,start_conversation,,2020-09-03 09:40:56,2020-09-03 00:00:00,1900-01-01 09:40:56,,/st·∫£_conv·∫ªation
1714,0,,,,3248044198636626,bot,,"Ch√†o Ho√†ng Tu·∫•nAnh, m√¨nh l√† G·∫•u Bino, tr·ª£ l√Ω ·∫£o c·ªßa Shop G·∫•u & B√≠ Ng√¥, m√¨nh gi√∫p g√¨ ƒë∆∞·ª£c b·∫°n ·∫°?",,,2020-09-03 09:40:56,2020-09-03 00:00:00,1900-01-01 09:40:56,,
1714,1,,,fecf19f7693e4bc0a916ff71ef87a8f0,3248044198636626,user,"/query_knowledge_base{""object_type"": ""noi"",""attribute"": ""sells"",""flag"": ""start_conversation""}",,query_knowledge_base,"noi,sells,start_conversation,",2020-09-03 09:41:08,2020-09-03 00:00:00,1900-01-01 09:40:56,,/qu·∫ª_kn∆°edge_b√°{object_type: noiattribute: sellsflag: st·∫£_conv·∫ªation}
1714,1,,,,3248044198636626,bot,,M·ªùi b·∫°n xem s·∫£n ph·∫©m N√¥i shop ƒëang b√°n t·∫°i link sau ·∫°: https://shopee.vn/search?keyword=N%C3%B4i&shop=36371562,,,2020-09-03 09:41:09,2020-09-03 00:00:00,1900-01-01 09:40:56,,
1714,2,,,183df6160f97482aa89d76dc92c63cf9,3248044198636626,user,c≈©i nh·ª±a,,query_knowledge_base,"giuong,nh·ª±a,",2020-09-03 09:41:25,2020-09-03 00:00:00,1900-01-01 09:40:56,,c≈©i nh·ª±a
1714,2,,handover_to_inbox,,3248044198636626,bot,,"D·∫°, b·∫°n ch·ªù trong √≠t ph√∫t shop ki·ªÉm tra kho h√†ng r·ªìi b√°o l·∫°i b·∫°n ngay ·∫°! ^^",,,2020-09-03 09:41:26,2020-09-03 00:00:00,1900-01-01 09:40:56,,
1715,0,,,34274b0efa824928a8ad55344918c21a,3268982183198275,user,/start_conversation,,start_conversation,,2020-09-03 15:57:44,2020-09-03 00:00:00,1900-01-01 15:57:44,,/st·∫£_conv·∫ªation
1715,0,,,,3268982183198275,bot,,"Ch√†o Phan Mai, m√¨nh l√† G·∫•u Bino, tr·ª£ l√Ω ·∫£o c·ªßa Shop G·∫•u & B√≠ Ng√¥, m√¨nh gi√∫p g√¨ ƒë∆∞·ª£c b·∫°n ·∫°?",,,2020-09-03 15:57:44,2020-09-03 00:00:00,1900-01-01 15:57:44,,
1715,1,uc_s31,,7c8df427859c4e4daa1fc46356101055,3268982183198275,user,shop c√≥ xe t·∫≠p ƒëi cho b√© ko,,query_knowledge_base,"xe_tap_di,",2020-09-03 15:57:59,2020-09-03 00:00:00,1900-01-01 15:57:44,,shop c√≥ xe t·∫≠p ƒëi cho b√© kh√¥ng
1715,1,,,,3268982183198275,bot,,M·ªùi b·∫°n xem s·∫£n ph·∫©m Xe T·∫≠p ƒêi shop ƒëang b√°n t·∫°i link sau ·∫°: https://shopee.vn/search?keyword=Xe+T%E1%BA%ADp+%C4%90i&shop=36371562,,,2020-09-03 15:58:00,2020-09-03 00:00:00,1900-01-01 15:57:44,,
1715,2,,,814ae2d0a9f94fd1a43697f9bdc626ab,3268982183198275,user,xe tr√≤n,,query_knowledge_base,"xe_tap_di,",2020-09-03 15:58:11,2020-09-03 00:00:00,1900-01-01 15:57:44,,xe tr√≤n
1715,2,,,,3268982183198275,bot,,M·ªùi b·∫°n xem s·∫£n ph·∫©m Xe T·∫≠p ƒêi shop ƒëang b√°n t·∫°i link sau ·∫°: https://shopee.vn/search?keyword=Xe+T%E1%BA%ADp+%C4%90i&shop=36371562,,,2020-09-03 15:58:12,2020-09-03 00:00:00,1900-01-01 15:57:44,,
1715,3,,,5c96d059986c46cc8da3964b166fde1e,3268982183198275,user,"https://shopee.vn/Xe-t·∫≠p-ƒëi-cao-c·∫•p-Tommorrow-Sky-CH√çNH-H√ÉNG-i.36371562.543779613
xe n√†y tr·ªçng l∆∞·ª£ng bnhieu kg nh·ªâ",,query_knowledge_base,"https://shopee.vn/Xe-t·∫≠p-ƒëi-cao-c·∫•p-Tommorrow-Sky-CH√çNH-H√ÉNG-i.36371562.543779613,xe,n√†y,weight,",2020-09-03 16:44:37,2020-09-03 00:00:00,1900-01-01 15:57:44,,https://shop√™vn/xe-t·∫≠p-ƒëi-cao-c·∫•p-tomm·ªè∆°sky-ch√≠nh-h√£ng-i.36371562.543779613xe n√†y tr·ªçng l∆∞·ª£ng bao nhi√™u kg nh·ªâ
1715,3,,silence,,3268982183198275,bot,,"D·∫°, b·∫°n vui l√≤ng ch·ªù trong √≠t ph√∫t nh√¢n vi√™n c·ªßa shop s·∫Ω ph·ª•c v·ª• b·∫°n ·∫°!^^",,,2020-09-03 16:44:37,2020-09-03 00:00:00,1900-01-01 15:57:44,,
1716,0,,,6b461f8008604b669363f8c02444ff93,3331752923550060,user,/start_conversation,,start_conversation,,2020-09-03 07:53:19,2020-09-03 00:00:00,1900-01-01 07:53:19,,/st·∫£_conv·∫ªation
1716,0,,,,3331752923550060,bot,,"Ch√†o Phuong Tu Nguyen, m√¨nh l√† G·∫•u Bino, tr·ª£ l√Ω ·∫£o c·ªßa Shop G·∫•u & B√≠ Ng√¥, m√¨nh gi√∫p g√¨ ƒë∆∞·ª£c b·∫°n ·∫°?",,,2020-09-03 07:53:19,2020-09-03 00:00:00,1900-01-01 07:53:19,,
1716,1,uc_s1,,32300b640c7f40f0a0fff4ca5839a4ca,3331752923550060,user,Shop ∆°i shop c√≤n gh·∫ø nh√∫n jumperoo m√†u cam ko ,,query_knowledge_base,"https://scontent.xx.fbcdn.net/v/t1.15752-9/118771915_719547338776672_4736588566294186170_n.jpg?_nc_cat=104&_nc_sid=b96e70&_nc_ohc=R49fKj-efNEAX8Z1UYx&_nc_ad=z-m&_nc_cid=0&_nc_ht=scontent.xx&oh=7b410e854b027f4307df4fa39f92d563&oe=5F76EAD4,gh·∫ø nh√∫n,jumperoo,m√†u cam,",2020-09-03 07:53:43,2020-09-03 00:00:00,1900-01-01 07:53:19,"https://scontent.xx.fbcdn.net/v/t1.15752-9/118771915_719547338776672_4736588566294186170_n.jpg?_nc_cat=104&_nc_sid=b96e70&_nc_ohc=R49fKj-efNEAX8Z1UYx&_nc_ad=z-m&_nc_cid=0&_nc_ht=scontent.xx&oh=7b410e854b027f4307df4fa39f92d563&oe=5F76EAD4, ",shop ∆°i shop c√≤n gh·∫ø nh√∫n jumperoo m√†u cam kh√¥ng
1716,1,,,,3331752923550060,bot,,"D·∫°, c√≥ ph·∫£i b·∫°n mu·ªën h·ªèi m·ªôt trong c√°c s·∫£n ph·∫©m d∆∞·ªõi ƒë√¢y kh√¥ng ·∫°?
 (Vui l√≤ng ·∫•n ch·ªçn 1 s·∫£n ph·∫©m)",,,2020-09-03 07:53:49,2020-09-03 00:00:00,1900-01-01 07:53:19,,
1716,1,,,,3331752923550060,bot,,,,,2020-09-03 07:53:49,2020-09-03 00:00:00,1900-01-01 07:53:19,,
1716,1,,,,3331752923550060,bot,,,,,2020-09-03 07:53:49,2020-09-03 00:00:00,1900-01-01 07:53:19,,
1716,2,,,a82e07c517914dd6ab273ce283759ee5,3331752923550060,user,Gh·∫ø c√≥ ƒëc b·∫£o h√†nh ko ·∫°,,query_knowledge_base,"guarantee,",2020-09-03 08:01:52,2020-09-03 00:00:00,1900-01-01 07:53:19,,gh·∫ø c√≥ ƒë∆∞·ª£c b·∫£o h√†nh kh√¥ng ·∫°
1716,2,,silence,,3331752923550060,bot,,,,,2020-09-03 08:01:52,2020-09-03 00:00:00,1900-01-01 07:53:19,,
1717,0,uc_s2,thank,946c0b4920c34a15bf309b16faef516c,3331848426841231,user,inbox gi√∫p m√¨nh gi√° ƒëi shop ∆°i tks shop ,,query_knowledge_base,"https://scontent.xx.fbcdn.net/v/t1.15752-9/116038452_981688932272103_8443350626155195802_n.png?_nc_cat=109&_nc_sid=b96e70&_nc_ohc=bwc_9Bi8VJoAX_B2QWk&_nc_ad=z-m&_nc_cid=0&_nc_ht=scontent.xx&oh=f6eb8f2a67c3b4888698a518a1bdc012&oe=5F784E2C,price,",2020-09-03 17:17:05,2020-09-03 00:00:00,1900-01-01 17:17:05,"https://scontent.xx.fbcdn.net/v/t1.15752-9/116038452_981688932272103_8443350626155195802_n.png?_nc_cat=109&_nc_sid=b96e70&_nc_ohc=bwc_9Bi8VJoAX_B2QWk&_nc_ad=z-m&_nc_cid=0&_nc_ht=scontent.xx&oh=f6eb8f2a67c3b4888698a518a1bdc012&oe=5F784E2C, ",inbox gi√∫p m√¨nh gi√° ƒëi shop ∆°i thanks shop
1717,0,,,,3331848426841231,bot,,"S·∫£n ph·∫©m ƒê√†n piano c·ªï ƒëi·ªÉn k√®m Mic Winfun 2045 c√≥ gi√°: *850,000 VND (gi√° g·ªëc 1,500,000 VND)*. B·∫°n vui l√≤ng b·∫•m v√†o s·∫£n ph·∫©m ƒë·ªÉ xem th√¥ng tin chi ti·∫øt ·∫°!",,,2020-09-03 17:17:08,2020-09-03 00:00:00,1900-01-01 17:17:05,,
1717,0,,,,3331848426841231,bot,,,,,2020-09-03 17:17:08,2020-09-03 00:00:00,1900-01-01 17:17:05,,
1718,0,,,1dbf8ff9be7f413bbaa9076887a222fd,3366504783434189,user,/start_conversation,,start_conversation,,2020-09-03 21:14:53,2020-09-03 00:00:00,1900-01-01 21:14:53,,/st·∫£_conv·∫ªation
1718,0,,,,3366504783434189,bot,,"Ch√†o H·ªìng Ph∆∞∆°ng, m√¨nh l√† G·∫•u Bino, tr·ª£ l√Ω ·∫£o c·ªßa Shop G·∫•u & B√≠ Ng√¥, m√¨nh gi√∫p g√¨ ƒë∆∞·ª£c b·∫°n ·∫°?",,,2020-09-03 21:14:53,2020-09-03 00:00:00,1900-01-01 21:14:53,,
1718,1,,,b565358fab5e4783964536dffd7d229a,3366504783434189,user,C√≤n gh·∫ø rung joie k b,,query_knowledge_base,"ghe_rung,joie,",2020-09-03 21:15:10,2020-09-03 00:00:00,1900-01-01 21:14:53,,c√≤n gh·∫ø rung joie kh√¥ng b·∫°n
1718,1,,,,3366504783434189,bot,,S·∫£n ph·∫©m Gh·∫ø rung nh√∫n c√≥ nh·∫°c cao c·∫•p Joie Dreamer h√£ng s·∫£n xu·∫•t Joie hi·ªán shop ƒëang *c√≤n h√†ng*. B·∫°n vui l√≤ng b·∫•m v√†o s·∫£n ph·∫©m ƒë·ªÉ xem th√¥ng tin chi ti·∫øt ·∫°!,,,2020-09-03 21:15:11,2020-09-03 00:00:00,1900-01-01 21:14:53,,
1718,1,,silence,,3366504783434189,bot,,,,,2020-09-03 21:15:11,2020-09-03 00:00:00,1900-01-01 21:14:53,,
1719,0,,,24f53b982ca94dcdab52389d62a97505,3407146949349041,user,/start_conversation,,start_conversation,,2020-09-03 11:47:58,2020-09-03 00:00:00,1900-01-01 11:47:58,,/st·∫£_conv·∫ªation
1719,0,,,,3407146949349041,bot,,"Ch√†o Ho√†i Thanh, m√¨nh l√† G·∫•u Bino, tr·ª£ l√Ω ·∫£o c·ªßa Shop G·∫•u & B√≠ Ng√¥, m√¨nh gi√∫p g√¨ ƒë∆∞·ª£c b·∫°n ·∫°?",,,2020-09-03 11:47:58,2020-09-03 00:00:00,1900-01-01 11:47:58,,
1719,1,uc_s2,,e78faad5d50c4f639ea6fb1e7dd77c52,3407146949349041,user,Minh xin gia nhe ,,query_knowledge_base,"https://scontent.xx.fbcdn.net/v/t1.15752-9/118604103_2695954817400321_7694498897430959947_n.jpg?_nc_cat=103&_nc_sid=b96e70&_nc_ohc=qIG4NWXG7HIAX-S-xmc&_nc_ad=z-m&_nc_cid=0&_nc_ht=scontent.xx&oh=7387997a240a6fc7572da8a81c394f68&oe=5F75A79A,price,",2020-09-03 11:48:25,2020-09-03 00:00:00,1900-01-01 11:47:58,"https://scontent.xx.fbcdn.net/v/t1.15752-9/118604103_2695954817400321_7694498897430959947_n.jpg?_nc_cat=103&_nc_sid=b96e70&_nc_ohc=qIG4NWXG7HIAX-S-xmc&_nc_ad=z-m&_nc_cid=0&_nc_ht=scontent.xx&oh=7387997a240a6fc7572da8a81c394f68&oe=5F75A79A, ",m√¨nh xin gi√° nh√©
1719,1,,,,3407146949349041,bot,,"S·∫£n ph·∫©m H·ªôp trang ƒëi·ªÉm cao c·∫•p Roy ch√≠nh h√£ng c√≥ gi√° b√°n th·∫•p nh·∫•t t·ª´: *360,000 VND*. B·∫°n vui l√≤ng b·∫•m v√†o s·∫£n ph·∫©m ƒë·ªÉ xem th√¥ng tin chi ti·∫øt ·∫°!",,,2020-09-03 11:48:27,2020-09-03 00:00:00,1900-01-01 11:47:58,,
1719,1,,silence,,3407146949349041,bot,,,,,2020-09-03 11:48:27,2020-09-03 00:00:00,1900-01-01 11:47:58,,
1720,0,,,f944110d19ef446dae381cdca97714f6,3547113778635846,user,Shop ∆°i b√™n m c√≤n xe ƒë·∫©y ƒë√¥i ko ·∫°?,,query_knowledge_base,"xe_day,",2020-09-03 11:06:04,2020-09-03 00:00:00,1900-01-01 11:06:04,,shop ∆°i b√™n m√¨nh c√≤n xe ƒë·∫©y ƒë√¥i kh√¥ng ·∫°
1720,0,,,,3547113778635846,bot,,S·∫£n ph·∫©m Xe ƒê·∫©y hi·ªán shop ƒëang *c√≤n h√†ng*.,,,2020-09-03 11:06:06,2020-09-03 00:00:00,1900-01-01 11:06:04,,
1720,0,,,,3547113778635846,bot,,M·ªùi b·∫°n xem s·∫£n ph·∫©m Xe ƒê·∫©y shop ƒëang b√°n t·∫°i link sau ·∫°: https://shopee.vn/search?keyword=Xe+%C4%90%E1%BA%A9y&shop=36371562,,,2020-09-03 11:06:06,2020-09-03 00:00:00,1900-01-01 11:06:04,,
1720,1,,,5a8054ea7ab2440bb0dc48dce9b47a97,3547113778635846,user,c·∫ßu tr∆∞·ª£t b·∫≠p b√™nh gi√° bn v·∫≠y shop,,query_knowledge_base,"cau_truot,price,",2020-09-03 11:07:20,2020-09-03 00:00:00,1900-01-01 11:06:04,,c·∫ßu tr∆∞·ª£t b·∫≠p b√™nh gi√° bao nhi√™u v·∫≠y shop
1720,1,,,,3547113778635846,bot,,"S·∫£n ph·∫©m C·∫ßu Tr∆∞·ª£t c√≥ gi√° b√°n th·∫•p nh·∫•t t·ª´: *1,069,000 VND*.",,,2020-09-03 11:07:20,2020-09-03 00:00:00,1900-01-01 11:06:04,,
1720,1,,silence,,3547113778635846,bot,,M·ªùi b·∫°n xem s·∫£n ph·∫©m C·∫ßu Tr∆∞·ª£t shop ƒëang b√°n t·∫°i link sau ·∫°: https://shopee.vn/search?keyword=C%E1%BA%A7u+Tr%C6%B0%E1%BB%A3t&shop=36371562,,,2020-09-03 11:07:20,2020-09-03 00:00:00,1900-01-01 11:06:04,,
1721,0,,,681c908617ee41b4b152ac4a025dd28e,3936612869687530,user,/start_conversation,,start_conversation,,2020-09-03 16:10:25,2020-09-03 00:00:00,1900-01-01 16:10:25,,/st·∫£_conv·∫ªation
1721,0,,,,3936612869687530,bot,,"Ch√†o H·∫°nh L√Ω H·ªìng, m√¨nh l√† G·∫•u Bino, tr·ª£ l√Ω ·∫£o c·ªßa Shop G·∫•u & B√≠ Ng√¥, m√¨nh gi√∫p g√¨ ƒë∆∞·ª£c b·∫°n ·∫°?",,,2020-09-03 16:10:26,2020-09-03 00:00:00,1900-01-01 16:10:25,,
1721,1,uc_s31,,6f8f8a1e2d0d44d48ed13eca34a20a5b,3936612869687530,user,b√™n minh c√≥ ƒëai t·∫≠p ƒëi cho b√© kh√¥ng ·∫°,,query_knowledge_base,"dai,",2020-09-03 16:10:47,2020-09-03 00:00:00,1900-01-01 16:10:25,,b√™n m√¨nh c√≥ ƒëai t·∫≠p ƒëi cho b√© kh√¥ng ·∫°
1721,1,,handover_to_inbox,,3936612869687530,bot,,"D·∫°, shop c√≥ b√°n ·∫°
M·ªùi b·∫°n b·∫•m v√†o s·∫£n ph·∫©m ƒë·ªÉ xem th√¥ng tin chi ti·∫øt nh√©! üëá",,,2020-09-03 16:10:47,2020-09-03 00:00:00,1900-01-01 16:10:25,,
1721,1,,,,3936612869687530,bot,,,,,2020-09-03 16:10:47,2020-09-03 00:00:00,1900-01-01 16:10:25,,
1722,0,,,041254d90d5449fc8f3f28a6e2325a4a,4289449667796402,user,/start_conversation,,start_conversation,,2020-09-03 14:24:31,2020-09-03 00:00:00,1900-01-01 14:24:31,,/st·∫£_conv·∫ªation
1722,0,,,,4289449667796402,bot,,"Ch√†o B√πi Th·∫£o Nguy√™n, m√¨nh l√† G·∫•u Bino, tr·ª£ l√Ω ·∫£o c·ªßa Shop G·∫•u & B√≠ Ng√¥, m√¨nh gi√∫p g√¨ ƒë∆∞·ª£c b·∫°n ·∫°?",,,2020-09-03 14:24:31,2020-09-03 00:00:00,1900-01-01 14:24:31,,
1722,1,,,48ce2961cfc14c66ab3baa4f8b21c089,4289449667796402,user,,,send_link,"https://scontent.xx.fbcdn.net/v/t1.15752-9/118787604_321624442227822_3421226727906503274_n.jpg?_nc_cat=109&_nc_sid=b96e70&_nc_ohc=KECbmxXanrAAX9x8x3-&_nc_ad=z-m&_nc_cid=0&_nc_ht=scontent.xx&oh=2e76b5485dd925dfa659166f9d25e28c&oe=5F774C82,",2020-09-03 14:24:45,2020-09-03 00:00:00,1900-01-01 14:24:31,"https://scontent.xx.fbcdn.net/v/t1.15752-9/118787604_321624442227822_3421226727906503274_n.jpg?_nc_cat=109&_nc_sid=b96e70&_nc_ohc=KECbmxXanrAAX9x8x3-&_nc_ad=z-m&_nc_cid=0&_nc_ht=scontent.xx&oh=2e76b5485dd925dfa659166f9d25e28c&oe=5F774C82, ",
1722,1,,handover_to_inbox,0d87ce491f19448a8cb1a0bd49da8f11,4289449667796402,user,gh·∫ø c√≥ o sai gon ko shop,,handover_to_inbox,,2020-09-03 14:24:57,2020-09-03 00:00:00,1900-01-01 14:24:31,,gh·∫ø c√≥ ·ªü s√†i g√≤n kh√¥ng shop
1722,1,,,,4289449667796402,bot,,"D·∫°, b·∫°n vui l√≤ng ch·ªù trong √≠t ph√∫t nh√¢n vi√™n c·ªßa shop s·∫Ω ph·ª•c v·ª• b·∫°n ·∫°!^^",,,2020-09-03 14:24:57,2020-09-03 00:00:00,1900-01-01 14:24:31,,
