message_id,sender_id,sender,user_message,bot_message,intent,entities,created_time,attachments
901092c29f7540dcb9e7460933fa1e70,2596384490479200,user,/greet,,greet,,2020-03-27 08:11:56,
,2596384490479200,bot,,"Ch√†o Conan Edogawa, m√¨nh l√† tr·ª£ l√Ω ·∫£o c·ªßa Shop G·∫•u & B√≠ Ng√¥",,,2020-03-27 08:11:56,
,2596384490479200,bot,,"ƒê·ªÉ h·ªó tr·ª£ b·∫°n nhanh nh·∫•t c√≥ th·ªÉ, vui l√≤ng m√¥ t·∫£ ng·∫Øn g·ªçn v√† r√µ r√†ng s·∫£n ph·∫©m mu·ªën t√¨m ki·∫øm (v√≠ d·ª•: m√¨nh mu·ªën mua xe t·∫≠p ƒëi...) ho·∫∑c tham kh·∫£o danh m·ª•c s·∫£n ph·∫©m c·ªßa shop nh√©!",,,2020-03-27 08:11:56,
,2596384490479200,bot,,,,,2020-03-27 08:11:56,
1ffc165923d14744ad92075a7e087b26,2596384490479200,user,c√≥ gi√° bao nhi√™u,,query_knowledge_base,"price,",2020-03-27 08:13:09,
,2596384490479200,bot,,B·∫°n c√≥ th·ªÉ n√≥i v·ªõi t√¥i theo 1 c√°ch kh√°c ƒë∆∞·ª£c kh√¥ng?,,,2020-03-27 08:13:09,
36bc67ee92a349bdb0a5fb8f92b2ac33,2596384490479200,user,,,send_link,"['https://scontent.xx.fbcdn.net/v/t1.15752-9/67525665_2358292017745533_2900117400370282496_n.jpg?_nc_cat=104&_nc_sid=b96e70&_nc_ohc=oyTQSsDYAzcAX-0ngEk&_nc_ad=z-m&_nc_cid=0&_nc_zor=9&_nc_ht=scontent.xx&oh=b3babfe65189ce0066a87422a98b7ac6&oe=5EA45A49'],https://scontent.xx.fbcdn.net/v/t1.15752-9/67525665_2358292017745533_2900117400370282496_n.jpg?_nc_cat=104&_nc_sid=b96e70&_nc_ohc=oyTQSsDYAzcAX-0ngEk&_nc_ad=z-m&_nc_cid=0&_nc_zor=9&_nc_ht=scontent.xx&oh=b3babfe65189ce0066a87422a98b7ac6&oe=5EA45A49,",2020-03-27 08:13:13,"https://scontent.xx.fbcdn.net/v/t1.15752-9/67525665_2358292017745533_2900117400370282496_n.jpg?_nc_cat=104&_nc_sid=b96e70&_nc_ohc=oyTQSsDYAzcAX-0ngEk&_nc_ad=z-m&_nc_cid=0&_nc_zor=9&_nc_ht=scontent.xx&oh=b3babfe65189ce0066a87422a98b7ac6&oe=5EA45A49, "
fc1e935226d3430b908e470ffc835e69,2596384490479200,user,https://minio.dev.ftech.ai/sale-bot-images-latest-f85f07c6/2412e0c5d085d8a49abf0e15d02116df.jpg c√≥ gi√° bao nhi√™u,,send_link,"['https://minio.dev.ftech.ai/sale-bot-images-latest-f85f07c6/2412e0c5d085d8a49abf0e15d02116df.jpg'],price,",2020-03-27 08:14:23,
9d804675689e45958e2c2001fbe401dd,2596384490479200,user,c√≥ gi√° bao nhi√™u ,,query_knowledge_base,"['https://scontent.xx.fbcdn.net/v/t1.15752-9/67525665_2358292017745533_2900117400370282496_n.jpg?_nc_cat=104&_nc_sid=b96e70&_nc_ohc=oyTQSsDYAzcAX-0ngEk&_nc_ad=z-m&_nc_cid=0&_nc_zor=9&_nc_ht=scontent.xx&oh=b3babfe65189ce0066a87422a98b7ac6&oe=5EA45A49'],price,",2020-03-27 08:59:43,"https://scontent.xx.fbcdn.net/v/t1.15752-9/67525665_2358292017745533_2900117400370282496_n.jpg?_nc_cat=104&_nc_sid=b96e70&_nc_ohc=oyTQSsDYAzcAX-0ngEk&_nc_ad=z-m&_nc_cid=0&_nc_zor=9&_nc_ht=scontent.xx&oh=b3babfe65189ce0066a87422a98b7ac6&oe=5EA45A49, "
,2596384490479200,bot,,,,,2020-03-27 08:59:43,
099a942d27024d1d85a66efa9f9acc70,2596384490479200,user,"/agree{""object_type"": ""diu""}",,agree,"diu,",2020-03-27 08:59:50,
,2596384490479200,bot,,,,,2020-03-27 08:59:50,
2ddd078ee78e427080bff18cdb33db4a,2596384490479200,user,"/query_knowledge_base{""price"": ""500k - 1M""}",,query_knowledge_base,"500k - 1M,",2020-03-27 08:59:54,
,2596384490479200,bot,,,,,2020-03-27 08:59:54,
65318060bfd54899b02af867d99fcac3,2596384490479200,user,"/query_knowledge_base{""brand"": ""Pier""}",,query_knowledge_base,"Pier,",2020-03-27 08:59:59,
,2596384490479200,bot,,"S·∫£n ph·∫©m  ƒê·ªãu h√£ng s·∫£n xu·∫•t Pier, gi√° 500k - 1m hi·ªán shop ƒëang c√≥ gi√°: *800,000 VND*.
B·∫°n tham kh·∫£o c√°c s·∫£n ph·∫©m sau nh√© ·∫°:",,,2020-03-27 08:59:59,
,2596384490479200,bot,,,,,2020-03-27 08:59:59,
b22a7209840745079c6d242a0142e68e,2705623442806274,user,/greet,,greet,,2020-03-27 10:50:17,
,2705623442806274,bot,,"Ch√†o Phan Vi·ªÖn Ph∆∞∆°ng, m√¨nh l√† tr·ª£ l√Ω ·∫£o c·ªßa Shop G·∫•u & B√≠ Ng√¥",,,2020-03-27 10:50:17,
,2705623442806274,bot,,"ƒê·ªÉ h·ªó tr·ª£ b·∫°n nhanh nh·∫•t c√≥ th·ªÉ, vui l√≤ng m√¥ t·∫£ ng·∫Øn g·ªçn v√† r√µ r√†ng s·∫£n ph·∫©m mu·ªën t√¨m ki·∫øm (v√≠ d·ª•: m√¨nh mu·ªën mua xe t·∫≠p ƒëi...) ho·∫∑c tham kh·∫£o danh m·ª•c s·∫£n ph·∫©m c·ªßa shop nh√©!",,,2020-03-27 10:50:17,
,2705623442806274,bot,,,,,2020-03-27 10:50:17,
9eb1b691c8ca4e52bcb752bbc3cea636,2705623442806274,user,xe ƒë·∫©y g·∫•p g·ªçn joie gi√° bao nhi√™u v·∫≠y b·∫°n?,,query_knowledge_base,"xe_day,joie,price,",2020-03-27 11:07:43,
,2705623442806274,bot,,"S·∫£n ph·∫©m  Xe ƒê·∫©y h√£ng s·∫£n xu·∫•t Joie hi·ªán shop ƒëang c√≥ gi√°: *5,300,000 VND, 4,200,000 VND*.
B·∫°n tham kh·∫£o c√°c s·∫£n ph·∫©m sau nh√© ·∫°:",,,2020-03-27 11:07:43,
,2705623442806274,bot,,,,,2020-03-27 11:07:43,
d755e0e60ad2477faa05100174b44319,2705623442806274,user,m√¨nh c·∫ßn cho b√© 18 th√°ng,,handover_to_inbox,"b√© 18 th√°ng,",2020-03-27 11:08:15,
,2705623442806274,bot,,B·∫°n c√≥ th·ªÉ n√≥i v·ªõi t√¥i theo 1 c√°ch kh√°c ƒë∆∞·ª£c kh√¥ng?,,,2020-03-27 11:08:15,
fbeabe5367574bcda143e0a6357713da,2705623442806274,user,xe ƒë·∫©y cho b√© 18 th√°ng tu·ªïi,,query_knowledge_base,"xe_day,b√© 18 th√°ng,",2020-03-27 11:08:42,
,2705623442806274,bot,,,,,2020-03-27 11:08:42,
4db747067d3547d8b7b8f2bc78ee7f31,2705623442806274,user,"/query_knowledge_base{""price"": ""2M - 5M""}",,query_knowledge_base,"2M - 5M,",2020-03-27 11:08:56,
,2705623442806274,bot,,,,,2020-03-27 11:08:57,
bbcd41f0b19d4a5fbd5883bde03c2ae4,2705623442806274,user,"/confirm_attribute_value{""brand"": ""NULL""}",,confirm_attribute_value,"NULL,",2020-03-27 11:09:02,
,2705623442806274,bot,,,,,2020-03-27 11:09:03,
06d75a0bbe884627896548e75943ee24,2705623442806274,user,"/confirm_attribute_value{""material"": ""NULL""}",,confirm_attribute_value,"NULL,",2020-03-27 11:09:37,
,2705623442806274,bot,,,,,2020-03-27 11:09:37,
a970351ffb07467a83d2e17365a85b38,2705623442806274,user,"/query_knowledge_base{""color"": ""Ghi""}",,query_knowledge_base,"Ghi,",2020-03-27 11:09:52,
,2705623442806274,bot,,"S·∫£n ph·∫©m  Xe ƒê·∫©y  Ghi, gi√° 2m - 5m, ƒë·ªô tu·ªïi s·ª≠ d·ª•ng B√© 18 Th√°ng hi·ªán shop ƒëang c√≥ gi√°: *2,500,000 VND, 3,000,000 VND*.
B·∫°n tham kh·∫£o c√°c s·∫£n ph·∫©m sau nh√© ·∫°:",,,2020-03-27 11:09:52,
,2705623442806274,bot,,,,,2020-03-27 11:09:52,
174d749fda944a46a13c604b965341f1,2705623442806274,user,xe lo·∫°i n√†y th√¨ d√πng ƒë∆∞·ª£c cho b√© m·∫•y th√°ng nh·ªâ,,query_knowledge_base,"lo·∫°i n√†y,age_of_use,",2020-03-27 11:10:46,
,2705623442806274,bot,,"S·∫£n ph·∫©m  Xe ƒê·∫©y  Ghi, gi√° 2m - 5m, ƒë·ªô tu·ªïi s·ª≠ d·ª•ng B√© 18 Th√°ng hi·ªán shop ƒëang c√≥ ƒë·ªô tu·ªïi s·ª≠ d·ª•ng: *0 - 36 th√°ng*.
B·∫°n tham kh·∫£o c√°c s·∫£n ph·∫©m sau nh√© ·∫°:",,,2020-03-27 11:10:46,
,2705623442806274,bot,,,,,2020-03-27 11:10:46,
38bd9b67ce1048f2bf4f17ecd0e3e38f,2705623442806274,user,"https://shopee.vn/Gh%E1%BA%BF-%C4%83n-d%E1%BA%B7m-Mastela-1013-C%C3%93-B%E1%BB%8CC-DA.-i.36371562.671782472
c√°i n√†y c√≤n h√†ng kh√¥ng shop?",,send_link,"['https://shopee.vn/Gh%E1%BA%BF-%C4%83n-d%E1%BA%B7m-Mastela-1013-C%C3%93-B%E1%BB%8CC-DA.-i.36371562.671782472'],c√°i n√†y,",2020-03-27 11:12:56,
59ffe07b4b2f44f885fc0e9a6b9c3b4b,2705623442806274,user,"/find_product_by_category{""category_id"":217}",,find_product_by_category,"217,",2020-03-29 07:32:17,
,2705623442806274,bot,,D·∫° m·ªùi b·∫°n tham kh·∫£o c√°c lo·∫°i s·∫£n ph·∫©m{reference}hi·ªán c√≥ t·∫°i shop nh√©!,,,2020-03-29 07:32:18,
b383fa7ae5ad42fabeeb4c762e0f5d86,2705623442806274,user,"/find_product_by_category{""category_id"":194}",,find_product_by_category,"194,",2020-03-29 07:33:11,
c224d4fc02f74ac398c04480d9c8b5c4,2705623442806274,user,"/find_product_by_category{""category_id"":181}",,find_product_by_category,"181,",2020-03-31 03:46:20,
,2705623442806274,bot,,D·∫° m·ªùi b·∫°n tham kh·∫£o c√°c lo·∫°i s·∫£n ph·∫©m{reference}hi·ªán c√≥ t·∫°i shop nh√©!,,,2020-03-31 03:46:21,
8be62d09668a4907b115cd0a03a74507,2086712374735147,user,/greet,,greet,,2020-03-28 04:57:58,
,2086712374735147,bot,,"Ch√†o Mai Lan, m√¨nh l√† tr·ª£ l√Ω ·∫£o c·ªßa Shop G·∫•u & B√≠ Ng√¥",,,2020-03-28 04:57:58,
,2086712374735147,bot,,"ƒê·ªÉ h·ªó tr·ª£ b·∫°n nhanh nh·∫•t c√≥ th·ªÉ, vui l√≤ng m√¥ t·∫£ ng·∫Øn g·ªçn v√† r√µ r√†ng s·∫£n ph·∫©m mu·ªën t√¨m ki·∫øm (v√≠ d·ª•: m√¨nh mu·ªën mua xe t·∫≠p ƒëi...) ho·∫∑c tham kh·∫£o danh m·ª•c s·∫£n ph·∫©m c·ªßa shop nh√©!",,,2020-03-28 04:57:58,
,2086712374735147,bot,,,,,2020-03-28 04:57:58,
a798b17e6d164ef98ca3a7cbe5892f9a,2086712374735147,user,,,send_link,"['https://scontent.xx.fbcdn.net/v/t1.15752-9/91397331_873232633088393_7516530623012405248_n.jpg?_nc_cat=102&_nc_sid=b96e70&_nc_ohc=7L9qejTvUzsAX9A87Nc&_nc_ad=z-m&_nc_cid=0&_nc_zor=9&_nc_ht=scontent.xx&oh=5a5f3a23fc9f73f05af3323e7e4d10c9&oe=5EA44E0F'],",2020-03-28 04:58:25,"https://scontent.xx.fbcdn.net/v/t1.15752-9/91397331_873232633088393_7516530623012405248_n.jpg?_nc_cat=102&_nc_sid=b96e70&_nc_ohc=7L9qejTvUzsAX9A87Nc&_nc_ad=z-m&_nc_cid=0&_nc_zor=9&_nc_ht=scontent.xx&oh=5a5f3a23fc9f73f05af3323e7e4d10c9&oe=5EA44E0F, "
8a040359f9ce47c78df507bfa5dc6d90,2086712374735147,user,M·∫´u n√†y gi√° bn ah,,query_knowledge_base,"M·∫´u n√†y,price,",2020-03-28 04:58:46,
,2086712374735147,bot,,B·∫°n c√≥ th·ªÉ n√≥i v·ªõi t√¥i theo 1 c√°ch kh√°c ƒë∆∞·ª£c kh√¥ng?,,,2020-03-28 04:58:46,
b9448430364e4fd7b99f78908022e815,1524895504281875,user,/greet,,greet,,2020-03-29 06:10:24,
,1524895504281875,bot,,"Ch√†o L·∫≠t ƒê·∫≠t, m√¨nh l√† tr·ª£ l√Ω ·∫£o c·ªßa Shop G·∫•u & B√≠ Ng√¥",,,2020-03-29 06:10:24,
,1524895504281875,bot,,"ƒê·ªÉ h·ªó tr·ª£ b·∫°n nhanh nh·∫•t c√≥ th·ªÉ, vui l√≤ng m√¥ t·∫£ ng·∫Øn g·ªçn v√† r√µ r√†ng s·∫£n ph·∫©m mu·ªën t√¨m ki·∫øm (v√≠ d·ª•: m√¨nh mu·ªën mua xe t·∫≠p ƒëi...) ho·∫∑c tham kh·∫£o danh m·ª•c s·∫£n ph·∫©m c·ªßa shop nh√©!",,,2020-03-29 06:10:24,
,1524895504281875,bot,,,,,2020-03-29 06:10:24,
547b6e2edeb9419c998e90d278277b93,1524895504281875,user,O Shop,,greet,,2020-03-29 06:10:34,
,1524895504281875,bot,,"Ch√†o L·∫≠t ƒê·∫≠t, m√¨nh l√† tr·ª£ l√Ω ·∫£o c·ªßa Shop G·∫•u & B√≠ Ng√¥",,,2020-03-29 06:10:34,
,1524895504281875,bot,,"ƒê·ªÉ h·ªó tr·ª£ b·∫°n nhanh nh·∫•t c√≥ th·ªÉ, vui l√≤ng m√¥ t·∫£ ng·∫Øn g·ªçn v√† r√µ r√†ng s·∫£n ph·∫©m mu·ªën t√¨m ki·∫øm (v√≠ d·ª•: m√¨nh mu·ªën mua xe t·∫≠p ƒëi...) ho·∫∑c tham kh·∫£o danh m·ª•c s·∫£n ph·∫©m c·ªßa shop nh√©!",,,2020-03-29 06:10:34,
,1524895504281875,bot,,,,,2020-03-29 06:10:34,
a5f295058a974fa0a6d2f85df2a39150,1524895504281875,user,Nh√† m√¨nh c√≥ b√°n c·∫ßu tr∆∞·ª£t ri√™ng k ah,,handover_to_inbox,"cau_truot,",2020-03-29 06:10:55,
,1524895504281875,bot,,B·∫°n c√≥ th·ªÉ n√≥i v·ªõi t√¥i theo 1 c√°ch kh√°c ƒë∆∞·ª£c kh√¥ng?,,,2020-03-29 06:10:55,
151af57171634c1e9c22db8066a4cb9e,1524895504281875,user,"/find_product_by_category{""category_id"":141}",,find_product_by_category,"141,",2020-03-29 06:11:05,
,1524895504281875,bot,,D·∫° m·ªùi b·∫°n tham kh·∫£o c√°c lo·∫°i s·∫£n ph·∫©m{reference}hi·ªán c√≥ t·∫°i shop nh√©!,,,2020-03-29 06:11:06,
3803a8dc127a4215a69424c50749d760,1524895504281875,user,"/find_product_by_category{""category_id"":145}",,find_product_by_category,"145,",2020-03-29 06:11:58,
9bc3b5692cff4c509c0076a276481400,1524895504281875,user,"/find_product_by_category{""category_id"":145}",,find_product_by_category,"145,",2020-03-29 06:12:35,
bf7b7d0d556643df98649148f4b3c7be,2929844720361034,user,/greet,,greet,,2020-03-27 08:11:05,
,2929844720361034,bot,,"Ch√†o H·ªìng Nguy·ªÖn, m√¨nh l√† tr·ª£ l√Ω ·∫£o c·ªßa Shop G·∫•u & B√≠ Ng√¥",,,2020-03-27 08:11:06,
,2929844720361034,bot,,"ƒê·ªÉ h·ªó tr·ª£ b·∫°n nhanh nh·∫•t c√≥ th·ªÉ, vui l√≤ng m√¥ t·∫£ ng·∫Øn g·ªçn v√† r√µ r√†ng s·∫£n ph·∫©m mu·ªën t√¨m ki·∫øm (v√≠ d·ª•: m√¨nh mu·ªën mua xe t·∫≠p ƒëi...) ho·∫∑c tham kh·∫£o danh m·ª•c s·∫£n ph·∫©m c·ªßa shop nh√©!",,,2020-03-27 08:11:06,
,2929844720361034,bot,,,,,2020-03-27 08:11:06,
6fca4e7a20d844d9ad1f426da3842ab2,2929844720361034,user,M√¨nh c·∫ßn mua ƒë·ªì ch∆°i,,handover_to_inbox,,2020-03-27 08:56:08,
,2929844720361034,bot,,B·∫°n c√≥ th·ªÉ n√≥i v·ªõi t√¥i theo 1 c√°ch kh√°c ƒë∆∞·ª£c kh√¥ng?,,,2020-03-27 08:56:08,
e2383f9c870b4e3995c1371fdb424396,2929844720361034,user,T√¨m gh·∫ø ƒÉn d·∫∑m ƒë·ªè,,query_knowledge_base,"ghe_an,",2020-03-27 08:56:30,
,2929844720361034,bot,,,,,2020-03-27 08:56:31,
eb21bf4bb1b94a40867f409ea4f752e6,2929844720361034,user,"/query_knowledge_base{""price"": ""500k - 1M""}",,query_knowledge_base,"500k - 1M,",2020-03-27 08:56:40,
,2929844720361034,bot,,,,,2020-03-27 08:56:41,
1c56d4af43c94cbe800036f62b33753e,2929844720361034,user,"/query_knowledge_base{""color"": ""Ghi""}",,query_knowledge_base,"Ghi,",2020-03-27 08:56:51,
,2929844720361034,bot,,"S·∫£n ph·∫©m  Gh·∫ø ƒÇn  Ghi, gi√° 500k - 1m hi·ªán shop ƒëang c√≥ gi√°: *599,000 VND*.
B·∫°n tham kh·∫£o c√°c s·∫£n ph·∫©m sau nh√© ·∫°:",,,2020-03-27 08:56:51,
,2929844720361034,bot,,,,,2020-03-27 08:56:51,
d2d03e08e7df48a7b42f10636dd92b63,2929844720361034,user,/greet,,greet,,2020-03-28 04:09:01,
,2929844720361034,bot,,"Ch√†o H·ªìng Nguy·ªÖn, m√¨nh l√† tr·ª£ l√Ω ·∫£o c·ªßa Shop G·∫•u & B√≠ Ng√¥",,,2020-03-28 04:09:01,
,2929844720361034,bot,,"ƒê·ªÉ h·ªó tr·ª£ b·∫°n nhanh nh·∫•t c√≥ th·ªÉ, vui l√≤ng m√¥ t·∫£ ng·∫Øn g·ªçn v√† r√µ r√†ng s·∫£n ph·∫©m mu·ªën t√¨m ki·∫øm (v√≠ d·ª•: m√¨nh mu·ªën mua xe t·∫≠p ƒëi...) ho·∫∑c tham kh·∫£o danh m·ª•c s·∫£n ph·∫©m c·ªßa shop nh√©!",,,2020-03-28 04:09:01,
,2929844720361034,bot,,,,,2020-03-28 04:09:01,
3ce84a04af8f458b923b6446c135dfd6,2598927083544534,user,/greet,,greet,,2020-03-29 16:00:09,
,2598927083544534,bot,,"Ch√†o P√© Bon, m√¨nh l√† tr·ª£ l√Ω ·∫£o c·ªßa Shop G·∫•u & B√≠ Ng√¥",,,2020-03-29 16:00:09,
,2598927083544534,bot,,"ƒê·ªÉ h·ªó tr·ª£ b·∫°n nhanh nh·∫•t c√≥ th·ªÉ, vui l√≤ng m√¥ t·∫£ ng·∫Øn g·ªçn v√† r√µ r√†ng s·∫£n ph·∫©m mu·ªën t√¨m ki·∫øm (v√≠ d·ª•: m√¨nh mu·ªën mua xe t·∫≠p ƒëi...) ho·∫∑c tham kh·∫£o danh m·ª•c s·∫£n ph·∫©m c·ªßa shop nh√©!",,,2020-03-29 16:00:09,
,2598927083544534,bot,,,,,2020-03-29 16:00:10,
1b4e5ef5a9ab4ad7a5795da125682c76,2598927083544534,user,,,send_link,"['https://scontent.xx.fbcdn.net/v/t1.15752-9/91106339_504681633742206_788347577962594304_n.jpg?_nc_cat=101&_nc_sid=b96e70&_nc_oc=AQkpdwlzm_mTmrlmOvdESGIDOUEFrWujbD-83rE4K6ox1kluGcnfS6n-PsbADXsmCzsphR9NWY-7rsS1btzeL5vr&_nc_ad=z-m&_nc_cid=0&_nc_zor=9&_nc_ht=scontent.xx&oh=911eee54169aeab013d04631dc885161&oe=5EA68BE0'],https://scontent.xx.fbcdn.net/v/t1.15752-9/91106339_504681633742206_788347577962594304_n.jpg?_nc_cat=101&_nc_sid=b96e70&_nc_oc=AQkpdwlzm_mTmrlmOvdESGIDOUEFrWujbD-83rE4K6ox1kluGcnfS6n-PsbADXsmCzsphR9NWY-7rsS1btzeL5vr&_nc_ad=z-m&_nc_cid=0&_nc_zor=9&_nc_ht=scontent.xx&oh=911eee54169aeab013d04631dc885161&oe=5EA68BE0,",2020-03-29 16:00:14,"https://scontent.xx.fbcdn.net/v/t1.15752-9/91106339_504681633742206_788347577962594304_n.jpg?_nc_cat=101&_nc_sid=b96e70&_nc_oc=AQkpdwlzm_mTmrlmOvdESGIDOUEFrWujbD-83rE4K6ox1kluGcnfS6n-PsbADXsmCzsphR9NWY-7rsS1btzeL5vr&_nc_ad=z-m&_nc_cid=0&_nc_zor=9&_nc_ht=scontent.xx&oh=911eee54169aeab013d04631dc885161&oe=5EA68BE0, "
f4da92f3592141f19082dd3c0a7902bc,2598927083544534,user,Bnhiu v shop,,handover_to_inbox,"price,",2020-03-29 16:00:31,
,2598927083544534,bot,,B·∫°n c√≥ th·ªÉ n√≥i v·ªõi t√¥i theo 1 c√°ch kh√°c ƒë∆∞·ª£c kh√¥ng?,,,2020-03-29 16:00:31,
1a691d6ef17b47aaaa352253e8a32381,2598927083544534,user,Bao nhi√™u ti·ªÅn,,query_knowledge_base,"price,",2020-03-29 16:01:39,
,2598927083544534,bot,,B·∫°n c√≥ th·ªÉ n√≥i v·ªõi t√¥i theo 1 c√°ch kh√°c ƒë∆∞·ª£c kh√¥ng?,,,2020-03-29 16:01:39,
0aeca5da17a24bd9b6140d23e1cebd2d,2598927083544534,user,Shop ∆°i,,greet,,2020-03-30 03:30:25,
,2598927083544534,bot,,"Ch√†o P√© Bon, m√¨nh l√† tr·ª£ l√Ω ·∫£o c·ªßa Shop G·∫•u & B√≠ Ng√¥",,,2020-03-30 03:30:25,
,2598927083544534,bot,,"ƒê·ªÉ h·ªó tr·ª£ b·∫°n nhanh nh·∫•t c√≥ th·ªÉ, vui l√≤ng m√¥ t·∫£ ng·∫Øn g·ªçn v√† r√µ r√†ng s·∫£n ph·∫©m mu·ªën t√¨m ki·∫øm (v√≠ d·ª•: m√¨nh mu·ªën mua xe t·∫≠p ƒëi...) ho·∫∑c tham kh·∫£o danh m·ª•c s·∫£n ph·∫©m c·ªßa shop nh√©!",,,2020-03-30 03:30:25,
,2598927083544534,bot,,,,,2020-03-30 03:30:26,
cc58300965cf447c849aab4bdf693797,2598927083544534,user,Robot tr·∫£ l·ªùi n√†y l√†m m√¨nh b·ª±c m√¨nh qu√° shop,,handover_to_inbox,"Robot,",2020-03-30 03:41:18,
,2598927083544534,bot,,B·∫°n c√≥ th·ªÉ n√≥i v·ªõi t√¥i theo 1 c√°ch kh√°c ƒë∆∞·ª£c kh√¥ng?,,,2020-03-30 03:41:18,
e202459008044fd8aa9732156eb9bc08,2598927083544534,user,Ch·∫≥ng th√≠ch t√≠ n√†o,,disagree,,2020-03-30 03:41:31,
,2598927083544534,bot,,B·∫°n c√≥ th·ªÉ n√≥i v·ªõi t√¥i theo 1 c√°ch kh√°c ƒë∆∞·ª£c kh√¥ng?,,,2020-03-30 03:41:31,
2ce004675d80431e821cc8ff18bc0de7,2976165699142088,user,/greet,,greet,,2020-03-30 00:38:14,
,2976165699142088,bot,,"Ch√†o Do Hong Van, m√¨nh l√† tr·ª£ l√Ω ·∫£o c·ªßa Shop G·∫•u & B√≠ Ng√¥",,,2020-03-30 00:38:15,
,2976165699142088,bot,,"ƒê·ªÉ h·ªó tr·ª£ b·∫°n nhanh nh·∫•t c√≥ th·ªÉ, vui l√≤ng m√¥ t·∫£ ng·∫Øn g·ªçn v√† r√µ r√†ng s·∫£n ph·∫©m mu·ªën t√¨m ki·∫øm (v√≠ d·ª•: m√¨nh mu·ªën mua xe t·∫≠p ƒëi...) ho·∫∑c tham kh·∫£o danh m·ª•c s·∫£n ph·∫©m c·ªßa shop nh√©!",,,2020-03-30 00:38:15,
,2976165699142088,bot,,,,,2020-03-30 00:38:15,
a1e2b1382c7b4922b470ed28aba5cf58,2976165699142088,user,B ∆°i,,greet,,2020-03-30 00:38:24,
,2976165699142088,bot,,"Ch√†o Do Hong Van, m√¨nh l√† tr·ª£ l√Ω ·∫£o c·ªßa Shop G·∫•u & B√≠ Ng√¥",,,2020-03-30 00:38:24,
,2976165699142088,bot,,"ƒê·ªÉ h·ªó tr·ª£ b·∫°n nhanh nh·∫•t c√≥ th·ªÉ, vui l√≤ng m√¥ t·∫£ ng·∫Øn g·ªçn v√† r√µ r√†ng s·∫£n ph·∫©m mu·ªën t√¨m ki·∫øm (v√≠ d·ª•: m√¨nh mu·ªën mua xe t·∫≠p ƒëi...) ho·∫∑c tham kh·∫£o danh m·ª•c s·∫£n ph·∫©m c·ªßa shop nh√©!",,,2020-03-30 00:38:24,
,2976165699142088,bot,,,,,2020-03-30 00:38:24,
c2d132db5b244fb09a0f83f3b77ef1ec,2976165699142088,user,,,send_link,"['https://scontent.xx.fbcdn.net/v/t1.15752-9/91195826_498480424370303_2420395967455952896_n.jpg?_nc_cat=106&_nc_sid=b96e70&_nc_ohc=xbapPlP7xmIAX_VXW-N&_nc_ad=z-m&_nc_cid=0&_nc_zor=9&_nc_ht=scontent.xx&oh=9659d65beb602c42382325bcb6359a57&oe=5EA77EEF'],",2020-03-30 00:38:27,"https://scontent.xx.fbcdn.net/v/t1.15752-9/91195826_498480424370303_2420395967455952896_n.jpg?_nc_cat=106&_nc_sid=b96e70&_nc_ohc=xbapPlP7xmIAX_VXW-N&_nc_ad=z-m&_nc_cid=0&_nc_zor=9&_nc_ht=scontent.xx&oh=9659d65beb602c42382325bcb6359a57&oe=5EA77EEF, "
795636076b4b48dfa285f5062d9c2f4a,2976165699142088,user,B c√≥ s·∫µn thanh ch·∫Øn gi∆∞·ªùng n√†y ko?,,query_knowledge_base,"thanh_chan_giuong,",2020-03-30 00:38:48,
,2976165699142088,bot,,"S·∫£n ph·∫©m  Thanh Ch·∫Øn Gi∆∞·ªùng  hi·ªán shop ƒëang c√≥ gi√°: *610,000 VND, 500,000 VND, 569,000 VND*.
B·∫°n tham kh·∫£o c√°c s·∫£n ph·∫©m sau nh√© ·∫°:",,,2020-03-30 00:38:48,
,2976165699142088,bot,,,,,2020-03-30 00:38:48,
62c312625e9d41d09a0c77f8f81b40b1,2976165699142088,user,M√¨nh t∆∞·ªüng shop ƒëang gi·∫£m c√≤n 400k?,,handover_to_inbox,"promotion,400k?,",2020-03-30 00:40:48,
5d292b6ae0094de5a3541f4519aea4d5,2976165699142088,user,B c√≥ s·∫µn thanh 2m v√† 2m2 ko?,,query_knowledge_base,"2m,2m2,",2020-03-30 01:03:14,
,2976165699142088,bot,,"S·∫£n ph·∫©m  Thanh Ch·∫Øn Gi∆∞·ªùng k√≠ch th∆∞·ªõc 2M2 hi·ªán shop ƒëang c√≥ gi√°: *610,000 VND*.
B·∫°n tham kh·∫£o c√°c s·∫£n ph·∫©m sau nh√© ·∫°:",,,2020-03-30 01:03:15,
,2976165699142088,bot,,,,,2020-03-30 01:03:15,
5593587d083c4c61a4ed44008cfc9e5f,2976165699142088,user,M√¨nh mu·ªën l·∫•y 2 thanh 2m v√† 1 thanh 2m2,,query_knowledge_base,"2m,2m2,",2020-03-30 01:04:35,
,2976165699142088,bot,,"S·∫£n ph·∫©m  Thanh Ch·∫Øn Gi∆∞·ªùng k√≠ch th∆∞·ªõc 2M2 hi·ªán shop ƒëang c√≥ gi√°: *610,000 VND*.
B·∫°n tham kh·∫£o c√°c s·∫£n ph·∫©m sau nh√© ·∫°:",,,2020-03-30 01:04:35,
,2976165699142088,bot,,,,,2020-03-30 01:04:35,
564d20fa0e944fc4a43b196362495760,2976165699142088,user,"C√≥ ko shop?
Ok b",,handover_to_inbox,,2020-03-30 02:59:41,
,2976165699142088,bot,,B·∫°n c√≥ th·ªÉ n√≥i v·ªõi t√¥i theo 1 c√°ch kh√°c ƒë∆∞·ª£c kh√¥ng?,,,2020-03-30 02:59:42,
a2f2bc8d93fa445b907758b61a70d9e1,3008348659175646,user,/greet,,greet,,2020-03-30 01:21:28,
,3008348659175646,bot,,"Ch√†o Ha My, m√¨nh l√† tr·ª£ l√Ω ·∫£o c·ªßa Shop G·∫•u & B√≠ Ng√¥",,,2020-03-30 01:21:28,
,3008348659175646,bot,,"ƒê·ªÉ h·ªó tr·ª£ b·∫°n nhanh nh·∫•t c√≥ th·ªÉ, vui l√≤ng m√¥ t·∫£ ng·∫Øn g·ªçn v√† r√µ r√†ng s·∫£n ph·∫©m mu·ªën t√¨m ki·∫øm (v√≠ d·ª•: m√¨nh mu·ªën mua xe t·∫≠p ƒëi...) ho·∫∑c tham kh·∫£o danh m·ª•c s·∫£n ph·∫©m c·ªßa shop nh√©!",,,2020-03-30 01:21:28,
,3008348659175646,bot,,,,,2020-03-30 01:21:29,
b2ef47f8af4f4a3a99255847d7a53f15,3008348659175646,user,hi shop,,greet,,2020-03-30 01:21:41,
,3008348659175646,bot,,"Ch√†o Ha My, m√¨nh l√† tr·ª£ l√Ω ·∫£o c·ªßa Shop G·∫•u & B√≠ Ng√¥",,,2020-03-30 01:21:41,
,3008348659175646,bot,,"ƒê·ªÉ h·ªó tr·ª£ b·∫°n nhanh nh·∫•t c√≥ th·ªÉ, vui l√≤ng m√¥ t·∫£ ng·∫Øn g·ªçn v√† r√µ r√†ng s·∫£n ph·∫©m mu·ªën t√¨m ki·∫øm (v√≠ d·ª•: m√¨nh mu·ªën mua xe t·∫≠p ƒëi...) ho·∫∑c tham kh·∫£o danh m·ª•c s·∫£n ph·∫©m c·ªßa shop nh√©!",,,2020-03-30 01:21:41,
,3008348659175646,bot,,,,,2020-03-30 01:21:41,
b6af28812a844cdfb40512768be25e69,3008348659175646,user,"ch·ªã mu·ªën h·ªèi gi√° c≈©i v·∫£i greco
v√† jolie",,query_knowledge_base,"price,giuong,v·∫£i,greco,jolie,",2020-03-30 01:22:03,
,3008348659175646,bot,,"D·∫°, s·∫£n ph·∫©m Giuong h√£ng s·∫£n xu·∫•t Jolie, ch·∫•t li·ªáu V·∫£i b√™n shop hi·ªán t·∫°i kh√¥ng c√≥ ·∫°. B·∫°n tham kh·∫£o c√°c s·∫£n ph·∫©m kh√°c d√†nh cho b√© nh√©!",,,2020-03-30 01:22:03,
,3008348659175646,bot,,,,,2020-03-30 01:22:03,
c6fe315b0ff342c18816069cfb9dfebd,3008348659175646,user,"/query_knowledge_base{""brand"": ""Graco""}",,query_knowledge_base,"Graco,",2020-03-30 01:22:20,
,3008348659175646,bot,,,,,2020-03-30 01:22:20,
6ac2fd1fb0a94585a5986609553216b2,3008348659175646,user,"/query_knowledge_base{""price"": ""2M - 5M""}",,query_knowledge_base,"2M - 5M,",2020-03-30 01:22:29,
,3008348659175646,bot,,"S·∫£n ph·∫©m  Giuong h√£ng s·∫£n xu·∫•t Graco, gi√° 2m - 5m hi·ªán shop ƒëang c√≥ gi√°: *5,000,000 VND, 2,900,000 VND*.
B·∫°n tham kh·∫£o c√°c s·∫£n ph·∫©m sau nh√© ·∫°:",,,2020-03-30 01:22:29,
,3008348659175646,bot,,,,,2020-03-30 01:22:29,
ba497d98c88f4a4781824e2d347d8242,3008348659175646,user,2 c√°i kh√°c g√¨ nhau,,handover_to_inbox,,2020-03-30 01:23:37,
,3008348659175646,bot,,B·∫°n c√≥ th·ªÉ n√≥i v·ªõi t√¥i theo 1 c√°ch kh√°c ƒë∆∞·ª£c kh√¥ng?,,,2020-03-30 01:23:37,
c3b42b17af5a49e0b45f37b57c985601,3008348659175646,user,2 c√°i kh√°c g√¨ nhau ·ªü gi√° ti·ªÅn,,handover_to_inbox,"price,",2020-03-30 01:24:40,
,3008348659175646,bot,,B·∫°n c√≥ th·ªÉ n√≥i v·ªõi t√¥i theo 1 c√°ch kh√°c ƒë∆∞·ª£c kh√¥ng?,,,2020-03-30 01:24:40,
33d3842665444c5fac121af463937462,3008348659175646,user,c quan t√¢m c≈©i Jolie,,handover_to_inbox,"giuong,Jolie,",2020-03-30 01:25:37,
acab991b5bed44e8b1c26a0d95ed8da4,3337163346311873,user,/greet,,greet,,2020-03-29 15:56:47,
,3337163346311873,bot,,"Ch√†o Bui Phuong Anh, m√¨nh l√† tr·ª£ l√Ω ·∫£o c·ªßa Shop G·∫•u & B√≠ Ng√¥",,,2020-03-29 15:56:47,
,3337163346311873,bot,,"ƒê·ªÉ h·ªó tr·ª£ b·∫°n nhanh nh·∫•t c√≥ th·ªÉ, vui l√≤ng m√¥ t·∫£ ng·∫Øn g·ªçn v√† r√µ r√†ng s·∫£n ph·∫©m mu·ªën t√¨m ki·∫øm (v√≠ d·ª•: m√¨nh mu·ªën mua xe t·∫≠p ƒëi...) ho·∫∑c tham kh·∫£o danh m·ª•c s·∫£n ph·∫©m c·ªßa shop nh√©!",,,2020-03-29 15:56:48,
,3337163346311873,bot,,,,,2020-03-29 15:56:48,
131acc0e51464e1981cbfae636f92fc1,3337163346311873,user,Ch√†o shop M√¨nh quan t√¢m t·ªõi c√°c sp n√†y B·∫°n b√°o gi√° nh√© B√© nh√† m√¨nh 2tu·ªïi ,,handover_to_inbox,"['https://scontent.xx.fbcdn.net/v/t1.15752-9/91721715_152379149397342_2808027185510612992_n.jpg?_nc_cat=101&_nc_sid=b96e70&_nc_ohc=l2cBoqQ6R1cAX-2E99z&_nc_ad=z-m&_nc_cid=0&_nc_zor=9&_nc_ht=scontent.xx&oh=410bcc1db19f63270645d1e28ee6726e&oe=5EA7D330', 'https://scontent.xx.fbcdn.net/v/t1.15752-9/91129214_149488453070304_6848237731844194304_n.jpg?_nc_cat=104&_nc_sid=b96e70&_nc_ohc=tMwYM6FZaVgAX_t9wGA&_nc_ad=z-m&_nc_cid=0&_nc_zor=9&_nc_ht=scontent.xx&oh=c169a5f865873b3923ef31fb69aea543&oe=5EA66692', 'https://scontent.xx.fbcdn.net/v/t1.15752-9/91466198_244084896638357_7080438687661555712_n.jpg?_nc_cat=105&_nc_sid=b96e70&_nc_ohc=wyoTyMF_RSAAX9EbI1K&_nc_ad=z-m&_nc_cid=0&_nc_zor=9&_nc_ht=scontent.xx&oh=8d9617825e55509c74ce414b631e8d2e&oe=5EA469BA', 'https://scontent.xx.fbcdn.net/v/t1.15752-9/91613067_640564659835802_8379030837110243328_n.jpg?_nc_cat=109&_nc_sid=b96e70&_nc_ohc=xYnCKgjShPcAX-8TQ54&_nc_ad=z-m&_nc_cid=0&_nc_zor=9&_nc_ht=scontent.xx&oh=7e1dcf9d72a2a4ba315f7a04a51fd287&oe=5EA4BE04'],https://scontent.xx.fbcdn.net/v/t1.15752-9/91613067_640564659835802_8379030837110243328_n.jpg?_nc_cat=109&_nc_sid=b96e70&_nc_ohc=xYnCKgjShPcAX-8TQ54&_nc_ad=z-m&_nc_cid=0&_nc_zor=9&_nc_ht=scontent.xx&oh=7e1dcf9d72a2a4ba315f7a04a51fd287&oe=5EA4BE04 https://scontent.xx.fbcdn.net/v/t1.15752-9/91721715_152379149397342_2808027185510612992_n.jpg?_nc_cat=101&_nc_sid=b96e70&_nc_ohc=l2cBoqQ6R1cAX-2E99z&_nc_ad=z-m&_nc_cid=0&_nc_zor=9&_nc_ht=scontent.xx&oh=410bcc1db19f63270645d1e28ee6726e&oe=5EA7D330,price,",2020-03-29 15:57:52,"https://scontent.xx.fbcdn.net/v/t1.15752-9/91466198_244084896638357_7080438687661555712_n.jpg?_nc_cat=105&_nc_sid=b96e70&_nc_ohc=wyoTyMF_RSAAX9EbI1K&_nc_ad=z-m&_nc_cid=0&_nc_zor=9&_nc_ht=scontent.xx&oh=8d9617825e55509c74ce414b631e8d2e&oe=5EA469BA, https://scontent.xx.fbcdn.net/v/t1.15752-9/91129214_149488453070304_6848237731844194304_n.jpg?_nc_cat=104&_nc_sid=b96e70&_nc_ohc=tMwYM6FZaVgAX_t9wGA&_nc_ad=z-m&_nc_cid=0&_nc_zor=9&_nc_ht=scontent.xx&oh=c169a5f865873b3923ef31fb69aea543&oe=5EA66692, https://scontent.xx.fbcdn.net/v/t1.15752-9/91613067_640564659835802_8379030837110243328_n.jpg?_nc_cat=109&_nc_sid=b96e70&_nc_ohc=xYnCKgjShPcAX-8TQ54&_nc_ad=z-m&_nc_cid=0&_nc_zor=9&_nc_ht=scontent.xx&oh=7e1dcf9d72a2a4ba315f7a04a51fd287&oe=5EA4BE04, https://scontent.xx.fbcdn.net/v/t1.15752-9/91721715_152379149397342_2808027185510612992_n.jpg?_nc_cat=101&_nc_sid=b96e70&_nc_ohc=l2cBoqQ6R1cAX-2E99z&_nc_ad=z-m&_nc_cid=0&_nc_zor=9&_nc_ht=scontent.xx&oh=410bcc1db19f63270645d1e28ee6726e&oe=5EA7D330, "
,3337163346311873,bot,,,,,2020-03-29 15:57:54,
fd08aecd73014638a3960bfed27cc377,3337163346311873,user,,,send_link,"['https://scontent.xx.fbcdn.net/v/t1.15752-9/91320487_676108569883313_2149284639456362496_n.jpg?_nc_cat=108&_nc_sid=b96e70&_nc_ohc=XVHAY7NHSiwAX9HkyJt&_nc_ad=z-m&_nc_cid=0&_nc_zor=9&_nc_ht=scontent.xx&oh=4d65d074928b80c607f58afad43465da&oe=5EA582CF'],",2020-03-29 15:57:57,"https://scontent.xx.fbcdn.net/v/t1.15752-9/91320487_676108569883313_2149284639456362496_n.jpg?_nc_cat=108&_nc_sid=b96e70&_nc_ohc=XVHAY7NHSiwAX9HkyJt&_nc_ad=z-m&_nc_cid=0&_nc_zor=9&_nc_ht=scontent.xx&oh=4d65d074928b80c607f58afad43465da&oe=5EA582CF, "
a604ef449aeb455fb776f457139d7896,3337163346311873,user,Shop c√≥ b√°n c·∫ßu tr∆∞·ª£t x√≠ch ƒëu ri√™ng ko l·∫•y qu√¢y ko???,,query_knowledge_base,"cau_truot,",2020-03-29 15:58:31,
,3337163346311873,bot,,"D·∫°, s·∫£n ph·∫©m C·∫ßu Tr∆∞·ª£t  b√™n shop hi·ªán t·∫°i kh√¥ng c√≥ ·∫°. B·∫°n tham kh·∫£o c√°c s·∫£n ph·∫©m kh√°c d√†nh cho b√© nh√©!",,,2020-03-29 15:58:31,
36d96cae6a02419c8b6835f941462e5c,3337163346311873,user,Con m√¨nh 2t r·ªìi ko c·∫ßn qu√¢y,,query_knowledge_base,"2t,",2020-03-29 15:58:43,
,3337163346311873,bot,,"D·∫°, s·∫£n ph·∫©m C·∫ßu Tr∆∞·ª£t ƒë·ªô tu·ªïi s·ª≠ d·ª•ng 2T b√™n shop hi·ªán t·∫°i kh√¥ng c√≥ ·∫°. B·∫°n tham kh·∫£o c√°c s·∫£n ph·∫©m kh√°c d√†nh cho b√© nh√©!",,,2020-03-29 15:58:44,
e6ae430f9ac4436fb9879c40dbf71ff1,3337163346311873,user,"B·∫°n tr·∫£ l·ªùi c√°c s·∫£n ph·∫©m b√™n tr√™n m√¨nh h·ªèi ƒëi
C√≥ h√†ng ko",,handover_to_inbox,"s·∫£n ph·∫©m b√™n tr√™n,",2020-03-29 15:59:27,
,3337163346311873,bot,,B·∫°n c√≥ th·ªÉ n√≥i v·ªõi t√¥i theo 1 c√°ch kh√°c ƒë∆∞·ª£c kh√¥ng?,,,2020-03-29 15:59:27,
b04841446e6d41229cae0e3ef15dccc5,3337163346311873,user,ƒê√¢y l√† tr·∫£ l·ªùi t·ª± ƒë·ªông ah üòû,,handover_to_inbox,,2020-03-29 16:00:15,
,3337163346311873,bot,,B·∫°n c√≥ th·ªÉ n√≥i v·ªõi t√¥i theo 1 c√°ch kh√°c ƒë∆∞·ª£c kh√¥ng?,,,2020-03-29 16:00:15,
1f226f2774024cddbd7817d4d11e2d59,3337163346311873,user,"M√¨nh mu·ªën mua xe ch√≤i ch√¢n
C√≤n ko???",,query_knowledge_base,"xe_choi_chan,",2020-03-29 16:00:37,
41e9b24b3f3147f2ac999e0513b7507c,2616917071751695,user,/greet,,greet,,2020-03-29 14:15:18,
,2616917071751695,bot,,"Ch√†o Nguyen Thuy Linh, m√¨nh l√† tr·ª£ l√Ω ·∫£o c·ªßa Shop G·∫•u & B√≠ Ng√¥",,,2020-03-29 14:15:18,
,2616917071751695,bot,,"ƒê·ªÉ h·ªó tr·ª£ b·∫°n nhanh nh·∫•t c√≥ th·ªÉ, vui l√≤ng m√¥ t·∫£ ng·∫Øn g·ªçn v√† r√µ r√†ng s·∫£n ph·∫©m mu·ªën t√¨m ki·∫øm (v√≠ d·ª•: m√¨nh mu·ªën mua xe t·∫≠p ƒëi...) ho·∫∑c tham kh·∫£o danh m·ª•c s·∫£n ph·∫©m c·ªßa shop nh√©!",,,2020-03-29 14:15:18,
,2616917071751695,bot,,,,,2020-03-29 14:15:18,
39fa66f518254c82adc81196efc786e0,2616917071751695,user,,,send_link,"['https://scontent.xx.fbcdn.net/v/t1.15752-9/91116566_291171825206315_2457738113934426112_n.jpg?_nc_cat=111&_nc_sid=b96e70&_nc_oc=AQl0eJdwRKLYDOTb3-7GEEopWEg73tj53KuP5VxJRcvtdD9rcM6ZrFogw5sbRM9s7R-eYHilgr7XsDCjxJ5VauHq&_nc_ad=z-m&_nc_cid=0&_nc_zor=9&_nc_ht=scontent.xx&oh=21cbaa7a85cf4cbf2e946bbc78f7ca73&oe=5EA6F7BA'],https://scontent.xx.fbcdn.net/v/t1.15752-9/91116566_291171825206315_2457738113934426112_n.jpg?_nc_cat=111&_nc_sid=b96e70&_nc_oc=AQl0eJdwRKLYDOTb3-7GEEopWEg73tj53KuP5VxJRcvtdD9rcM6ZrFogw5sbRM9s7R-eYHilgr7XsDCjxJ5VauHq&_nc_ad=z-m&_nc_cid=0&_nc_zor=9&_nc_ht=scontent.xx&oh=21cbaa7a85cf4cbf2e946bbc78f7ca73&oe=5EA6F7BA,",2020-03-29 14:15:24,"https://scontent.xx.fbcdn.net/v/t1.15752-9/91116566_291171825206315_2457738113934426112_n.jpg?_nc_cat=111&_nc_sid=b96e70&_nc_oc=AQl0eJdwRKLYDOTb3-7GEEopWEg73tj53KuP5VxJRcvtdD9rcM6ZrFogw5sbRM9s7R-eYHilgr7XsDCjxJ5VauHq&_nc_ad=z-m&_nc_cid=0&_nc_zor=9&_nc_ht=scontent.xx&oh=21cbaa7a85cf4cbf2e946bbc78f7ca73&oe=5EA6F7BA, "
9e5b383826824735b1e63943d80e24fa,2616917071751695,user,"/find_product_by_category{""category_id"":188}",,find_product_by_category,"188,",2020-03-29 14:15:28,
0abedc3143b448cd9d321ecdc9133d5a,2616917071751695,user,"/find_product_by_category{""category_id"":181}",,find_product_by_category,"181,",2020-03-29 14:15:35,
,2616917071751695,bot,,D·∫° m·ªùi b·∫°n tham kh·∫£o c√°c lo·∫°i s·∫£n ph·∫©m{reference}hi·ªán c√≥ t·∫°i shop nh√©!,,,2020-03-29 14:15:36,
30753cda01c14c619c6d85f0b3326270,2616917071751695,user,"/find_product_by_category{""category_id"":181}",,find_product_by_category,"181,",2020-03-29 14:15:38,
,2616917071751695,bot,,D·∫° m·ªùi b·∫°n tham kh·∫£o c√°c lo·∫°i s·∫£n ph·∫©m{reference}hi·ªán c√≥ t·∫°i shop nh√©!,,,2020-03-29 14:15:39,
01d78b76a86a47e2ad40a517acb2629a,2616917071751695,user,Shop c√≤n b·ªô n√†y k ·∫°,,query_knowledge_base,"b·ªô n√†y,",2020-03-29 14:15:41,
,2616917071751695,bot,,B·∫°n c√≥ th·ªÉ n√≥i v·ªõi t√¥i theo 1 c√°ch kh√°c ƒë∆∞·ª£c kh√¥ng?,,,2020-03-29 14:15:41,
902cd1a7da9843b8bc7c55ecdbc7859a,2616917071751695,user,B·∫°n c√≥ c√°i b·ªÉ b∆°i k,,query_knowledge_base,"be_boi,",2020-03-29 14:16:07,
,2616917071751695,bot,,"S·∫£n ph·∫©m  B·ªÉ B∆°i  hi·ªán shop ƒëang c√≥ gi√°: *800,000 VND*.
B·∫°n tham kh·∫£o c√°c s·∫£n ph·∫©m sau nh√© ·∫°:",,,2020-03-29 14:16:07,
,2616917071751695,bot,,,,,2020-03-29 14:16:07,
08416057c9f644edb3fbc4521cda247d,3282597768457965,user,/greet,,greet,,2020-03-29 13:23:28,
,3282597768457965,bot,,"Ch√†o Phanxuan Phuc, m√¨nh l√† tr·ª£ l√Ω ·∫£o c·ªßa Shop G·∫•u & B√≠ Ng√¥",,,2020-03-29 13:23:29,
,3282597768457965,bot,,"ƒê·ªÉ h·ªó tr·ª£ b·∫°n nhanh nh·∫•t c√≥ th·ªÉ, vui l√≤ng m√¥ t·∫£ ng·∫Øn g·ªçn v√† r√µ r√†ng s·∫£n ph·∫©m mu·ªën t√¨m ki·∫øm (v√≠ d·ª•: m√¨nh mu·ªën mua xe t·∫≠p ƒëi...) ho·∫∑c tham kh·∫£o danh m·ª•c s·∫£n ph·∫©m c·ªßa shop nh√©!",,,2020-03-29 13:23:29,
,3282597768457965,bot,,,,,2020-03-29 13:23:29,
cbcc7f6874a54e2cabbf9d6e5a3be5cc,3282597768457965,user,T√¨m gh·∫ø masterla,,query_knowledge_base,"masterla,",2020-03-29 13:23:54,
,3282597768457965,bot,,B·∫°n c√≥ th·ªÉ n√≥i v·ªõi t√¥i theo 1 c√°ch kh√°c ƒë∆∞·ª£c kh√¥ng?,,,2020-03-29 13:23:54,
6b759ffd71154992b21a836198d51f37,3282597768457965,user,"t√¨m gh·∫ø ƒÉn
cho b√©",,query_knowledge_base,"ghe_an,",2020-03-29 13:24:28,
,3282597768457965,bot,,,,,2020-03-29 13:24:28,
bc39d0814017424d855ecab0092a5b8f,3282597768457965,user,"/query_knowledge_base{""price"": ""2M - 5M""}",,query_knowledge_base,"2M - 5M,",2020-03-29 13:24:39,
,3282597768457965,bot,,"S·∫£n ph·∫©m  Gh·∫ø ƒÇn gi√° 2m - 5m hi·ªán shop ƒëang c√≥ gi√°: *2,000,000 VND, 4,699,000 VND, 2,200,000 VND*.
B·∫°n tham kh·∫£o c√°c s·∫£n ph·∫©m sau nh√© ·∫°:",,,2020-03-29 13:24:40,
,3282597768457965,bot,,,,,2020-03-29 13:24:40,
f288e64d1f56470ab081a29b17d67e35,3282597768457965,user,"ngon qu√° nh·ªâ
cho t c√°i gh·∫ø ·∫£nh th·ª© 3 ·∫•y",,handover_to_inbox,,2020-03-29 13:25:17,
,3282597768457965,bot,,B·∫°n c√≥ th·ªÉ n√≥i v·ªõi t√¥i theo 1 c√°ch kh√°c ƒë∆∞·ª£c kh√¥ng?,,,2020-03-29 13:25:17,
d5cf25d2de3f4ce5bdaf342792f311b6,3282597768457965,user,"gh·∫ø x√≠ch ƒëu c√≥ nh·∫°c ki√™m gh·∫ø ƒÉn ƒëa nwang Mastela
ship cho t ƒëi",,query_knowledge_base,"Mastela,",2020-03-29 13:25:53,
,3282597768457965,bot,,"S·∫£n ph·∫©m  Gh·∫ø ƒÇn h√£ng s·∫£n xu·∫•t Mastela, gi√° 2m - 5m hi·ªán shop ƒëang c√≥ gi√°: *4,699,000 VND*.
B·∫°n tham kh·∫£o c√°c s·∫£n ph·∫©m sau nh√© ·∫°:",,,2020-03-29 13:25:53,
,3282597768457965,bot,,,,,2020-03-29 13:25:53,
eaa6a813687843e995be5350b93912a5,3282597768457965,user,·ª´m =)))),,greet,,2020-03-29 13:26:24,
,3282597768457965,bot,,"Ch√†o Phanxuan Phuc, m√¨nh l√† tr·ª£ l√Ω ·∫£o c·ªßa Shop G·∫•u & B√≠ Ng√¥",,,2020-03-29 13:26:24,
,3282597768457965,bot,,"ƒê·ªÉ h·ªó tr·ª£ b·∫°n nhanh nh·∫•t c√≥ th·ªÉ, vui l√≤ng m√¥ t·∫£ ng·∫Øn g·ªçn v√† r√µ r√†ng s·∫£n ph·∫©m mu·ªën t√¨m ki·∫øm (v√≠ d·ª•: m√¨nh mu·ªën mua xe t·∫≠p ƒëi...) ho·∫∑c tham kh·∫£o danh m·ª•c s·∫£n ph·∫©m c·ªßa shop nh√©!",,,2020-03-29 13:26:24,
,3282597768457965,bot,,,,,2020-03-29 13:26:24,
e86dc053afd843d597e65ff896fb8880,3282597768457965,user,üôèüôèüôè,,ignore,,2020-03-29 13:26:51,
126264b8472c4d2fa2a9099d836890dd,3282597768457965,user,Cho xem c√°i b√¨nh v√∫,,query_knowledge_base,"b√¨nh v√∫,",2020-03-29 13:27:37,
,3282597768457965,bot,,B·∫°n c√≥ th·ªÉ n√≥i v·ªõi t√¥i theo 1 c√°ch kh√°c ƒë∆∞·ª£c kh√¥ng?,,,2020-03-29 13:27:37,
57648accdafa40529d616f9ff2c64bf0,3282597768457965,user,g√≠a th√∫ nh·ªìi b√¥ng l√† bn v,,query_knowledge_base,"price,price,",2020-03-29 13:28:04,
,3282597768457965,bot,,B·∫°n c√≥ th·ªÉ n√≥i v·ªõi t√¥i theo 1 c√°ch kh√°c ƒë∆∞·ª£c kh√¥ng?,,,2020-03-29 13:28:04,
410ae1aceb0b44669018819e67488dea,3282597768457965,user,xin gi√° th√∫ nh·ªìi b√¥ng,,query_knowledge_base,"price,",2020-03-29 13:28:32,
,3282597768457965,bot,,B·∫°n c√≥ th·ªÉ n√≥i v·ªõi t√¥i theo 1 c√°ch kh√°c ƒë∆∞·ª£c kh√¥ng?,,,2020-03-29 13:28:32,
1a90bc6f0c484cb3bfeedc4a4cbb832c,3282597768457965,user,xin gi√° gh·∫ø ƒÉn mastela,,query_knowledge_base,"price,ghe_an,mastela,",2020-03-29 13:28:55,
,3282597768457965,bot,,,,,2020-03-29 13:28:55,
80b8e3ef1ca84eef8f16649c459e4856,3282597768457965,user,"/query_knowledge_base{""price"": ""500k - 1M""}",,query_knowledge_base,"500k - 1M,",2020-03-29 13:29:01,
,3282597768457965,bot,,,,,2020-03-29 13:29:01,
5461e3fec931465097a0947a8924ac38,3282597768457965,user,"/confirm_attribute_value{""material"": ""NULL""}",,confirm_attribute_value,"NULL,",2020-03-29 13:29:09,
,3282597768457965,bot,,,,,2020-03-29 13:29:09,
5b5ae3f8976d4b5c9ce76f6aa808c9cc,3282597768457965,user,"/query_knowledge_base{""color"": ""Ghi""}",,query_knowledge_base,"Ghi,",2020-03-29 13:29:32,
,3282597768457965,bot,,,,,2020-03-29 13:29:32,
5579c542e96e45d784e2892bf7fab7f1,3282597768457965,user,"/query_knowledge_base{""weight"": ""1.8Kg""}",,query_knowledge_base,"1.8Kg,",2020-03-29 13:29:43,
,3282597768457965,bot,,"S·∫£n ph·∫©m  Gh·∫ø ƒÇn h√£ng s·∫£n xu·∫•t Mastela,  Ghi, gi√° 500k - 1m, tr·ªçng l∆∞·ª£ng 1.8Kg hi·ªán shop ƒëang c√≥ gi√°: *599,000 VND*.
B·∫°n tham kh·∫£o c√°c s·∫£n ph·∫©m sau nh√© ·∫°:",,,2020-03-29 13:29:43,
,3282597768457965,bot,,,,,2020-03-29 13:29:43,
fcba586d0baa4dc58eb36caf174c879f,3282597768457965,user,ƒë∆∞·ª£c ƒë·∫•y,,agree,,2020-03-29 13:30:05,
,3282597768457965,bot,,C·∫£m ∆°n b·∫°n!,,,2020-03-29 13:30:05,
,3282597768457965,bot,,"S·∫£n ph·∫©m  Gh·∫ø ƒÇn h√£ng s·∫£n xu·∫•t Mastela,  Ghi, gi√° 500k - 1m, tr·ªçng l∆∞·ª£ng 1.8Kg hi·ªán shop ƒëang c√≥ gi√°: *599,000 VND*.
B·∫°n tham kh·∫£o c√°c s·∫£n ph·∫©m sau nh√© ·∫°:",,,2020-03-29 13:30:05,
,3282597768457965,bot,,,,,2020-03-29 13:30:05,
2951ec2736124e4cbfe01958ea8a6c52,2991982540844765,user,/greet,,greet,,2020-03-29 09:59:06,
,2991982540844765,bot,,"Ch√†o Khi·∫øt D∆∞∆°ng, m√¨nh l√† tr·ª£ l√Ω ·∫£o c·ªßa Shop G·∫•u & B√≠ Ng√¥",,,2020-03-29 09:59:06,
,2991982540844765,bot,,"ƒê·ªÉ h·ªó tr·ª£ b·∫°n nhanh nh·∫•t c√≥ th·ªÉ, vui l√≤ng m√¥ t·∫£ ng·∫Øn g·ªçn v√† r√µ r√†ng s·∫£n ph·∫©m mu·ªën t√¨m ki·∫øm (v√≠ d·ª•: m√¨nh mu·ªën mua xe t·∫≠p ƒëi...) ho·∫∑c tham kh·∫£o danh m·ª•c s·∫£n ph·∫©m c·ªßa shop nh√©!",,,2020-03-29 09:59:06,
,2991982540844765,bot,,,,,2020-03-29 09:59:07,
1c0e136d30a543868a8fc1ef5c517692,2991982540844765,user,"https://www.facebook.com/shopgauvabingo/photos/pcb.2425056854471305/2425056784471312/?type=3&theater
con xe n√†y gi√° bn √† shop",,send_link,"['https://www.facebook.com/shopgauvabingo/photos/pcb.2425056854471305/2425056784471312/?type=3&theater'],n√†y,price,",2020-03-29 09:59:27,
4ce58aad2ced4623a81e02b57578016b,2991982540844765,user,shop ƒë√¢u r·ªìi?,,greet,,2020-03-29 10:01:31,
,2991982540844765,bot,,"Ch√†o Khi·∫øt D∆∞∆°ng, m√¨nh l√† tr·ª£ l√Ω ·∫£o c·ªßa Shop G·∫•u & B√≠ Ng√¥",,,2020-03-29 10:01:31,
,2991982540844765,bot,,"ƒê·ªÉ h·ªó tr·ª£ b·∫°n nhanh nh·∫•t c√≥ th·ªÉ, vui l√≤ng m√¥ t·∫£ ng·∫Øn g·ªçn v√† r√µ r√†ng s·∫£n ph·∫©m mu·ªën t√¨m ki·∫øm (v√≠ d·ª•: m√¨nh mu·ªën mua xe t·∫≠p ƒëi...) ho·∫∑c tham kh·∫£o danh m·ª•c s·∫£n ph·∫©m c·ªßa shop nh√©!",,,2020-03-29 10:01:31,
,2991982540844765,bot,,,,,2020-03-29 10:01:31,
b789d3e2f8dd4b0b9bf1a2260356c4ba,2991982540844765,user,"???
m√¨nh h·ªèi c√°i xe c∆° m√†",,query_knowledge_base,,2020-03-29 10:02:03,
,2991982540844765,bot,,B·∫°n c√≥ th·ªÉ n√≥i v·ªõi t√¥i theo 1 c√°ch kh√°c ƒë∆∞·ª£c kh√¥ng?,,,2020-03-29 10:02:03,
de289ada3dbd4bd6a3f9513efc113d9f,2991982540844765,user,"t√¥i ƒëang h·ªèi shop xem c√°i xe t√¥i g·ª≠i m√† shop ƒëang b√°n ·∫•y, gi√° bao nhi√™u v·∫≠y?",,query_knowledge_base,"price,",2020-03-29 10:03:01,
,2991982540844765,bot,,B·∫°n c√≥ th·ªÉ n√≥i v·ªõi t√¥i theo 1 c√°ch kh√°c ƒë∆∞·ª£c kh√¥ng?,,,2020-03-29 10:03:01,
a1a110d10c904dfd982ece53039190e3,2991982540844765,user,https://www.facebook.com/shopgauvabingo/photos/pcb.2425056854471305/2425056784471312/?type=3&theater,,send_link,"['https://www.facebook.com/shopgauvabingo/photos/pcb.2425056854471305/2425056784471312/?type=3&theater'],",2020-03-29 10:03:50,
6df0e2637fbd4dcf9f0c8ff258a54e26,2015297135264157,user,/greet,,greet,,2020-03-29 07:44:06,
,2015297135264157,bot,,"Ch√†o Tr·∫ßn Th√πy M∆°, m√¨nh l√† tr·ª£ l√Ω ·∫£o c·ªßa Shop G·∫•u & B√≠ Ng√¥",,,2020-03-29 07:44:06,
,2015297135264157,bot,,"ƒê·ªÉ h·ªó tr·ª£ b·∫°n nhanh nh·∫•t c√≥ th·ªÉ, vui l√≤ng m√¥ t·∫£ ng·∫Øn g·ªçn v√† r√µ r√†ng s·∫£n ph·∫©m mu·ªën t√¨m ki·∫øm (v√≠ d·ª•: m√¨nh mu·ªën mua xe t·∫≠p ƒëi...) ho·∫∑c tham kh·∫£o danh m·ª•c s·∫£n ph·∫©m c·ªßa shop nh√©!",,,2020-03-29 07:44:06,
,2015297135264157,bot,,,,,2020-03-29 07:44:06,
bdebe11d96684a5fa5ee71e0f56811dc,2015297135264157,user,Shop ∆°i ,,greet,"['https://scontent.xx.fbcdn.net/v/t1.15752-9/89773808_692489661490146_5339680591392538624_n.jpg?_nc_cat=105&_nc_sid=b96e70&_nc_ohc=ZvqAmbeNCDcAX_ojWSp&_nc_ad=z-m&_nc_cid=0&_nc_zor=9&_nc_ht=scontent.xx&oh=f259ba91474851457d3947e495079101&oe=5EA5D0E8', 'https://scontent.xx.fbcdn.net/v/t1.15752-9/90954742_227239561665156_4442812104826683392_n.jpg?_nc_cat=100&_nc_sid=b96e70&_nc_ohc=vWH8Zqo-URUAX_HgG9r&_nc_ad=z-m&_nc_cid=0&_nc_zor=9&_nc_ht=scontent.xx&oh=e190cba193ba23452c3183773cd05f43&oe=5EA50846', 'https://scontent.xx.fbcdn.net/v/t1.15752-9/91067797_2528355717402046_3331051973351833600_n.jpg?_nc_cat=100&_nc_sid=b96e70&_nc_ohc=q0UUsoAg19UAX8qVHO-&_nc_ad=z-m&_nc_cid=0&_nc_zor=9&_nc_ht=scontent.xx&oh=4206a21e474b26453ff9330e40fc62f0&oe=5EA7AD1A'],",2020-03-29 07:44:36,"https://scontent.xx.fbcdn.net/v/t1.15752-9/89773808_692489661490146_5339680591392538624_n.jpg?_nc_cat=105&_nc_sid=b96e70&_nc_ohc=ZvqAmbeNCDcAX_ojWSp&_nc_ad=z-m&_nc_cid=0&_nc_zor=9&_nc_ht=scontent.xx&oh=f259ba91474851457d3947e495079101&oe=5EA5D0E8, https://scontent.xx.fbcdn.net/v/t1.15752-9/91067797_2528355717402046_3331051973351833600_n.jpg?_nc_cat=100&_nc_sid=b96e70&_nc_ohc=q0UUsoAg19UAX8qVHO-&_nc_ad=z-m&_nc_cid=0&_nc_zor=9&_nc_ht=scontent.xx&oh=4206a21e474b26453ff9330e40fc62f0&oe=5EA7AD1A, https://scontent.xx.fbcdn.net/v/t1.15752-9/90954742_227239561665156_4442812104826683392_n.jpg?_nc_cat=100&_nc_sid=b96e70&_nc_ohc=vWH8Zqo-URUAX_HgG9r&_nc_ad=z-m&_nc_cid=0&_nc_zor=9&_nc_ht=scontent.xx&oh=e190cba193ba23452c3183773cd05f43&oe=5EA50846, "
,2015297135264157,bot,,"Ch√†o Tr·∫ßn Th√πy M∆°, m√¨nh l√† tr·ª£ l√Ω ·∫£o c·ªßa Shop G·∫•u & B√≠ Ng√¥",,,2020-03-29 07:44:36,
,2015297135264157,bot,,"ƒê·ªÉ h·ªó tr·ª£ b·∫°n nhanh nh·∫•t c√≥ th·ªÉ, vui l√≤ng m√¥ t·∫£ ng·∫Øn g·ªçn v√† r√µ r√†ng s·∫£n ph·∫©m mu·ªën t√¨m ki·∫øm (v√≠ d·ª•: m√¨nh mu·ªën mua xe t·∫≠p ƒëi...) ho·∫∑c tham kh·∫£o danh m·ª•c s·∫£n ph·∫©m c·ªßa shop nh√©!",,,2020-03-29 07:44:36,
,2015297135264157,bot,,,,,2020-03-29 07:44:36,
58349f4fc36b47debaf443eb744d2159,2015297135264157,user,Shop c√≤n c·∫ßu tr∆∞owtn n√†y k ·∫°,,query_knowledge_base,"c·∫ßu tr∆∞owtn,",2020-03-29 07:44:40,
,2015297135264157,bot,,,,,2020-03-29 07:44:41,
a3bfd270e6e245f6ab74e1bb705dca80,2015297135264157,user,"/agree{""object_type"": ""cau_truot""}",,agree,"cau_truot,",2020-03-29 07:44:53,
,2015297135264157,bot,,"D·∫°, s·∫£n ph·∫©m C·∫ßu Tr∆∞·ª£t  b√™n shop hi·ªán t·∫°i kh√¥ng c√≥ ·∫°. B·∫°n tham kh·∫£o c√°c s·∫£n ph·∫©m kh√°c d√†nh cho b√© nh√©!",,,2020-03-29 07:44:54,
564072fa12894c3b9098ca9f82b1acd9,3313335918695418,user,/greet,,greet,,2020-03-29 06:55:46,
,3313335918695418,bot,,"Ch√†o Ph∆∞∆°ng Ken Su, m√¨nh l√† tr·ª£ l√Ω ·∫£o c·ªßa Shop G·∫•u & B√≠ Ng√¥",,,2020-03-29 06:55:46,
,3313335918695418,bot,,"ƒê·ªÉ h·ªó tr·ª£ b·∫°n nhanh nh·∫•t c√≥ th·ªÉ, vui l√≤ng m√¥ t·∫£ ng·∫Øn g·ªçn v√† r√µ r√†ng s·∫£n ph·∫©m mu·ªën t√¨m ki·∫øm (v√≠ d·ª•: m√¨nh mu·ªën mua xe t·∫≠p ƒëi...) ho·∫∑c tham kh·∫£o danh m·ª•c s·∫£n ph·∫©m c·ªßa shop nh√©!",,,2020-03-29 06:55:46,
,3313335918695418,bot,,,,,2020-03-29 06:55:46,
681fbe7d6fe54218bc44237b104033f5,3313335918695418,user,"M√¨nh mu·ªën mua b·ªô c·∫ßu tr∆∞·ª£t
Gi√° tn b",,query_knowledge_base,"cau_truot,price,",2020-03-29 06:56:21,
,3313335918695418,bot,,"D·∫°, s·∫£n ph·∫©m C·∫ßu Tr∆∞·ª£t  b√™n shop hi·ªán t·∫°i kh√¥ng c√≥ ·∫°. B·∫°n tham kh·∫£o c√°c s·∫£n ph·∫©m kh√°c d√†nh cho b√© nh√©!",,,2020-03-29 06:56:21,
08481c17f12e48dcbeea53e9f72b7351,3313335918695418,user,Thank b,,thank,,2020-03-29 06:56:44,
,3313335918695418,bot,,Thank you!,,,2020-03-29 06:56:44,
fa163ed60e32422989b7d391f3cb3d34,2802970696458256,user,/greet,,greet,,2020-03-28 13:23:53,
,2802970696458256,bot,,"Ch√†o Nguy·ªÖn Tr√† My, m√¨nh l√† tr·ª£ l√Ω ·∫£o c·ªßa Shop G·∫•u & B√≠ Ng√¥",,,2020-03-28 13:23:53,
,2802970696458256,bot,,"ƒê·ªÉ h·ªó tr·ª£ b·∫°n nhanh nh·∫•t c√≥ th·ªÉ, vui l√≤ng m√¥ t·∫£ ng·∫Øn g·ªçn v√† r√µ r√†ng s·∫£n ph·∫©m mu·ªën t√¨m ki·∫øm (v√≠ d·ª•: m√¨nh mu·ªën mua xe t·∫≠p ƒëi...) ho·∫∑c tham kh·∫£o danh m·ª•c s·∫£n ph·∫©m c·ªßa shop nh√©!",,,2020-03-28 13:23:53,
,2802970696458256,bot,,,,,2020-03-28 13:23:53,
d9dc0ba3e18e458fae60ba42863f7e11,2802970696458256,user,,,send_link,"['https://scontent.xx.fbcdn.net/v/t1.15752-9/91593775_635925830596165_5565507927411785728_n.jpg?_nc_cat=104&_nc_sid=b96e70&_nc_ohc=wC7vTKnHo0cAX8Dg2Lo&_nc_ad=z-m&_nc_cid=0&_nc_zor=9&_nc_ht=scontent.xx&oh=910f7a202b2c19c7f15ec65edad7e0c4&oe=5EA4F642'],https://scontent.xx.fbcdn.net/v/t1.15752-9/91593775_635925830596165_5565507927411785728_n.jpg?_nc_cat=104&_nc_sid=b96e70&_nc_ohc=wC7vTKnHo0cAX8Dg2Lo&_nc_ad=z-m&_nc_cid=0&_nc_zor=9&_nc_ht=scontent.xx&oh=910f7a202b2c19c7f15ec65edad7e0c4&oe=5EA4F642,",2020-03-28 13:24:06,"https://scontent.xx.fbcdn.net/v/t1.15752-9/91593775_635925830596165_5565507927411785728_n.jpg?_nc_cat=104&_nc_sid=b96e70&_nc_ohc=wC7vTKnHo0cAX8Dg2Lo&_nc_ad=z-m&_nc_cid=0&_nc_zor=9&_nc_ht=scontent.xx&oh=910f7a202b2c19c7f15ec65edad7e0c4&oe=5EA4F642, "
d93d36efbf08441cbce0611bd6ee1487,2802970696458256,user,"l·ªÅu c√≤n ko shop
gi√° bn
c√≤n b√≥ng bn",,query_knowledge_base,"price,",2020-03-28 13:24:29,
,2802970696458256,bot,,B·∫°n c√≥ th·ªÉ n√≥i v·ªõi t√¥i theo 1 c√°ch kh√°c ƒë∆∞·ª£c kh√¥ng?,,,2020-03-28 13:24:29,
8820dbc701964ab7a2a8ca1e00f5a26e,2802970696458256,user,???,,greet,,2020-03-28 13:25:25,
,2802970696458256,bot,,"Ch√†o Nguy·ªÖn Tr√† My, m√¨nh l√† tr·ª£ l√Ω ·∫£o c·ªßa Shop G·∫•u & B√≠ Ng√¥",,,2020-03-28 13:25:25,
,2802970696458256,bot,,"ƒê·ªÉ h·ªó tr·ª£ b·∫°n nhanh nh·∫•t c√≥ th·ªÉ, vui l√≤ng m√¥ t·∫£ ng·∫Øn g·ªçn v√† r√µ r√†ng s·∫£n ph·∫©m mu·ªën t√¨m ki·∫øm (v√≠ d·ª•: m√¨nh mu·ªën mua xe t·∫≠p ƒëi...) ho·∫∑c tham kh·∫£o danh m·ª•c s·∫£n ph·∫©m c·ªßa shop nh√©!",,,2020-03-28 13:25:25,
,2802970696458256,bot,,,,,2020-03-28 13:25:25,
8b8d3b6914f44d3ba9cd9f534958494c,2802970696458256,user,,,send_link,"['https://scontent.xx.fbcdn.net/v/t1.15752-9/90826192_559576271577061_6059720829090922496_n.jpg?_nc_cat=100&_nc_sid=b96e70&_nc_ohc=pHwaBSDwRq0AX81L73W&_nc_ad=z-m&_nc_cid=0&_nc_zor=9&_nc_ht=scontent.xx&oh=e5ca8d2022e4c0559cd829784cdd3eb8&oe=5EA64370'],https://scontent.xx.fbcdn.net/v/t1.15752-9/90826192_559576271577061_6059720829090922496_n.jpg?_nc_cat=100&_nc_sid=b96e70&_nc_ohc=pHwaBSDwRq0AX81L73W&_nc_ad=z-m&_nc_cid=0&_nc_zor=9&_nc_ht=scontent.xx&oh=e5ca8d2022e4c0559cd829784cdd3eb8&oe=5EA64370,",2020-03-29 02:41:24,"https://scontent.xx.fbcdn.net/v/t1.15752-9/90826192_559576271577061_6059720829090922496_n.jpg?_nc_cat=100&_nc_sid=b96e70&_nc_ohc=pHwaBSDwRq0AX81L73W&_nc_ad=z-m&_nc_cid=0&_nc_zor=9&_nc_ht=scontent.xx&oh=e5ca8d2022e4c0559cd829784cdd3eb8&oe=5EA64370, "
735deee35541400080559002e52df89f,2802970696458256,user,"l·ªÅu h√†n qu·ªëc c√≤n ko shop ∆°i
gi√° bn ·∫°
mua b√≥ng ri√™ng l√† bn",,query_knowledge_base,"h√†n qu·ªëc,",2020-03-29 02:41:50,
,2802970696458256,bot,,B·∫°n c√≥ th·ªÉ n√≥i v·ªõi t√¥i theo 1 c√°ch kh√°c ƒë∆∞·ª£c kh√¥ng?,,,2020-03-29 02:41:50,
a57b7d7d5a554826b8655e0caacc09a2,2893741477370108,user,/greet,,greet,,2020-03-28 19:44:49,
,2893741477370108,bot,,"Ch√†o Nguy·ªÖn Di·ªáu, m√¨nh l√† tr·ª£ l√Ω ·∫£o c·ªßa Shop G·∫•u & B√≠ Ng√¥",,,2020-03-28 19:44:49,
,2893741477370108,bot,,"ƒê·ªÉ h·ªó tr·ª£ b·∫°n nhanh nh·∫•t c√≥ th·ªÉ, vui l√≤ng m√¥ t·∫£ ng·∫Øn g·ªçn v√† r√µ r√†ng s·∫£n ph·∫©m mu·ªën t√¨m ki·∫øm (v√≠ d·ª•: m√¨nh mu·ªën mua xe t·∫≠p ƒëi...) ho·∫∑c tham kh·∫£o danh m·ª•c s·∫£n ph·∫©m c·ªßa shop nh√©!",,,2020-03-28 19:44:49,
,2893741477370108,bot,,,,,2020-03-28 19:44:49,
7f5c8b12b8eb4274983845f1c677fe25,2893741477370108,user,,,send_link,"['https://scontent.xx.fbcdn.net/v/t1.15752-9/90589519_223989032035055_1808774924945326080_n.jpg?_nc_cat=101&_nc_sid=b96e70&_nc_ohc=CaDCGgBG1rEAX97Uw9s&_nc_ad=z-m&_nc_cid=0&_nc_zor=9&_nc_ht=scontent.xx&oh=9dfd4d8d9027dbf47a7e14e2cf5f510d&oe=5EA4D570'],https://scontent.xx.fbcdn.net/v/t1.15752-9/90589519_223989032035055_1808774924945326080_n.jpg?_nc_cat=101&_nc_sid=b96e70&_nc_ohc=CaDCGgBG1rEAX97Uw9s&_nc_ad=z-m&_nc_cid=0&_nc_zor=9&_nc_ht=scontent.xx&oh=9dfd4d8d9027dbf47a7e14e2cf5f510d&oe=5EA4D570,",2020-03-28 19:45:04,"https://scontent.xx.fbcdn.net/v/t1.15752-9/90589519_223989032035055_1808774924945326080_n.jpg?_nc_cat=101&_nc_sid=b96e70&_nc_ohc=CaDCGgBG1rEAX97Uw9s&_nc_ad=z-m&_nc_cid=0&_nc_zor=9&_nc_ht=scontent.xx&oh=9dfd4d8d9027dbf47a7e14e2cf5f510d&oe=5EA4D570, "
b171d889b39e4bae9e27273da18993fb,2893741477370108,user,"M√¨nh mua s·∫£n ph·∫©m n√†y nha
Gi√° sao",,query_knowledge_base,"s·∫£n ph·∫©m n√†y,price,",2020-03-28 19:45:29,
,2893741477370108,bot,,B·∫°n c√≥ th·ªÉ n√≥i v·ªõi t√¥i theo 1 c√°ch kh√°c ƒë∆∞·ª£c kh√¥ng?,,,2020-03-28 19:45:29,
53d1c3d80e2b4180947e6a591de825ee,2825652034197583,user,/greet,,greet,,2020-03-28 14:02:00,
,2825652034197583,bot,,"Ch√†o Hannah Chu, m√¨nh l√† tr·ª£ l√Ω ·∫£o c·ªßa Shop G·∫•u & B√≠ Ng√¥",,,2020-03-28 14:02:02,
,2825652034197583,bot,,"ƒê·ªÉ h·ªó tr·ª£ b·∫°n nhanh nh·∫•t c√≥ th·ªÉ, vui l√≤ng m√¥ t·∫£ ng·∫Øn g·ªçn v√† r√µ r√†ng s·∫£n ph·∫©m mu·ªën t√¨m ki·∫øm (v√≠ d·ª•: m√¨nh mu·ªën mua xe t·∫≠p ƒëi...) ho·∫∑c tham kh·∫£o danh m·ª•c s·∫£n ph·∫©m c·ªßa shop nh√©!",,,2020-03-28 14:02:02,
,2825652034197583,bot,,,,,2020-03-28 14:02:02,
071997d4504c4a1ea176782d55c52b04,2825652034197583,user,B√°o gi√° m√¨nh qu√¢y th·∫£m v·ªõi,,query_knowledge_base,"price,quay,",2020-03-28 14:02:20,
,2825652034197583,bot,,"S·∫£n ph·∫©m  Qu√¢y  hi·ªán shop ƒëang c√≥ gi√°: *1,290,000 VND*.
B·∫°n tham kh·∫£o c√°c s·∫£n ph·∫©m sau nh√© ·∫°:",,,2020-03-28 14:02:20,
,2825652034197583,bot,,,,,2020-03-28 14:02:20,
78d5338552804824bcd0426342c5dfe5,2825652034197583,user,C√°i n√†y c√≥ k√®m th·∫£m v√† b√≥ng ko b·∫°n,,query_knowledge_base,"C√°i n√†y,",2020-03-28 14:11:17,
,2825652034197583,bot,,"S·∫£n ph·∫©m  Qu√¢y  hi·ªán shop ƒëang c√≥ gi√°: *1,290,000 VND*.
B·∫°n tham kh·∫£o c√°c s·∫£n ph·∫©m sau nh√© ·∫°:",,,2020-03-28 14:11:17,
,2825652034197583,bot,,,,,2020-03-28 14:11:17,
c15c50850dd54d8d8307fea6e2914ce7,2825652034197583,user,Ko th·∫•y n√≥i b·∫°n ∆°i,,disagree,,2020-03-28 14:15:29,
,2825652034197583,bot,,B·∫°n c√≥ th·ªÉ n√≥i v·ªõi t√¥i theo 1 c√°ch kh√°c ƒë∆∞·ª£c kh√¥ng?,,,2020-03-28 14:15:29,
bab12561f58f490a9afd13d592401108,3001130206613177,user,/greet,,greet,,2020-03-28 14:05:38,
,3001130206613177,bot,,"Ch√†o Hung Tran, m√¨nh l√† tr·ª£ l√Ω ·∫£o c·ªßa Shop G·∫•u & B√≠ Ng√¥",,,2020-03-28 14:06:15,
,3001130206613177,bot,,,,,2020-03-28 14:06:38,
82963eec49814f6bbe12fc37d395dfc5,3001130206613177,user,cha2o shop,,greet,,2020-03-28 14:06:39,
,3001130206613177,bot,,"Ch√†o Hung Tran, m√¨nh l√† tr·ª£ l√Ω ·∫£o c·ªßa Shop G·∫•u & B√≠ Ng√¥",,,2020-03-28 14:06:39,
,3001130206613177,bot,,"ƒê·ªÉ h·ªó tr·ª£ b·∫°n nhanh nh·∫•t c√≥ th·ªÉ, vui l√≤ng m√¥ t·∫£ ng·∫Øn g·ªçn v√† r√µ r√†ng s·∫£n ph·∫©m mu·ªën t√¨m ki·∫øm (v√≠ d·ª•: m√¨nh mu·ªën mua xe t·∫≠p ƒëi...) ho·∫∑c tham kh·∫£o danh m·ª•c s·∫£n ph·∫©m c·ªßa shop nh√©!",,,2020-03-28 14:06:39,
,3001130206613177,bot,,,,,2020-03-28 14:06:39,
c2f609dd6aaa4e04ac4578378f376798,3001130206613177,user,/greet,,greet,,2020-03-28 14:06:40,
,3001130206613177,bot,,"Ch√†o Hung Tran, m√¨nh l√† tr·ª£ l√Ω ·∫£o c·ªßa Shop G·∫•u & B√≠ Ng√¥",,,2020-03-28 14:06:40,
,3001130206613177,bot,,"ƒê·ªÉ h·ªó tr·ª£ b·∫°n nhanh nh·∫•t c√≥ th·ªÉ, vui l√≤ng m√¥ t·∫£ ng·∫Øn g·ªçn v√† r√µ r√†ng s·∫£n ph·∫©m mu·ªën t√¨m ki·∫øm (v√≠ d·ª•: m√¨nh mu·ªën mua xe t·∫≠p ƒëi...) ho·∫∑c tham kh·∫£o danh m·ª•c s·∫£n ph·∫©m c·ªßa shop nh√©!",,,2020-03-28 14:06:40,
,3001130206613177,bot,,,,,2020-03-28 14:06:40,
b9db7342881b4a089ce1f1fff7bdf801,3001130206613177,user,/greet,,greet,,2020-03-28 14:06:40,
,3001130206613177,bot,,"Ch√†o Hung Tran, m√¨nh l√† tr·ª£ l√Ω ·∫£o c·ªßa Shop G·∫•u & B√≠ Ng√¥",,,2020-03-28 14:06:40,
,3001130206613177,bot,,"ƒê·ªÉ h·ªó tr·ª£ b·∫°n nhanh nh·∫•t c√≥ th·ªÉ, vui l√≤ng m√¥ t·∫£ ng·∫Øn g·ªçn v√† r√µ r√†ng s·∫£n ph·∫©m mu·ªën t√¨m ki·∫øm (v√≠ d·ª•: m√¨nh mu·ªën mua xe t·∫≠p ƒëi...) ho·∫∑c tham kh·∫£o danh m·ª•c s·∫£n ph·∫©m c·ªßa shop nh√©!",,,2020-03-28 14:06:40,
,3001130206613177,bot,,,,,2020-03-28 14:06:40,
da08717412d540b4b16229718c9a7692,3001130206613177,user,/greet,,greet,,2020-03-28 14:06:41,
,3001130206613177,bot,,"Ch√†o Hung Tran, m√¨nh l√† tr·ª£ l√Ω ·∫£o c·ªßa Shop G·∫•u & B√≠ Ng√¥",,,2020-03-28 14:06:41,
,3001130206613177,bot,,"ƒê·ªÉ h·ªó tr·ª£ b·∫°n nhanh nh·∫•t c√≥ th·ªÉ, vui l√≤ng m√¥ t·∫£ ng·∫Øn g·ªçn v√† r√µ r√†ng s·∫£n ph·∫©m mu·ªën t√¨m ki·∫øm (v√≠ d·ª•: m√¨nh mu·ªën mua xe t·∫≠p ƒëi...) ho·∫∑c tham kh·∫£o danh m·ª•c s·∫£n ph·∫©m c·ªßa shop nh√©!",,,2020-03-28 14:06:41,
,3001130206613177,bot,,,,,2020-03-28 14:06:41,
a523d558696d4fcfb7ed444d2ef94758,3001130206613177,user,/greet,,greet,,2020-03-28 14:06:42,
,3001130206613177,bot,,"Ch√†o Hung Tran, m√¨nh l√† tr·ª£ l√Ω ·∫£o c·ªßa Shop G·∫•u & B√≠ Ng√¥",,,2020-03-28 14:06:42,
,3001130206613177,bot,,"ƒê·ªÉ h·ªó tr·ª£ b·∫°n nhanh nh·∫•t c√≥ th·ªÉ, vui l√≤ng m√¥ t·∫£ ng·∫Øn g·ªçn v√† r√µ r√†ng s·∫£n ph·∫©m mu·ªën t√¨m ki·∫øm (v√≠ d·ª•: m√¨nh mu·ªën mua xe t·∫≠p ƒëi...) ho·∫∑c tham kh·∫£o danh m·ª•c s·∫£n ph·∫©m c·ªßa shop nh√©!",,,2020-03-28 14:06:42,
,3001130206613177,bot,,,,,2020-03-28 14:06:42,
26fe24b2cad44d089bf3931d02bd4a23,3001130206613177,user,/greet,,greet,,2020-03-28 14:06:43,
,3001130206613177,bot,,"Ch√†o Hung Tran, m√¨nh l√† tr·ª£ l√Ω ·∫£o c·ªßa Shop G·∫•u & B√≠ Ng√¥",,,2020-03-28 14:06:43,
,3001130206613177,bot,,"ƒê·ªÉ h·ªó tr·ª£ b·∫°n nhanh nh·∫•t c√≥ th·ªÉ, vui l√≤ng m√¥ t·∫£ ng·∫Øn g·ªçn v√† r√µ r√†ng s·∫£n ph·∫©m mu·ªën t√¨m ki·∫øm (v√≠ d·ª•: m√¨nh mu·ªën mua xe t·∫≠p ƒëi...) ho·∫∑c tham kh·∫£o danh m·ª•c s·∫£n ph·∫©m c·ªßa shop nh√©!",,,2020-03-28 14:06:44,
,3001130206613177,bot,,,,,2020-03-28 14:06:44,
6dd10af2b1264f4db192fe1c81880347,3001130206613177,user,/greet,,greet,,2020-03-28 14:06:44,
,3001130206613177,bot,,"Ch√†o Hung Tran, m√¨nh l√† tr·ª£ l√Ω ·∫£o c·ªßa Shop G·∫•u & B√≠ Ng√¥",,,2020-03-28 14:06:44,
,3001130206613177,bot,,"ƒê·ªÉ h·ªó tr·ª£ b·∫°n nhanh nh·∫•t c√≥ th·ªÉ, vui l√≤ng m√¥ t·∫£ ng·∫Øn g·ªçn v√† r√µ r√†ng s·∫£n ph·∫©m mu·ªën t√¨m ki·∫øm (v√≠ d·ª•: m√¨nh mu·ªën mua xe t·∫≠p ƒëi...) ho·∫∑c tham kh·∫£o danh m·ª•c s·∫£n ph·∫©m c·ªßa shop nh√©!",,,2020-03-28 14:06:44,
,3001130206613177,bot,,,,,2020-03-28 14:06:44,
a7c898682e38410b8ab23c15b337cab6,3001130206613177,user,/greet,,greet,,2020-03-28 14:06:45,
,3001130206613177,bot,,"Ch√†o Hung Tran, m√¨nh l√† tr·ª£ l√Ω ·∫£o c·ªßa Shop G·∫•u & B√≠ Ng√¥",,,2020-03-28 14:06:45,
,3001130206613177,bot,,"ƒê·ªÉ h·ªó tr·ª£ b·∫°n nhanh nh·∫•t c√≥ th·ªÉ, vui l√≤ng m√¥ t·∫£ ng·∫Øn g·ªçn v√† r√µ r√†ng s·∫£n ph·∫©m mu·ªën t√¨m ki·∫øm (v√≠ d·ª•: m√¨nh mu·ªën mua xe t·∫≠p ƒëi...) ho·∫∑c tham kh·∫£o danh m·ª•c s·∫£n ph·∫©m c·ªßa shop nh√©!",,,2020-03-28 14:06:45,
,3001130206613177,bot,,,,,2020-03-28 14:06:45,
11ee6a204cf84464bafc5d65a838e0af,3001130206613177,user,/greet,,greet,,2020-03-28 14:06:46,
,3001130206613177,bot,,"Ch√†o Hung Tran, m√¨nh l√† tr·ª£ l√Ω ·∫£o c·ªßa Shop G·∫•u & B√≠ Ng√¥",,,2020-03-28 14:06:46,
,3001130206613177,bot,,"ƒê·ªÉ h·ªó tr·ª£ b·∫°n nhanh nh·∫•t c√≥ th·ªÉ, vui l√≤ng m√¥ t·∫£ ng·∫Øn g·ªçn v√† r√µ r√†ng s·∫£n ph·∫©m mu·ªën t√¨m ki·∫øm (v√≠ d·ª•: m√¨nh mu·ªën mua xe t·∫≠p ƒëi...) ho·∫∑c tham kh·∫£o danh m·ª•c s·∫£n ph·∫©m c·ªßa shop nh√©!",,,2020-03-28 14:06:46,
,3001130206613177,bot,,,,,2020-03-28 14:06:47,
2fea279139314f22973fe9183af56f38,3001130206613177,user,/greet,,greet,,2020-03-28 14:06:47,
,3001130206613177,bot,,"Ch√†o Hung Tran, m√¨nh l√† tr·ª£ l√Ω ·∫£o c·ªßa Shop G·∫•u & B√≠ Ng√¥",,,2020-03-28 14:06:47,
,3001130206613177,bot,,"ƒê·ªÉ h·ªó tr·ª£ b·∫°n nhanh nh·∫•t c√≥ th·ªÉ, vui l√≤ng m√¥ t·∫£ ng·∫Øn g·ªçn v√† r√µ r√†ng s·∫£n ph·∫©m mu·ªën t√¨m ki·∫øm (v√≠ d·ª•: m√¨nh mu·ªën mua xe t·∫≠p ƒëi...) ho·∫∑c tham kh·∫£o danh m·ª•c s·∫£n ph·∫©m c·ªßa shop nh√©!",,,2020-03-28 14:06:47,
,3001130206613177,bot,,,,,2020-03-28 14:06:48,
61a57a7ba5f44f6f95c8c148f5c6c5fb,3001130206613177,user,/greet,,greet,,2020-03-28 14:06:48,
,3001130206613177,bot,,"Ch√†o Hung Tran, m√¨nh l√† tr·ª£ l√Ω ·∫£o c·ªßa Shop G·∫•u & B√≠ Ng√¥",,,2020-03-28 14:06:48,
,3001130206613177,bot,,"ƒê·ªÉ h·ªó tr·ª£ b·∫°n nhanh nh·∫•t c√≥ th·ªÉ, vui l√≤ng m√¥ t·∫£ ng·∫Øn g·ªçn v√† r√µ r√†ng s·∫£n ph·∫©m mu·ªën t√¨m ki·∫øm (v√≠ d·ª•: m√¨nh mu·ªën mua xe t·∫≠p ƒëi...) ho·∫∑c tham kh·∫£o danh m·ª•c s·∫£n ph·∫©m c·ªßa shop nh√©!",,,2020-03-28 14:06:48,
,3001130206613177,bot,,,,,2020-03-28 14:06:48,
1e819f8b7a5a4fec8913d05bd84a76ee,3001130206613177,user,/greet,,greet,,2020-03-28 14:06:49,
,3001130206613177,bot,,"Ch√†o Hung Tran, m√¨nh l√† tr·ª£ l√Ω ·∫£o c·ªßa Shop G·∫•u & B√≠ Ng√¥",,,2020-03-28 14:06:49,
,3001130206613177,bot,,"ƒê·ªÉ h·ªó tr·ª£ b·∫°n nhanh nh·∫•t c√≥ th·ªÉ, vui l√≤ng m√¥ t·∫£ ng·∫Øn g·ªçn v√† r√µ r√†ng s·∫£n ph·∫©m mu·ªën t√¨m ki·∫øm (v√≠ d·ª•: m√¨nh mu·ªën mua xe t·∫≠p ƒëi...) ho·∫∑c tham kh·∫£o danh m·ª•c s·∫£n ph·∫©m c·ªßa shop nh√©!",,,2020-03-28 14:06:49,
,3001130206613177,bot,,,,,2020-03-28 14:06:49,
4d2b1cb267c84696b4b1a8722cd139da,3001130206613177,user,/greet,,greet,,2020-03-28 14:06:49,
,3001130206613177,bot,,"Ch√†o Hung Tran, m√¨nh l√† tr·ª£ l√Ω ·∫£o c·ªßa Shop G·∫•u & B√≠ Ng√¥",,,2020-03-28 14:06:50,
,3001130206613177,bot,,"ƒê·ªÉ h·ªó tr·ª£ b·∫°n nhanh nh·∫•t c√≥ th·ªÉ, vui l√≤ng m√¥ t·∫£ ng·∫Øn g·ªçn v√† r√µ r√†ng s·∫£n ph·∫©m mu·ªën t√¨m ki·∫øm (v√≠ d·ª•: m√¨nh mu·ªën mua xe t·∫≠p ƒëi...) ho·∫∑c tham kh·∫£o danh m·ª•c s·∫£n ph·∫©m c·ªßa shop nh√©!",,,2020-03-28 14:06:50,
,3001130206613177,bot,,,,,2020-03-28 14:06:50,
d5ec44077c1643efaf7ed9b07550b00a,3001130206613177,user,/greet,,greet,,2020-03-28 14:06:50,
,3001130206613177,bot,,"Ch√†o Hung Tran, m√¨nh l√† tr·ª£ l√Ω ·∫£o c·ªßa Shop G·∫•u & B√≠ Ng√¥",,,2020-03-28 14:06:50,
,3001130206613177,bot,,"ƒê·ªÉ h·ªó tr·ª£ b·∫°n nhanh nh·∫•t c√≥ th·ªÉ, vui l√≤ng m√¥ t·∫£ ng·∫Øn g·ªçn v√† r√µ r√†ng s·∫£n ph·∫©m mu·ªën t√¨m ki·∫øm (v√≠ d·ª•: m√¨nh mu·ªën mua xe t·∫≠p ƒëi...) ho·∫∑c tham kh·∫£o danh m·ª•c s·∫£n ph·∫©m c·ªßa shop nh√©!",,,2020-03-28 14:06:50,
,3001130206613177,bot,,,,,2020-03-28 14:06:50,
289a28fe7e26477a953cc49cf93be052,3001130206613177,user,/greet,,greet,,2020-03-28 14:06:50,
,3001130206613177,bot,,"Ch√†o Hung Tran, m√¨nh l√† tr·ª£ l√Ω ·∫£o c·ªßa Shop G·∫•u & B√≠ Ng√¥",,,2020-03-28 14:06:50,
,3001130206613177,bot,,"ƒê·ªÉ h·ªó tr·ª£ b·∫°n nhanh nh·∫•t c√≥ th·ªÉ, vui l√≤ng m√¥ t·∫£ ng·∫Øn g·ªçn v√† r√µ r√†ng s·∫£n ph·∫©m mu·ªën t√¨m ki·∫øm (v√≠ d·ª•: m√¨nh mu·ªën mua xe t·∫≠p ƒëi...) ho·∫∑c tham kh·∫£o danh m·ª•c s·∫£n ph·∫©m c·ªßa shop nh√©!",,,2020-03-28 14:06:50,
,3001130206613177,bot,,,,,2020-03-28 14:06:51,
1ae1d91bf0bb4aeba7c9fcf3f7296a36,3001130206613177,user,/greet,,greet,,2020-03-28 14:06:53,
,3001130206613177,bot,,"Ch√†o Hung Tran, m√¨nh l√† tr·ª£ l√Ω ·∫£o c·ªßa Shop G·∫•u & B√≠ Ng√¥",,,2020-03-28 14:06:53,
,3001130206613177,bot,,"ƒê·ªÉ h·ªó tr·ª£ b·∫°n nhanh nh·∫•t c√≥ th·ªÉ, vui l√≤ng m√¥ t·∫£ ng·∫Øn g·ªçn v√† r√µ r√†ng s·∫£n ph·∫©m mu·ªën t√¨m ki·∫øm (v√≠ d·ª•: m√¨nh mu·ªën mua xe t·∫≠p ƒëi...) ho·∫∑c tham kh·∫£o danh m·ª•c s·∫£n ph·∫©m c·ªßa shop nh√©!",,,2020-03-28 14:06:53,
,3001130206613177,bot,,,,,2020-03-28 14:06:53,
58a6418c26264af09368fa15d1208987,3001130206613177,user,minh mu·ªën t√¨m qu√¢y c≈©i nh·ª±a,,handover_to_inbox,"quay,material,",2020-03-28 14:09:09,
,3001130206613177,bot,,"D·∫°, s·∫£n ph·∫©m Qu√¢y ch·∫•t li·ªáu Material b√™n shop hi·ªán t·∫°i kh√¥ng c√≥ ·∫°. B·∫°n tham kh·∫£o c√°c s·∫£n ph·∫©m kh√°c d√†nh cho b√© nh√©!",,,2020-03-28 14:09:10,
a0bf1ba2382f43a5a724f7f6d5fc5910,3914031578637438,user,/greet,,greet,,2020-03-28 13:38:39,
,3914031578637438,bot,,"Ch√†o Nga, m√¨nh l√† tr·ª£ l√Ω ·∫£o c·ªßa Shop G·∫•u & B√≠ Ng√¥",,,2020-03-28 13:38:41,
,3914031578637438,bot,,"ƒê·ªÉ h·ªó tr·ª£ b·∫°n nhanh nh·∫•t c√≥ th·ªÉ, vui l√≤ng m√¥ t·∫£ ng·∫Øn g·ªçn v√† r√µ r√†ng s·∫£n ph·∫©m mu·ªën t√¨m ki·∫øm (v√≠ d·ª•: m√¨nh mu·ªën mua xe t·∫≠p ƒëi...) ho·∫∑c tham kh·∫£o danh m·ª•c s·∫£n ph·∫©m c·ªßa shop nh√©!",,,2020-03-28 13:38:41,
,3914031578637438,bot,,,,,2020-03-28 13:38:41,
3bb9c42f8e454eb4883e799c0124fa08,3914031578637438,user,,,send_link,"['https://scontent.xx.fbcdn.net/v/t1.15752-9/90523406_1646570122151011_7560973767770374144_n.jpg?_nc_cat=111&_nc_sid=b96e70&_nc_ohc=wRDYR9HiDIIAX9EYgXF&_nc_ad=z-m&_nc_cid=0&_nc_zor=9&_nc_ht=scontent.xx&oh=f705d96efc4592690e416d68be5946b9&oe=5EA3003E'],",2020-03-28 13:38:51,"https://scontent.xx.fbcdn.net/v/t1.15752-9/90523406_1646570122151011_7560973767770374144_n.jpg?_nc_cat=111&_nc_sid=b96e70&_nc_ohc=wRDYR9HiDIIAX9EYgXF&_nc_ad=z-m&_nc_cid=0&_nc_zor=9&_nc_ht=scontent.xx&oh=f705d96efc4592690e416d68be5946b9&oe=5EA3003E, "
ad6961f682ea47dda52c811fa6521209,3914031578637438,user,Shop b√°n gh·∫ø n√†y ko,,query_knowledge_base,"n√†y,",2020-03-28 13:39:04,
,3914031578637438,bot,,B·∫°n c√≥ th·ªÉ n√≥i v·ªõi t√¥i theo 1 c√°ch kh√°c ƒë∆∞·ª£c kh√¥ng?,,,2020-03-28 13:39:04,
424b3f3722cf4f4c850a1a2eaefaccf0,1759298387484955,user,/greet,,greet,,2020-03-27 17:28:14,
,1759298387484955,bot,,"Ch√†o L√¢m Nhi, m√¨nh l√† tr·ª£ l√Ω ·∫£o c·ªßa Shop G·∫•u & B√≠ Ng√¥",,,2020-03-27 17:28:14,
,1759298387484955,bot,,"ƒê·ªÉ h·ªó tr·ª£ b·∫°n nhanh nh·∫•t c√≥ th·ªÉ, vui l√≤ng m√¥ t·∫£ ng·∫Øn g·ªçn v√† r√µ r√†ng s·∫£n ph·∫©m mu·ªën t√¨m ki·∫øm (v√≠ d·ª•: m√¨nh mu·ªën mua xe t·∫≠p ƒëi...) ho·∫∑c tham kh·∫£o danh m·ª•c s·∫£n ph·∫©m c·ªßa shop nh√©!",,,2020-03-27 17:28:14,
,1759298387484955,bot,,,,,2020-03-27 17:28:14,
f11ec71838c74b0d96a1a46d82d84f5d,1759298387484955,user,,,send_link,"['https://scontent.xx.fbcdn.net/v/t1.15752-9/91209133_2660946144150142_6722210450643091456_n.jpg?_nc_cat=106&_nc_sid=b96e70&_nc_ohc=GJvzldrIJEgAX_t9AzO&_nc_ad=z-m&_nc_cid=0&_nc_zor=9&_nc_ht=scontent.xx&oh=7a2eae7dece74478231f21fa9ca599a0&oe=5EA4DA04'],https://scontent.xx.fbcdn.net/v/t1.15752-9/91209133_2660946144150142_6722210450643091456_n.jpg?_nc_cat=106&_nc_sid=b96e70&_nc_ohc=GJvzldrIJEgAX_t9AzO&_nc_ad=z-m&_nc_cid=0&_nc_zor=9&_nc_ht=scontent.xx&oh=7a2eae7dece74478231f21fa9ca599a0&oe=5EA4DA04,",2020-03-27 17:28:22,"https://scontent.xx.fbcdn.net/v/t1.15752-9/91209133_2660946144150142_6722210450643091456_n.jpg?_nc_cat=106&_nc_sid=b96e70&_nc_ohc=GJvzldrIJEgAX_t9AzO&_nc_ad=z-m&_nc_cid=0&_nc_zor=9&_nc_ht=scontent.xx&oh=7a2eae7dece74478231f21fa9ca599a0&oe=5EA4DA04, "
9af37adf51914a21a2378e3b0bcd0987,1759298387484955,user,"M√¨nh m√∫n mua b·ªô voi n√†y
M√† ph√≠ ship shoppe t·ªõi 300k
M·∫Øc qu√° b
:((",,handover_to_inbox,"300k,",2020-03-27 17:28:53,
,1759298387484955,bot,,B·∫°n c√≥ th·ªÉ n√≥i v·ªõi t√¥i theo 1 c√°ch kh√°c ƒë∆∞·ª£c kh√¥ng?,,,2020-03-27 17:28:53,
da79114b7bcf4ec1983d3bb0fc846f3b,1759298387484955,user,B·∫°n ∆°i,,greet,,2020-03-28 13:13:10,
,1759298387484955,bot,,"Ch√†o L√¢m Nhi, m√¨nh l√† tr·ª£ l√Ω ·∫£o c·ªßa Shop G·∫•u & B√≠ Ng√¥",,,2020-03-28 13:13:10,
,1759298387484955,bot,,"ƒê·ªÉ h·ªó tr·ª£ b·∫°n nhanh nh·∫•t c√≥ th·ªÉ, vui l√≤ng m√¥ t·∫£ ng·∫Øn g·ªçn v√† r√µ r√†ng s·∫£n ph·∫©m mu·ªën t√¨m ki·∫øm (v√≠ d·ª•: m√¨nh mu·ªën mua xe t·∫≠p ƒëi...) ho·∫∑c tham kh·∫£o danh m·ª•c s·∫£n ph·∫©m c·ªßa shop nh√©!",,,2020-03-28 13:13:10,
,1759298387484955,bot,,,,,2020-03-28 13:13:10,
843f58e25100456d84b1a9a0e1091764,1759298387484955,user,,,send_link,"['https://scontent.xx.fbcdn.net/v/t1.15752-9/91189736_2657083197752531_2978518111348588544_n.jpg?_nc_cat=101&_nc_sid=b96e70&_nc_ohc=wn0qcXdkJ20AX8SmfaB&_nc_ad=z-m&_nc_cid=0&_nc_zor=9&_nc_ht=scontent.xx&oh=9071fd4b91cbc296bd63cc7dc7c0c2b9&oe=5EA452A3'],",2020-03-28 13:13:21,"https://scontent.xx.fbcdn.net/v/t1.15752-9/91189736_2657083197752531_2978518111348588544_n.jpg?_nc_cat=101&_nc_sid=b96e70&_nc_ohc=wn0qcXdkJ20AX8SmfaB&_nc_ad=z-m&_nc_cid=0&_nc_zor=9&_nc_ht=scontent.xx&oh=9071fd4b91cbc296bd63cc7dc7c0c2b9&oe=5EA452A3, "
62246f069dd54c25b042f7f902d92ae4,1759298387484955,user,B·ªô n√†y c√≤n k ·∫°,,query_knowledge_base,"B·ªô n√†y,",2020-03-28 13:13:33,
,1759298387484955,bot,,B·∫°n c√≥ th·ªÉ n√≥i v·ªõi t√¥i theo 1 c√°ch kh√°c ƒë∆∞·ª£c kh√¥ng?,,,2020-03-28 13:13:33,
805c7ad4e476435fb77ed3ecc3277697,2907461142664561,user,/greet,,greet,,2020-03-28 13:08:04,
,2907461142664561,bot,,"Ch√†o H√† Moon, m√¨nh l√† tr·ª£ l√Ω ·∫£o c·ªßa Shop G·∫•u & B√≠ Ng√¥",,,2020-03-28 13:08:05,
,2907461142664561,bot,,"ƒê·ªÉ h·ªó tr·ª£ b·∫°n nhanh nh·∫•t c√≥ th·ªÉ, vui l√≤ng m√¥ t·∫£ ng·∫Øn g·ªçn v√† r√µ r√†ng s·∫£n ph·∫©m mu·ªën t√¨m ki·∫øm (v√≠ d·ª•: m√¨nh mu·ªën mua xe t·∫≠p ƒëi...) ho·∫∑c tham kh·∫£o danh m·ª•c s·∫£n ph·∫©m c·ªßa shop nh√©!",,,2020-03-28 13:08:05,
,2907461142664561,bot,,,,,2020-03-28 13:08:05,
8029a5f16dc84ab4baaca6dcafe791d7,2907461142664561,user,Cho m√¨nh h·ªèi b√™n b·∫°n c√≥ m√°y h√∫t s·ªØa Avent hoa tuy·∫øt kh√¥ng ·∫°?,,query_knowledge_base,"may_hut_sua,Avent,",2020-03-28 13:08:37,
,2907461142664561,bot,,"S·∫£n ph·∫©m  M√°y H√∫t S·ªØa h√£ng s·∫£n xu·∫•t Avent hi·ªán shop ƒëang c√≥ gi√°: *6,950,000 VND*.
B·∫°n tham kh·∫£o c√°c s·∫£n ph·∫©m sau nh√© ·∫°:",,,2020-03-28 13:08:39,
,2907461142664561,bot,,,,,2020-03-28 13:08:39,
f19f00da7f7848bfa13aaafa173d9654,2907461142664561,user,ƒêang gi·∫£m c√≤n 4.990k ƒë√∫ng kh√¥ng ·∫°?,,query_knowledge_base,"4.990k,",2020-03-28 13:11:54,
,2907461142664561,bot,,"D·∫°, s·∫£n ph·∫©m M√°y H√∫t S·ªØa h√£ng s·∫£n xu·∫•t Avent, gi√° 4.990k b√™n shop hi·ªán t·∫°i kh√¥ng c√≥ ·∫°. B·∫°n tham kh·∫£o c√°c s·∫£n ph·∫©m kh√°c d√†nh cho b√© nh√©!",,,2020-03-28 13:11:54,
44b0fc3f577b4eae8049a49a59dd5de4,2907461142664561,user,"V√¢ng ·∫°, v√¨ link b·∫°n g·ª≠i m√¨nh ƒë·ªçc th√¨ th·∫•y gi·∫£m 28% n√™n m√¨nh t∆∞·ªüng gi√° ƒë√≥ :D
C·∫£m ∆°n shop nh√©!",,agree,"link,",2020-03-28 13:13:06,
,2907461142664561,bot,,D·∫° m·ªùi b·∫°n tham kh·∫£o c√°c lo·∫°i s·∫£n ph·∫©m M√°y H√∫t S·ªØa  hi·ªán c√≥ t·∫°i shop nh√©!,,,2020-03-28 13:13:06,
,2907461142664561,bot,,,,,2020-03-28 13:13:06,
61a83fdc5a094c5bb93b54fe1d75446e,3084234114931182,user,/greet,,greet,,2020-03-28 06:51:33,
,3084234114931182,bot,,"Ch√†o Nh√£ Thanh, m√¨nh l√† tr·ª£ l√Ω ·∫£o c·ªßa Shop G·∫•u & B√≠ Ng√¥",,,2020-03-28 06:51:34,
,3084234114931182,bot,,"ƒê·ªÉ h·ªó tr·ª£ b·∫°n nhanh nh·∫•t c√≥ th·ªÉ, vui l√≤ng m√¥ t·∫£ ng·∫Øn g·ªçn v√† r√µ r√†ng s·∫£n ph·∫©m mu·ªën t√¨m ki·∫øm (v√≠ d·ª•: m√¨nh mu·ªën mua xe t·∫≠p ƒëi...) ho·∫∑c tham kh·∫£o danh m·ª•c s·∫£n ph·∫©m c·ªßa shop nh√©!",,,2020-03-28 06:51:34,
,3084234114931182,bot,,,,,2020-03-28 06:51:34,
c8b6a95d747b4789856398f395649a71,3084234114931182,user,,,send_link,"['https://scontent.xx.fbcdn.net/v/t1.15752-9/90958526_844348296084999_5556829233025646592_n.jpg?_nc_cat=111&_nc_sid=b96e70&_nc_ohc=nKnFFBK9x4kAX8KAC9k&_nc_ad=z-m&_nc_cid=0&_nc_zor=9&_nc_ht=scontent.xx&oh=aead6e9f0b6ca0e8cf7d7446022ad8a7&oe=5EA4C715'],https://scontent.xx.fbcdn.net/v/t1.15752-9/90958526_844348296084999_5556829233025646592_n.jpg?_nc_cat=111&_nc_sid=b96e70&_nc_ohc=nKnFFBK9x4kAX8KAC9k&_nc_ad=z-m&_nc_cid=0&_nc_zor=9&_nc_ht=scontent.xx&oh=aead6e9f0b6ca0e8cf7d7446022ad8a7&oe=5EA4C715,",2020-03-28 06:51:39,"https://scontent.xx.fbcdn.net/v/t1.15752-9/90958526_844348296084999_5556829233025646592_n.jpg?_nc_cat=111&_nc_sid=b96e70&_nc_ohc=nKnFFBK9x4kAX8KAC9k&_nc_ad=z-m&_nc_cid=0&_nc_zor=9&_nc_ht=scontent.xx&oh=aead6e9f0b6ca0e8cf7d7446022ad8a7&oe=5EA4C715, "
e18f89e8a52d4d408a072bc7545173e5,3084234114931182,user,B√™n m√¨nh c√≥ medela freestyle like new k ak,,query_knowledge_base,"medela freestyle,",2020-03-28 06:52:05,
,3084234114931182,bot,,B·∫°n c√≥ th·ªÉ n√≥i v·ªõi t√¥i theo 1 c√°ch kh√°c ƒë∆∞·ª£c kh√¥ng?,,,2020-03-28 06:52:06,
389681b643834dcfa6bbc87f247c0cd9,2972848869432908,user,/greet,,greet,,2020-03-28 04:38:47,
,2972848869432908,bot,,"Ch√†o Qu·ª≥nh Mai, m√¨nh l√† tr·ª£ l√Ω ·∫£o c·ªßa Shop G·∫•u & B√≠ Ng√¥",,,2020-03-28 04:38:47,
,2972848869432908,bot,,"ƒê·ªÉ h·ªó tr·ª£ b·∫°n nhanh nh·∫•t c√≥ th·ªÉ, vui l√≤ng m√¥ t·∫£ ng·∫Øn g·ªçn v√† r√µ r√†ng s·∫£n ph·∫©m mu·ªën t√¨m ki·∫øm (v√≠ d·ª•: m√¨nh mu·ªën mua xe t·∫≠p ƒëi...) ho·∫∑c tham kh·∫£o danh m·ª•c s·∫£n ph·∫©m c·ªßa shop nh√©!",,,2020-03-28 04:38:47,
,2972848869432908,bot,,,,,2020-03-28 04:38:47,
533e10e9dbf14d8a9fcb8cb1ac092d7d,2972848869432908,user,C√≥ ship h√†ng qua Nguy·ªÖn Tu√¢n k shop,,handover_to_inbox,"Nguy·ªÖn Tu√¢n,",2020-03-28 04:39:12,
,2972848869432908,bot,,B·∫°n c√≥ th·ªÉ n√≥i v·ªõi t√¥i theo 1 c√°ch kh√°c ƒë∆∞·ª£c kh√¥ng?,,,2020-03-28 04:39:12,
3de1fde8444d4f47b184d13b596fee63,2972848869432908,user,?????,,greet,,2020-03-28 04:40:03,
,2972848869432908,bot,,"Ch√†o Qu·ª≥nh Mai, m√¨nh l√† tr·ª£ l√Ω ·∫£o c·ªßa Shop G·∫•u & B√≠ Ng√¥",,,2020-03-28 04:40:03,
,2972848869432908,bot,,"ƒê·ªÉ h·ªó tr·ª£ b·∫°n nhanh nh·∫•t c√≥ th·ªÉ, vui l√≤ng m√¥ t·∫£ ng·∫Øn g·ªçn v√† r√µ r√†ng s·∫£n ph·∫©m mu·ªën t√¨m ki·∫øm (v√≠ d·ª•: m√¨nh mu·ªën mua xe t·∫≠p ƒëi...) ho·∫∑c tham kh·∫£o danh m·ª•c s·∫£n ph·∫©m c·ªßa shop nh√©!",,,2020-03-28 04:40:03,
,2972848869432908,bot,,,,,2020-03-28 04:40:03,
e28443ffdb7844f799b04fd550ac5729,2972848869432908,user,"M√¨nh mu·ªën mua xe t·∫≠p ƒëi
C√≥ ship h√†ng b√¢y gi·ªù kh√¥ng",,handover_to_inbox,"xe_tap_di,",2020-03-28 04:41:05,
,2972848869432908,bot,,B·∫°n c√≥ th·ªÉ n√≥i v·ªõi t√¥i theo 1 c√°ch kh√°c ƒë∆∞·ª£c kh√¥ng?,,,2020-03-28 04:41:05,
9d507d33a3864d3488c8e9ab2408f20a,3562436160496798,user,/greet,,greet,,2020-03-28 04:33:08,
,3562436160496798,bot,,"Ch√†o ƒê·∫∑ng Kim Thoa, m√¨nh l√† tr·ª£ l√Ω ·∫£o c·ªßa Shop G·∫•u & B√≠ Ng√¥",,,2020-03-28 04:33:08,
,3562436160496798,bot,,"ƒê·ªÉ h·ªó tr·ª£ b·∫°n nhanh nh·∫•t c√≥ th·ªÉ, vui l√≤ng m√¥ t·∫£ ng·∫Øn g·ªçn v√† r√µ r√†ng s·∫£n ph·∫©m mu·ªën t√¨m ki·∫øm (v√≠ d·ª•: m√¨nh mu·ªën mua xe t·∫≠p ƒëi...) ho·∫∑c tham kh·∫£o danh m·ª•c s·∫£n ph·∫©m c·ªßa shop nh√©!",,,2020-03-28 04:33:09,
,3562436160496798,bot,,,,,2020-03-28 04:33:09,
38831ea58ef34210b5fb60e6de192180,2211828878844341,user,/greet,,greet,,2020-03-28 03:02:06,
,2211828878844341,bot,,"Ch√†o Phat Vo, m√¨nh l√† tr·ª£ l√Ω ·∫£o c·ªßa Shop G·∫•u & B√≠ Ng√¥",,,2020-03-28 03:02:07,
,2211828878844341,bot,,"ƒê·ªÉ h·ªó tr·ª£ b·∫°n nhanh nh·∫•t c√≥ th·ªÉ, vui l√≤ng m√¥ t·∫£ ng·∫Øn g·ªçn v√† r√µ r√†ng s·∫£n ph·∫©m mu·ªën t√¨m ki·∫øm (v√≠ d·ª•: m√¨nh mu·ªën mua xe t·∫≠p ƒëi...) ho·∫∑c tham kh·∫£o danh m·ª•c s·∫£n ph·∫©m c·ªßa shop nh√©!",,,2020-03-28 03:02:07,
,2211828878844341,bot,,,,,2020-03-28 03:02:07,
0c7dcafade3b40d5b174f39c1c9a4874,2211828878844341,user,,,send_link,"['https://scontent.xx.fbcdn.net/v/t1.15752-9/91237420_573063973314379_5752083759176351744_n.jpg?_nc_cat=111&_nc_sid=b96e70&_nc_ohc=awAgMEF9UTYAX-Q_cFX&_nc_ad=z-m&_nc_cid=0&_nc_zor=9&_nc_ht=scontent.xx&oh=fbfffeefdee0fcd2f0dd6ed4ea38d8e6&oe=5EA3382F'],",2020-03-28 03:02:15,"https://scontent.xx.fbcdn.net/v/t1.15752-9/91237420_573063973314379_5752083759176351744_n.jpg?_nc_cat=111&_nc_sid=b96e70&_nc_ohc=awAgMEF9UTYAX-Q_cFX&_nc_ad=z-m&_nc_cid=0&_nc_zor=9&_nc_ht=scontent.xx&oh=fbfffeefdee0fcd2f0dd6ed4ea38d8e6&oe=5EA3382F, "
12f543397fc34f868bf9dd667efce422,2211828878844341,user,Nhu hiÃÄnh thi gia bao Nhiu shop,,handover_to_inbox,"price,",2020-03-28 03:02:34,
,2211828878844341,bot,,B·∫°n c√≥ th·ªÉ n√≥i v·ªõi t√¥i theo 1 c√°ch kh√°c ƒë∆∞·ª£c kh√¥ng?,,,2020-03-28 03:02:34,
fd37c989280c45c299ab6c4a9c7584b3,2211828878844341,user,Gia bao Nhiu shop,,query_knowledge_base,"price,",2020-03-28 03:03:09,
,2211828878844341,bot,,B·∫°n c√≥ th·ªÉ n√≥i v·ªõi t√¥i theo 1 c√°ch kh√°c ƒë∆∞·ª£c kh√¥ng?,,,2020-03-28 03:03:09,
3a2068770510400387d05e66c36d89b3,2211828878844341,user,,,send_link,"['https://scontent.xx.fbcdn.net/v/t1.15752-9/91237420_573063973314379_5752083759176351744_n.jpg?_nc_cat=111&_nc_sid=b96e70&_nc_ohc=awAgMEF9UTYAX-Q_cFX&_nc_ad=z-m&_nc_cid=0&_nc_zor=9&_nc_ht=scontent.xx&oh=fbfffeefdee0fcd2f0dd6ed4ea38d8e6&oe=5EA3382F'],",2020-03-28 03:03:25,"https://scontent.xx.fbcdn.net/v/t1.15752-9/91237420_573063973314379_5752083759176351744_n.jpg?_nc_cat=111&_nc_sid=b96e70&_nc_ohc=awAgMEF9UTYAX-Q_cFX&_nc_ad=z-m&_nc_cid=0&_nc_zor=9&_nc_ht=scontent.xx&oh=fbfffeefdee0fcd2f0dd6ed4ea38d8e6&oe=5EA3382F, "
0d8b886196db448aa92c194685e4f5e4,2553291941442582,user,/greet,,greet,,2020-03-28 02:44:37,
,2553291941442582,bot,,"Ch√†o Luy·ªán M·ªπ Hi·ªÅn, m√¨nh l√† tr·ª£ l√Ω ·∫£o c·ªßa Shop G·∫•u & B√≠ Ng√¥",,,2020-03-28 02:44:38,
,2553291941442582,bot,,"ƒê·ªÉ h·ªó tr·ª£ b·∫°n nhanh nh·∫•t c√≥ th·ªÉ, vui l√≤ng m√¥ t·∫£ ng·∫Øn g·ªçn v√† r√µ r√†ng s·∫£n ph·∫©m mu·ªën t√¨m ki·∫øm (v√≠ d·ª•: m√¨nh mu·ªën mua xe t·∫≠p ƒëi...) ho·∫∑c tham kh·∫£o danh m·ª•c s·∫£n ph·∫©m c·ªßa shop nh√©!",,,2020-03-28 02:44:38,
,2553291941442582,bot,,,,,2020-03-28 02:44:38,
771ea24c2907457083a78f6b48880441,2553291941442582,user,Alo shop,,greet,,2020-03-28 02:44:49,
,2553291941442582,bot,,"Ch√†o Luy·ªán M·ªπ Hi·ªÅn, m√¨nh l√† tr·ª£ l√Ω ·∫£o c·ªßa Shop G·∫•u & B√≠ Ng√¥",,,2020-03-28 02:44:49,
,2553291941442582,bot,,"ƒê·ªÉ h·ªó tr·ª£ b·∫°n nhanh nh·∫•t c√≥ th·ªÉ, vui l√≤ng m√¥ t·∫£ ng·∫Øn g·ªçn v√† r√µ r√†ng s·∫£n ph·∫©m mu·ªën t√¨m ki·∫øm (v√≠ d·ª•: m√¨nh mu·ªën mua xe t·∫≠p ƒëi...) ho·∫∑c tham kh·∫£o danh m·ª•c s·∫£n ph·∫©m c·ªßa shop nh√©!",,,2020-03-28 02:44:49,
,2553291941442582,bot,,,,,2020-03-28 02:44:49,
54bd340ed64e4d9c933fe6295015eb4a,2553291941442582,user,,,send_link,"['https://scontent.xx.fbcdn.net/v/t1.15752-9/91179254_522333818714923_2603681931581194240_n.jpg?_nc_cat=106&_nc_sid=b96e70&_nc_ohc=vIHq163ac_kAX-MHxt8&_nc_ad=z-m&_nc_cid=0&_nc_zor=9&_nc_ht=scontent.xx&oh=19368d98471da439001ddf5dc8cab52d&oe=5EA2F89D'],",2020-03-28 02:44:54,"https://scontent.xx.fbcdn.net/v/t1.15752-9/91179254_522333818714923_2603681931581194240_n.jpg?_nc_cat=106&_nc_sid=b96e70&_nc_ohc=vIHq163ac_kAX-MHxt8&_nc_ad=z-m&_nc_cid=0&_nc_zor=9&_nc_ht=scontent.xx&oh=19368d98471da439001ddf5dc8cab52d&oe=5EA2F89D, "
ba37022f522f43fca080ca57a0030421,2553291941442582,user,M√¨nh mu√≥n mua xe n√†y,,handover_to_inbox,"n√†y,",2020-03-28 02:45:11,
,2553291941442582,bot,,B·∫°n c√≥ th·ªÉ n√≥i v·ªõi t√¥i theo 1 c√°ch kh√°c ƒë∆∞·ª£c kh√¥ng?,,,2020-03-28 02:45:11,
8dea411f6ca04db1892b812030b22242,2553291941442582,user,"Shop ship lu√¥n h√†ng k nh·ªâ
M√¨nh B·∫Øc T·ª´ Li√™m, HN",,handover_to_inbox,,2020-03-28 02:45:40,
,2553291941442582,bot,,B·∫°n c√≥ th·ªÉ n√≥i v·ªõi t√¥i theo 1 c√°ch kh√°c ƒë∆∞·ª£c kh√¥ng?,,,2020-03-28 02:45:40,
c0cfff8eab874719b1971cad3776ce62,2553291941442582,user,Xe tr√≤n t·∫≠p ƒëi,,query_knowledge_base,"xe_tap_di,",2020-03-28 02:46:26,
,2553291941442582,bot,,,,,2020-03-28 02:46:27,
c435d46f5b364c3b9a779c1cff8d3b3d,2553291941442582,user,"/query_knowledge_base{""price"": ""500k - 1M""}",,query_knowledge_base,"500k - 1M,",2020-03-28 02:47:08,
,2553291941442582,bot,,,,,2020-03-28 02:47:09,
6a173c408eec455fa0ed440391ee5c72,2553291941442582,user,"/query_knowledge_base{""brand"": ""Tommorrow Sky""}",,query_knowledge_base,"Tommorrow Sky,",2020-03-28 02:47:17,
,2553291941442582,bot,,"S·∫£n ph·∫©m  Xe T·∫≠p ƒêi h√£ng s·∫£n xu·∫•t Tommorrow Sky, gi√° 500k - 1m hi·ªán shop ƒëang c√≥ gi√°: *850,000 VND*.
B·∫°n tham kh·∫£o c√°c s·∫£n ph·∫©m sau nh√© ·∫°:",,,2020-03-28 02:47:17,
,2553291941442582,bot,,,,,2020-03-28 02:47:17,
d16774366b134c4bb073387a0e02b80d,2553291941442582,user,ƒê√∫ng m·∫´u n√†y r,,agree,"m·∫´u n√†y,",2020-03-28 02:47:59,
,2553291941442582,bot,,Thank you!,,,2020-03-28 02:47:59,
,2553291941442582,bot,,"S·∫£n ph·∫©m  Xe T·∫≠p ƒêi h√£ng s·∫£n xu·∫•t Tommorrow Sky, gi√° 500k - 1m hi·ªán shop ƒëang c√≥ gi√°: *850,000 VND*.
B·∫°n tham kh·∫£o c√°c s·∫£n ph·∫©m sau nh√© ·∫°:",,,2020-03-28 02:47:59,
,2553291941442582,bot,,,,,2020-03-28 02:47:59,
57a6e99a875f4ff6a34698b601acaa5e,2553291941442582,user,Cho m√¨nh ƒë·∫∑t m·∫´u b√†y,,query_knowledge_base,,2020-03-28 02:48:10,
,2553291941442582,bot,,"S·∫£n ph·∫©m  Xe T·∫≠p ƒêi h√£ng s·∫£n xu·∫•t Tommorrow Sky, gi√° 500k - 1m hi·ªán shop ƒëang c√≥ gi√°: *850,000 VND*.
B·∫°n tham kh·∫£o c√°c s·∫£n ph·∫©m sau nh√© ·∫°:",,,2020-03-28 02:48:10,
,2553291941442582,bot,,,,,2020-03-28 02:48:10,
b5a3eb14b62d4a68ae7e9cfa1f93c125,3082579845196795,user,/greet,,greet,,2020-03-27 17:01:34,
,3082579845196795,bot,,"Ch√†o Ha Hang, m√¨nh l√† tr·ª£ l√Ω ·∫£o c·ªßa Shop G·∫•u & B√≠ Ng√¥",,,2020-03-27 17:01:35,
,3082579845196795,bot,,"ƒê·ªÉ h·ªó tr·ª£ b·∫°n nhanh nh·∫•t c√≥ th·ªÉ, vui l√≤ng m√¥ t·∫£ ng·∫Øn g·ªçn v√† r√µ r√†ng s·∫£n ph·∫©m mu·ªën t√¨m ki·∫øm (v√≠ d·ª•: m√¨nh mu·ªën mua xe t·∫≠p ƒëi...) ho·∫∑c tham kh·∫£o danh m·ª•c s·∫£n ph·∫©m c·ªßa shop nh√©!",,,2020-03-27 17:01:35,
,3082579845196795,bot,,,,,2020-03-27 17:01:35,
910529fe8a7744f3b9bb3a5224ff134e,3082579845196795,user,,,send_link,"['https://scontent.xx.fbcdn.net/v/t1.15752-9/91140590_169156024104970_9149727164638167040_n.jpg?_nc_cat=111&_nc_sid=b96e70&_nc_oc=AQksL3EPbJwb5vF7MiFB6VdXzCEmtSqg7QZRnHQamP5qwRCPthge2V2zCm6k7jX6oSw0tzFhj2tL2-yD0lgdlWzF&_nc_ad=z-m&_nc_cid=0&_nc_zor=9&_nc_ht=scontent.xx&oh=a3ace1f889939914cd91509c52946144&oe=5EA53CD3'],",2020-03-27 17:02:43,"https://scontent.xx.fbcdn.net/v/t1.15752-9/91140590_169156024104970_9149727164638167040_n.jpg?_nc_cat=111&_nc_sid=b96e70&_nc_oc=AQksL3EPbJwb5vF7MiFB6VdXzCEmtSqg7QZRnHQamP5qwRCPthge2V2zCm6k7jX6oSw0tzFhj2tL2-yD0lgdlWzF&_nc_ad=z-m&_nc_cid=0&_nc_zor=9&_nc_ht=scontent.xx&oh=a3ace1f889939914cd91509c52946144&oe=5EA53CD3, "
fddc7e2e1a0845508e3c35c432837b31,3082579845196795,user,M·∫´u n√†y shop c√≤n ko?,,query_knowledge_base,"M·∫´u n√†y,",2020-03-27 17:03:02,
,3082579845196795,bot,,B·∫°n c√≥ th·ªÉ n√≥i v·ªõi t√¥i theo 1 c√°ch kh√°c ƒë∆∞·ª£c kh√¥ng?,,,2020-03-27 17:03:02,
ce1d210772b44e56b2b8a7227693f434,3082579845196795,user,M√¨nh mu·ªën mua ƒë·ªì ch∆°i cho b√©,,handover_to_inbox,,2020-03-27 17:04:49,
,3082579845196795,bot,,B·∫°n c√≥ th·ªÉ n√≥i v·ªõi t√¥i theo 1 c√°ch kh√°c ƒë∆∞·ª£c kh√¥ng?,,,2020-03-27 17:04:49,
21961d7118c74de18603b55958625cdd,3082579845196795,user,ƒê·ªì ch∆°i,,greet,,2020-03-27 17:05:12,
,3082579845196795,bot,,"Ch√†o Ha Hang, m√¨nh l√† tr·ª£ l√Ω ·∫£o c·ªßa Shop G·∫•u & B√≠ Ng√¥",,,2020-03-27 17:05:12,
,3082579845196795,bot,,"ƒê·ªÉ h·ªó tr·ª£ b·∫°n nhanh nh·∫•t c√≥ th·ªÉ, vui l√≤ng m√¥ t·∫£ ng·∫Øn g·ªçn v√† r√µ r√†ng s·∫£n ph·∫©m mu·ªën t√¨m ki·∫øm (v√≠ d·ª•: m√¨nh mu·ªën mua xe t·∫≠p ƒëi...) ho·∫∑c tham kh·∫£o danh m·ª•c s·∫£n ph·∫©m c·ªßa shop nh√©!",,,2020-03-27 17:05:12,
,3082579845196795,bot,,,,,2020-03-27 17:05:12,
740a917ee36544e7bde4c1dff3979e5a,3082579845196795,user,M√¨nh mu·ªën mua xe ƒë·∫©y,,handover_to_inbox,"xe_day,",2020-03-27 17:06:27,
,3082579845196795,bot,,B·∫°n c√≥ th·ªÉ n√≥i v·ªõi t√¥i theo 1 c√°ch kh√°c ƒë∆∞·ª£c kh√¥ng?,,,2020-03-27 17:06:27,
badf70bd161a43feb8eccc7d96666eb6,3082579845196795,user,Xe ƒë·∫©y cho b√©,,query_knowledge_base,"xe_day,",2020-03-27 17:08:05,
,3082579845196795,bot,,,,,2020-03-27 17:08:06,
2f7f0459329348dcb8ecbba418aa2c0f,3082579845196795,user,"/query_knowledge_base{""price"": ""500k - 1M""}",,query_knowledge_base,"500k - 1M,",2020-03-27 17:08:50,
,3082579845196795,bot,,"S·∫£n ph·∫©m  Xe ƒê·∫©y gi√° 500k - 1m hi·ªán shop ƒëang c√≥ gi√°: *985,000 VND, 950,000 VND*.
B·∫°n tham kh·∫£o c√°c s·∫£n ph·∫©m sau nh√© ·∫°:",,,2020-03-27 17:08:51,
,3082579845196795,bot,,,,,2020-03-27 17:08:51,
09f069f65bf6481da0b5f36381d6cff0,3082579845196795,user,Hi shop,,greet,,2020-03-28 01:59:09,
,3082579845196795,bot,,"Ch√†o Ha Hang, m√¨nh l√† tr·ª£ l√Ω ·∫£o c·ªßa Shop G·∫•u & B√≠ Ng√¥",,,2020-03-28 01:59:10,
,3082579845196795,bot,,"ƒê·ªÉ h·ªó tr·ª£ b·∫°n nhanh nh·∫•t c√≥ th·ªÉ, vui l√≤ng m√¥ t·∫£ ng·∫Øn g·ªçn v√† r√µ r√†ng s·∫£n ph·∫©m mu·ªën t√¨m ki·∫øm (v√≠ d·ª•: m√¨nh mu·ªën mua xe t·∫≠p ƒëi...) ho·∫∑c tham kh·∫£o danh m·ª•c s·∫£n ph·∫©m c·ªßa shop nh√©!",,,2020-03-28 01:59:10,
,3082579845196795,bot,,,,,2020-03-28 01:59:10,
e17ee02919a1488ea48530656ca298a9,3082579845196795,user,"/find_product_by_category{""category_id"":165}",,find_product_by_category,"165,",2020-03-28 01:59:34,
,3082579845196795,bot,,D·∫° m·ªùi b·∫°n tham kh·∫£o c√°c lo·∫°i s·∫£n ph·∫©m{reference}hi·ªán c√≥ t·∫°i shop nh√©!,,,2020-03-28 01:59:34,
66e393cd31144f00abcd3d1a45c5986a,3082579845196795,user,Shop c√≥ xe ƒë·∫©y ko,,query_knowledge_base,"xe_day,",2020-03-28 02:00:27,
,3082579845196795,bot,,,,,2020-03-28 02:00:28,
0d839c13ef8048c09dcc16e3a2a4c2ba,3082579845196795,user,Shop c√≥ xe ƒë·∫©y ko,,query_knowledge_base,"xe_day,",2020-03-28 02:04:55,
,3082579845196795,bot,,,,,2020-03-28 02:04:56,
fe6675492c0f47e58b7d9516968d479e,3082579845196795,user,"/query_knowledge_base{""price"": ""1M - 2M""}",,query_knowledge_base,"1M - 2M,",2020-03-28 02:06:24,
,3082579845196795,bot,,,,,2020-03-28 02:06:25,
299fe3357a634bcd8efd2d602dea1135,3082579845196795,user,"/confirm_attribute_value{""brand"": ""NULL""}",,confirm_attribute_value,"NULL,",2020-03-28 02:06:33,
,3082579845196795,bot,,,,,2020-03-28 02:06:33,
9ab1a01d805d405c92a32d6ef03eab3b,3082579845196795,user,"/query_knowledge_base{""color"": ""H·ªìng""}",,query_knowledge_base,"H·ªìng,",2020-03-28 02:06:41,
,3082579845196795,bot,,,,,2020-03-28 02:06:41,
278efb3dacbd4b31846e8ad57068832a,3082579845196795,user,"/confirm_attribute_value{""weight"": ""NULL""}",,confirm_attribute_value,"NULL,",2020-03-28 02:06:48,
,3082579845196795,bot,,,,,2020-03-28 02:06:48,
983d5d4d17a44ae79844ca8f65078f71,3082579845196795,user,"/query_knowledge_base{""age_of_use"": ""0 - 36 Th√°ng""}",,query_knowledge_base,"0 - 36 Th√°ng,",2020-03-28 02:06:56,
,3082579845196795,bot,,,,,2020-03-28 02:06:56,
a81fe2660ed2466b940b282c09953d1f,3082579845196795,user,"/confirm_attribute_value{""guarantee"": ""NULL""}",,confirm_attribute_value,"NULL,",2020-03-28 02:07:25,
,3082579845196795,bot,,"D·∫° m·ªùi b·∫°n tham kh·∫£o c√°c lo·∫°i s·∫£n ph·∫©m Xe ƒê·∫©y  H·ªìng, gi√° 1m - 2m, ƒë·ªô tu·ªïi s·ª≠ d·ª•ng 0 - 36 Th√°ng hi·ªán c√≥ t·∫°i shop nh√©!",,,2020-03-28 02:07:25,
,3082579845196795,bot,,,,,2020-03-28 02:07:25,
fe6d9e50715f45e48913c2e5785fdb3f,3082579845196795,user,Th·∫ø xe n√†o 2 chi·ªÅu,,query_knowledge_base,,2020-03-28 02:08:19,
,3082579845196795,bot,,"D·∫° m·ªùi b·∫°n tham kh·∫£o c√°c lo·∫°i s·∫£n ph·∫©m Xe ƒê·∫©y  H·ªìng, gi√° 1m - 2m, ƒë·ªô tu·ªïi s·ª≠ d·ª•ng 0 - 36 Th√°ng hi·ªán c√≥ t·∫°i shop nh√©!",,,2020-03-28 02:08:19,
,3082579845196795,bot,,,,,2020-03-28 02:08:19,
3c758a1d8dfe4bb0b5a78e3f63ff0c54,2685392438152672,user,/greet,,greet,,2020-03-27 15:02:03,
,2685392438152672,bot,,"Ch√†o Lam L·∫•p L·ª≠ng, m√¨nh l√† tr·ª£ l√Ω ·∫£o c·ªßa Shop G·∫•u & B√≠ Ng√¥",,,2020-03-27 15:02:04,
,2685392438152672,bot,,"ƒê·ªÉ h·ªó tr·ª£ b·∫°n nhanh nh·∫•t c√≥ th·ªÉ, vui l√≤ng m√¥ t·∫£ ng·∫Øn g·ªçn v√† r√µ r√†ng s·∫£n ph·∫©m mu·ªën t√¨m ki·∫øm (v√≠ d·ª•: m√¨nh mu·ªën mua xe t·∫≠p ƒëi...) ho·∫∑c tham kh·∫£o danh m·ª•c s·∫£n ph·∫©m c·ªßa shop nh√©!",,,2020-03-27 15:02:04,
,2685392438152672,bot,,,,,2020-03-27 15:02:04,
1d286bd0d3644d93a78a5c4f46896bf1,2685392438152672,user,,,send_link,"['https://scontent.xx.fbcdn.net/v/t1.15752-9/91276500_3332850896743682_3518647967223382016_n.jpg?_nc_cat=100&_nc_sid=b96e70&_nc_ohc=nsA07gDazpcAX82MA2A&_nc_ad=z-m&_nc_cid=0&_nc_zor=9&_nc_ht=scontent.xx&oh=1ed797577e15b6d086fb91ceb49c5941&oe=5EA5843B'],https://scontent.xx.fbcdn.net/v/t1.15752-9/91276500_3332850896743682_3518647967223382016_n.jpg?_nc_cat=100&_nc_sid=b96e70&_nc_ohc=nsA07gDazpcAX82MA2A&_nc_ad=z-m&_nc_cid=0&_nc_zor=9&_nc_ht=scontent.xx&oh=1ed797577e15b6d086fb91ceb49c5941&oe=5EA5843B,",2020-03-27 15:02:48,"https://scontent.xx.fbcdn.net/v/t1.15752-9/91276500_3332850896743682_3518647967223382016_n.jpg?_nc_cat=100&_nc_sid=b96e70&_nc_ohc=nsA07gDazpcAX82MA2A&_nc_ad=z-m&_nc_cid=0&_nc_zor=9&_nc_ht=scontent.xx&oh=1ed797577e15b6d086fb91ceb49c5941&oe=5EA5843B, "
2c6494cf3969408da8d23feffb59d936,2685392438152672,user,B√°o gi√° cho m√¨nh c√°i shop,,query_knowledge_base,"price,",2020-03-27 15:03:18,
,2685392438152672,bot,,B·∫°n c√≥ th·ªÉ n√≥i v·ªõi t√¥i theo 1 c√°ch kh√°c ƒë∆∞·ª£c kh√¥ng?,,,2020-03-27 15:03:18,
8e5303b96bed47da8be7f97a530f0218,2685392438152672,user,/buy_product,,buy_product,,2020-03-27 15:04:39,
0bd83597840049e198ef09ef7e8bf9d7,3174930915858792,user,/greet,,greet,,2020-03-27 14:41:35,
,3174930915858792,bot,,"Ch√†o Do√£n ƒê·∫°t Ph∆∞·ªõc, m√¨nh l√† tr·ª£ l√Ω ·∫£o c·ªßa Shop G·∫•u & B√≠ Ng√¥",,,2020-03-27 14:41:35,
,3174930915858792,bot,,"ƒê·ªÉ h·ªó tr·ª£ b·∫°n nhanh nh·∫•t c√≥ th·ªÉ, vui l√≤ng m√¥ t·∫£ ng·∫Øn g·ªçn v√† r√µ r√†ng s·∫£n ph·∫©m mu·ªën t√¨m ki·∫øm (v√≠ d·ª•: m√¨nh mu·ªën mua xe t·∫≠p ƒëi...) ho·∫∑c tham kh·∫£o danh m·ª•c s·∫£n ph·∫©m c·ªßa shop nh√©!",,,2020-03-27 14:41:35,
,3174930915858792,bot,,,,,2020-03-27 14:41:35,
6341c5578d36469f8430f0529acf5fc6,3174930915858792,user,t√¨m s·∫£n ph·∫©m,,handover_to_inbox,,2020-03-27 14:41:59,
,3174930915858792,bot,,B·∫°n c√≥ th·ªÉ n√≥i v·ªõi t√¥i theo 1 c√°ch kh√°c ƒë∆∞·ª£c kh√¥ng?,,,2020-03-27 14:41:59,
f909218a859c4c6fa794108221ef020e,3174930915858792,user,t√¨m s·∫£n ph·∫©m n√†y ,,query_knowledge_base,"['https://scontent.xx.fbcdn.net/v/t1.15752-9/91059133_505315420351147_5383402293313929216_n.jpg?_nc_cat=106&_nc_sid=b96e70&_nc_ohc=lMR_tsyIYsgAX_qIiyg&_nc_ad=z-m&_nc_cid=0&_nc_zor=9&_nc_ht=scontent.xx&oh=c71e5d9937b4b2a2f858fb56c433748f&oe=5EA4AB84'],",2020-03-27 14:43:13,"https://scontent.xx.fbcdn.net/v/t1.15752-9/91059133_505315420351147_5383402293313929216_n.jpg?_nc_cat=106&_nc_sid=b96e70&_nc_ohc=lMR_tsyIYsgAX_qIiyg&_nc_ad=z-m&_nc_cid=0&_nc_zor=9&_nc_ht=scontent.xx&oh=c71e5d9937b4b2a2f858fb56c433748f&oe=5EA4AB84, "
,3174930915858792,bot,,,,,2020-03-27 14:43:16,
8bea6c595be64fd4b3f39e88c8f30403,3174930915858792,user,"/agree{""object_type"": ""xe_day""}",,agree,"xe_day,",2020-03-27 14:43:22,
,3174930915858792,bot,,,,,2020-03-27 14:43:22,
8c8d8ae2afb243178ee9311d0534c3ff,3174930915858792,user,"/query_knowledge_base{""brand"": ""Aprica""}",,query_knowledge_base,"Aprica,",2020-03-27 14:43:28,
,3174930915858792,bot,,,,,2020-03-27 14:43:28,
d07b71b598f84da483a916842cbb3ac0,3174930915858792,user,"/query_knowledge_base{""color"": ""Xanh""}",,query_knowledge_base,"Xanh,",2020-03-27 14:43:39,
,3174930915858792,bot,,"S·∫£n ph·∫©m  Xe ƒê·∫©y h√£ng s·∫£n xu·∫•t Aprica,  Xanh hi·ªán shop ƒëang c√≥ m·ª©c khuy·∫øn m√£i: *13%*.
B·∫°n tham kh·∫£o c√°c s·∫£n ph·∫©m sau nh√© ·∫°:",,,2020-03-27 14:43:39,
,3174930915858792,bot,,,,,2020-03-27 14:43:39,
8afb2f99280d462ca679a99cca0faaa1,2421095371335839,user,/greet,,greet,,2020-03-27 11:17:43,
,2421095371335839,bot,,"Ch√†o Nguy·ªÖn Ng·ªçc Anh, m√¨nh l√† tr·ª£ l√Ω ·∫£o c·ªßa Shop G·∫•u & B√≠ Ng√¥",,,2020-03-27 11:17:43,
,2421095371335839,bot,,"ƒê·ªÉ h·ªó tr·ª£ b·∫°n nhanh nh·∫•t c√≥ th·ªÉ, vui l√≤ng m√¥ t·∫£ ng·∫Øn g·ªçn v√† r√µ r√†ng s·∫£n ph·∫©m mu·ªën t√¨m ki·∫øm (v√≠ d·ª•: m√¨nh mu·ªën mua xe t·∫≠p ƒëi...) ho·∫∑c tham kh·∫£o danh m·ª•c s·∫£n ph·∫©m c·ªßa shop nh√©!",,,2020-03-27 11:17:43,
,2421095371335839,bot,,,,,2020-03-27 11:17:43,
9ef2061fbefe4ba5b94a983d8fa77e89,2421095371335839,user,c√°i n√†y c√≥ m√†u g√¨ ·∫° ,,query_knowledge_base,"['https://scontent.xx.fbcdn.net/v/t1.15752-9/91161755_881759178915172_7330328917259059200_n.png?_nc_cat=103&_nc_sid=b96e70&_nc_ohc=cchXDVdGKuoAX9mL9Fy&_nc_ad=z-m&_nc_cid=0&_nc_zor=9&_nc_ht=scontent.xx&oh=8ea0af633d19f49ee0b4d9fcaf3b022e&oe=5EA43F3C'],c√°i n√†y,color,",2020-03-27 11:18:10,"https://scontent.xx.fbcdn.net/v/t1.15752-9/91161755_881759178915172_7330328917259059200_n.png?_nc_cat=103&_nc_sid=b96e70&_nc_ohc=cchXDVdGKuoAX9mL9Fy&_nc_ad=z-m&_nc_cid=0&_nc_zor=9&_nc_ht=scontent.xx&oh=8ea0af633d19f49ee0b4d9fcaf3b022e&oe=5EA43F3C, "
,2421095371335839,bot,,,,,2020-03-27 11:18:11,
0c62fb483cde4d4cbb5913af475e44bd,2421095371335839,user,"/agree{""object_type"": ""ghe_o_to""}",,agree,"ghe_o_to,",2020-03-27 11:18:24,
,2421095371335839,bot,,,,,2020-03-27 11:18:24,
90c25075ce874c418d077c220ad70cae,2421095371335839,user,"/query_knowledge_base{""color"": ""Ember""}",,query_knowledge_base,"Ember,",2020-03-27 11:18:31,
,2421095371335839,bot,,"S·∫£n ph·∫©m  Gh·∫ø √î T√¥  Ember hi·ªán shop ƒëang c√≥ m√†u: *Ember*.
B·∫°n tham kh·∫£o c√°c s·∫£n ph·∫©m sau nh√© ·∫°:",,,2020-03-27 11:18:31,
,2421095371335839,bot,,,,,2020-03-27 11:18:31,
d7a602e864eb43e287cb7f8d77cc5ac8,2421095371335839,user,"https://shopee.vn/product/36371562/1056037842
c√°i n√†y c√≤n ko",,send_link,"['https://shopee.vn/product/36371562/1056037842'],c√°i n√†y,",2020-03-27 11:19:25,
bae5ad0104514586a2a781b2d4aa3065,2421095371335839,user,,,send_link,"['https://scontent.xx.fbcdn.net/v/t1.15752-9/91161755_881759178915172_7330328917259059200_n.png?_nc_cat=103&_nc_sid=b96e70&_nc_ohc=cchXDVdGKuoAX9mL9Fy&_nc_ad=z-m&_nc_cid=0&_nc_zor=9&_nc_ht=scontent.xx&oh=8ea0af633d19f49ee0b4d9fcaf3b022e&oe=5EA43F3C'],",2020-03-27 11:20:11,"https://scontent.xx.fbcdn.net/v/t1.15752-9/91161755_881759178915172_7330328917259059200_n.png?_nc_cat=103&_nc_sid=b96e70&_nc_ohc=cchXDVdGKuoAX9mL9Fy&_nc_ad=z-m&_nc_cid=0&_nc_zor=9&_nc_ht=scontent.xx&oh=8ea0af633d19f49ee0b4d9fcaf3b022e&oe=5EA43F3C, "
12de536932264ba3b473282d723eb81f,3671378446270172,user,/greet,,greet,,2020-03-27 11:15:07,
,3671378446270172,bot,,"Ch√†o Tr·∫ßn B√° Nh·∫≠n, m√¨nh l√† tr·ª£ l√Ω ·∫£o c·ªßa Shop G·∫•u & B√≠ Ng√¥",,,2020-03-27 11:15:07,
,3671378446270172,bot,,"ƒê·ªÉ h·ªó tr·ª£ b·∫°n nhanh nh·∫•t c√≥ th·ªÉ, vui l√≤ng m√¥ t·∫£ ng·∫Øn g·ªçn v√† r√µ r√†ng s·∫£n ph·∫©m mu·ªën t√¨m ki·∫øm (v√≠ d·ª•: m√¨nh mu·ªën mua xe t·∫≠p ƒëi...) ho·∫∑c tham kh·∫£o danh m·ª•c s·∫£n ph·∫©m c·ªßa shop nh√©!",,,2020-03-27 11:15:07,
,3671378446270172,bot,,,,,2020-03-27 11:15:07,
559f98314f254990ac6e12b7ed7bd5d8,3671378446270172,user,m√¨nh c·∫ßn t√¨m gh·∫ø ƒÉn d·∫∑m,,query_knowledge_base,"ghe_an,",2020-03-27 11:15:29,
,3671378446270172,bot,,,,,2020-03-27 11:15:30,
b4aea752d7f74712a9f8543101464232,3671378446270172,user,"/query_knowledge_base{""price"": ""1M - 2M""}",,query_knowledge_base,"1M - 2M,",2020-03-27 11:15:36,
,3671378446270172,bot,,"S·∫£n ph·∫©m  Gh·∫ø ƒÇn gi√° 1m - 2m hi·ªán shop ƒëang c√≥ gi√°: *2,000,000 VND, 1,300,000 VND*.
B·∫°n tham kh·∫£o c√°c s·∫£n ph·∫©m sau nh√© ·∫°:",,,2020-03-27 11:15:37,
,3671378446270172,bot,,,,,2020-03-27 11:15:37,
dc9e250de4ec43cfa09b3632c66989aa,3671378446270172,user,gh·∫ø mastela s·∫£n xu·∫•t ·ªü ƒë√¢u v·∫≠y shop?,,query_knowledge_base,"mastela,origin,",2020-03-27 11:16:31,
,3671378446270172,bot,,"S·∫£n ph·∫©m  Gh·∫ø ƒÇn h√£ng s·∫£n xu·∫•t Mastela, gi√° 1m - 2m hi·ªán shop ƒëang c√≥ n∆°i s·∫£n xu·∫•t: *Trung Qu·ªëc*.
B·∫°n tham kh·∫£o c√°c s·∫£n ph·∫©m sau nh√© ·∫°:",,,2020-03-27 11:16:31,
,3671378446270172,bot,,,,,2020-03-27 11:16:31,
e31f1f8c7c51406e97e1f7498df64ab9,3671378446270172,user,b√© bao nhi√™u th√°ng th√¨ d√πng ƒëc gh·∫ø n√†y?,,query_knowledge_base,"age_of_use,",2020-03-27 11:17:03,
,3671378446270172,bot,,"S·∫£n ph·∫©m  Gh·∫ø ƒÇn h√£ng s·∫£n xu·∫•t Mastela, gi√° 1m - 2m hi·ªán shop ƒëang c√≥ ƒë·ªô tu·ªïi s·ª≠ d·ª•ng: *6 th√°ng - 5 tu·ªïi*.
B·∫°n tham kh·∫£o c√°c s·∫£n ph·∫©m sau nh√© ·∫°:",,,2020-03-27 11:17:03,
,3671378446270172,bot,,,,,2020-03-27 11:17:03,
fde5bfd738e54b2b808de7e7e8f43dda,3671378446270172,user,ok shop,,thank,,2020-03-27 11:17:33,
,3671378446270172,bot,,C·∫£m ∆°n b·∫°n!,,,2020-03-27 11:17:33,
5f7dae9993844bf4934b6c0cb182d4a6,3671378446270172,user,shop c√≥ xe ƒë·∫©y k?,,query_knowledge_base,"xe_day,",2020-03-27 11:17:55,
,3671378446270172,bot,,,,,2020-03-27 11:17:55,
1a2f59dad9cf499f8b0a614ae4ca7da8,3671378446270172,user,"/query_knowledge_base{""age_of_use"": ""0 - 36 Th√°ng""}",,query_knowledge_base,"0 - 36 Th√°ng,",2020-03-27 11:18:04,
,3671378446270172,bot,,,,,2020-03-27 11:18:04,
cafc2ed5a9254c709e0fa00710258750,3671378446270172,user,"/query_knowledge_base{""price"": ""2M - 5M""}",,query_knowledge_base,"2M - 5M,",2020-03-27 11:18:11,
,3671378446270172,bot,,,,,2020-03-27 11:18:11,
338c19d16a6943699a6d50b2bc06c5e4,3671378446270172,user,"/confirm_attribute_value{""brand"": ""NULL""}",,confirm_attribute_value,"NULL,",2020-03-27 11:18:18,
,3671378446270172,bot,,,,,2020-03-27 11:18:18,
39bdf219947e479783d91dda076157d9,3671378446270172,user,"/confirm_attribute_value{""material"": ""NULL""}",,confirm_attribute_value,"NULL,",2020-03-27 11:18:23,
,3671378446270172,bot,,,,,2020-03-27 11:18:23,
3bd650eb7bb342548166902fb11a5fbd,3671378446270172,user,"/query_knowledge_base{""color"": ""Ghi""}",,query_knowledge_base,"Ghi,",2020-03-27 11:18:38,
,3671378446270172,bot,,"S·∫£n ph·∫©m  Xe ƒê·∫©y  Ghi, gi√° 2m - 5m, ƒë·ªô tu·ªïi s·ª≠ d·ª•ng 0 - 36 Th√°ng hi·ªán shop ƒëang c√≥ gi√°: *2,500,000 VND, 3,000,000 VND*.
B·∫°n tham kh·∫£o c√°c s·∫£n ph·∫©m sau nh√© ·∫°:",,,2020-03-27 11:18:38,
,3671378446270172,bot,,,,,2020-03-27 11:18:38,
7aba7609b55f484f917aba550947e926,3671378446270172,user,shop c√≥ gh·∫ø ƒëa nƒÉng cho b√© 10 th√°ng k?,,query_knowledge_base,"ghe_da_nang,b√© 10 th√°ng,",2020-03-27 11:19:13,
,3671378446270172,bot,,,,,2020-03-27 11:19:13,
dcd91396e03546628f7db2a945109f78,3671378446270172,user,"/query_knowledge_base{""price"": ""1M - 2M""}",,query_knowledge_base,"1M - 2M,",2020-03-27 11:19:23,
,3671378446270172,bot,,,,,2020-03-27 11:19:24,
2c4f3bf99ec7413db9c541686c9ea3f8,3671378446270172,user,"/query_knowledge_base{""brand"": ""More Kiss""}",,query_knowledge_base,"More Kiss,",2020-03-27 11:19:53,
,3671378446270172,bot,,"S·∫£n ph·∫©m  Gh·∫ø ƒêa NƒÉng h√£ng s·∫£n xu·∫•t More Kiss, gi√° 1m - 2m, ƒë·ªô tu·ªïi s·ª≠ d·ª•ng B√© 10 Th√°ng hi·ªán shop ƒëang c√≥ gi√°: *1,990,000 VND*.
B·∫°n tham kh·∫£o c√°c s·∫£n ph·∫©m sau nh√© ·∫°:",,,2020-03-27 11:19:54,
,3671378446270172,bot,,,,,2020-03-27 11:19:54,
2e15ae518ccd4161afe30f2344bb8588,2926476390765313,user,/greet,,greet,,2020-03-27 11:15:30,
,2926476390765313,bot,,"Ch√†o Nguy·ªÖn Nhung, m√¨nh l√† tr·ª£ l√Ω ·∫£o c·ªßa Shop G·∫•u & B√≠ Ng√¥",,,2020-03-27 11:15:31,
,2926476390765313,bot,,"ƒê·ªÉ h·ªó tr·ª£ b·∫°n nhanh nh·∫•t c√≥ th·ªÉ, vui l√≤ng m√¥ t·∫£ ng·∫Øn g·ªçn v√† r√µ r√†ng s·∫£n ph·∫©m mu·ªën t√¨m ki·∫øm (v√≠ d·ª•: m√¨nh mu·ªën mua xe t·∫≠p ƒëi...) ho·∫∑c tham kh·∫£o danh m·ª•c s·∫£n ph·∫©m c·ªßa shop nh√©!",,,2020-03-27 11:15:31,
,2926476390765313,bot,,,,,2020-03-27 11:15:31,
1200ad4615744d45a8a67eef1a933a1e,2926476390765313,user,cho m√¨nh xin gi√° c√°i n√†y v·ªõi ,,query_knowledge_base,"['https://scontent.xx.fbcdn.net/v/t1.15752-9/91082126_501675780499282_7670743575553900544_n.png?_nc_cat=105&_nc_sid=b96e70&_nc_ohc=cv9WjzyAq2EAX-2ijUk&_nc_ad=z-m&_nc_cid=0&_nc_zor=9&_nc_ht=scontent.xx&oh=4a383c676ad9b86a134219b8ec91bdb3&oe=5EA28021'],price,c√°i n√†y,https://scontent.xx.fbcdn.net/v/t1.15752-9/91082126_501675780499282_7670743575553900544_n.png?_nc_cat=105&_nc_sid=b96e70&_nc_ohc=cv9WjzyAq2EAX-2ijUk&_nc_ad=z-m&_nc_cid=0&_nc_zor=9&_nc_ht=scontent.xx&oh=4a383c676ad9b86a134219b8ec91bdb3&oe=5EA28021,",2020-03-27 11:16:20,"https://scontent.xx.fbcdn.net/v/t1.15752-9/91082126_501675780499282_7670743575553900544_n.png?_nc_cat=105&_nc_sid=b96e70&_nc_ohc=cv9WjzyAq2EAX-2ijUk&_nc_ad=z-m&_nc_cid=0&_nc_zor=9&_nc_ht=scontent.xx&oh=4a383c676ad9b86a134219b8ec91bdb3&oe=5EA28021, "
,2926476390765313,bot,,,,,2020-03-27 11:16:21,
d366a215ce4f4bf48a28a2d1b25ae516,2926476390765313,user,"/agree{""object_type"": ""ghe_o_to""}",,agree,"ghe_o_to,",2020-03-27 11:16:37,
,2926476390765313,bot,,,,,2020-03-27 11:16:38,
916944b7639542049d524c2d0a33ecbf,2926476390765313,user,"/query_knowledge_base{""price"": ""2M - 5M""}",,query_knowledge_base,"2M - 5M,",2020-03-27 11:16:42,
,2926476390765313,bot,,,,,2020-03-27 11:16:42,
bc0d98ad9d244ca885879c254a7f1752,2926476390765313,user,"/query_knowledge_base{""color"": ""Cherry""}",,query_knowledge_base,"Cherry,",2020-03-27 11:16:46,
,2926476390765313,bot,,"S·∫£n ph·∫©m  Gh·∫ø √î T√¥  Cherry, gi√° 2m - 5m hi·ªán shop ƒëang c√≥ gi√°: *2,400,000 VND*.
B·∫°n tham kh·∫£o c√°c s·∫£n ph·∫©m sau nh√© ·∫°:",,,2020-03-27 11:16:46,
,2926476390765313,bot,,,,,2020-03-27 11:16:46,
c26f017769014af1a30e03f582f75302,2257343104394458,user,,,query_knowledge_base,,2020-03-09 07:35:30,"https://scontent.xx.fbcdn.net/v/t1.15752-9/54198847_2555485301191049_3493906524646932480_n.jpg?_nc_cat=101&_nc_ohc=y8rbgBWlMJEAQljt6tUIyg_ijKpJBi_a_mfqSd_u3Wl1zW78lIatCS8EA&_nc_ht=scontent.xx&oh=c672dc6594dcbbb8784e4539965106d5&oe=5E85606E, "
,2257343104394458,bot,,"N·∫øu b·∫°n ƒëang t√¨m ki·∫øm s·∫£n ph·∫©m? H√£y n√≥i v·ªõi t√¥i theo 1 c√°ch kh√°c, v√≠ d·ª• T√¨m gh·∫ø ƒÉn d·∫∑m mastela.",,,2020-03-09 07:35:30,
eaaf3f2b7eb146a5a93942818fef97c4,2257343104394458,user,B√™n b c√≥ c√°i gh·∫ø ƒÉn ji hay k,,query_knowledge_base,"ghe_an,",2020-03-09 07:36:21,
,2257343104394458,bot,,D·∫° m·ªùi b·∫°n tham kh·∫£o c√°c lo·∫°i s·∫£n ph·∫©m hi·ªán c√≥ t·∫°i shop nh√©!,,,2020-03-09 07:36:22,
,2257343104394458,bot,,,,,2020-03-09 07:36:22,
355ee9bb4b8046678a95e11535a14d98,3362536077151562,user,/show_shop_address,,show_shop_address,,2020-03-07 10:26:05,
,3362536077151562,bot,,"Shop m·ªü c·ª≠a t·ª´ 8h30 t·ªõi 18h00, ngh·ªâ ch·ªß nh·∫≠t.",,,2020-03-07 10:26:07,
,3362536077151562,bot,,"B·∫°n c√≥ th·ªÉ qua shop mua h√†ng t·∫°i: 
 S·ªë 16 ƒë∆∞·ªùng ƒê√™ Quai √Çu C∆°, ph∆∞·ªùng T·ª© Li√™n, qu·∫≠n T√¢y H·ªì, H√† N·ªôi.",,,2020-03-07 10:26:07,
697488e310c94aa2bca475764f3ded38,3362536077151562,user,/show_shop_address,,show_shop_address,,2020-03-07 10:26:09,
,3362536077151562,bot,,"Shop m·ªü c·ª≠a t·ª´ 8h30 t·ªõi 18h00, ngh·ªâ ch·ªß nh·∫≠t.",,,2020-03-07 10:26:09,
,3362536077151562,bot,,"B·∫°n c√≥ th·ªÉ qua shop mua h√†ng t·∫°i: 
 S·ªë 16 ƒë∆∞·ªùng ƒê√™ Quai √Çu C∆°, ph∆∞·ªùng T·ª© Li√™n, qu·∫≠n T√¢y H·ªì, H√† N·ªôi.",,,2020-03-07 10:26:09,
75c1082c0bf84f4db176bc588738472e,3362536077151562,user,/show_shop_address,,show_shop_address,,2020-03-07 10:26:19,
,3362536077151562,bot,,"Shop m·ªü c·ª≠a t·ª´ 8h30 t·ªõi 18h00, ngh·ªâ ch·ªß nh·∫≠t.",,,2020-03-07 10:26:19,
,3362536077151562,bot,,"B·∫°n c√≥ th·ªÉ qua shop mua h√†ng t·∫°i: 
 S·ªë 16 ƒë∆∞·ªùng ƒê√™ Quai √Çu C∆°, ph∆∞·ªùng T·ª© Li√™n, qu·∫≠n T√¢y H·ªì, H√† N·ªôi.",,,2020-03-07 10:26:19,
56839ee281d34c7b9ff046c0dace8893,3362536077151562,user,/show_shop_address,,show_shop_address,,2020-03-07 10:26:33,
,3362536077151562,bot,,"Shop m·ªü c·ª≠a t·ª´ 8h30 t·ªõi 18h00, ngh·ªâ ch·ªß nh·∫≠t.",,,2020-03-07 10:26:33,
,3362536077151562,bot,,"B·∫°n c√≥ th·ªÉ qua shop mua h√†ng t·∫°i: 
 S·ªë 16 ƒë∆∞·ªùng ƒê√™ Quai √Çu C∆°, ph∆∞·ªùng T·ª© Li√™n, qu·∫≠n T√¢y H·ªì, H√† N·ªôi.",,,2020-03-07 10:26:33,
6b31b5abb33e4d39b34db2f91e322519,3362536077151562,user,/show_shop_address,,show_shop_address,,2020-03-07 10:26:48,
,3362536077151562,bot,,"Shop m·ªü c·ª≠a t·ª´ 8h30 t·ªõi 18h00, ngh·ªâ ch·ªß nh·∫≠t.",,,2020-03-07 10:26:48,
,3362536077151562,bot,,"B·∫°n c√≥ th·ªÉ qua shop mua h√†ng t·∫°i: 
 S·ªë 16 ƒë∆∞·ªùng ƒê√™ Quai √Çu C∆°, ph∆∞·ªùng T·ª© Li√™n, qu·∫≠n T√¢y H·ªì, H√† N·ªôi.",,,2020-03-07 10:26:48,
